1979.388774811773,517876.4547570302,4056065.502914625,36.65,-74.8,58,0.001114608939921409,0,0.008359567049410569,0.06910575427534882,0.2480004891308528,0.3706074725177791,0.200072304711132,0.04681357547581344,0.002786522349748163,0,0.001114608939921409,0.002229217879787459,0.003343826819708868,0.002786522349748163,0.001671913409882114,0.0005573044699607047,0,0,0,0,0,0,0,0,0,0,0,0,0,0,0
1979.388774811773,516414.95392487,4041272.444441155,36.516666667,-74.81666666700001,63,0,0,0.000581350159602502,0.00290675079801251,0.01685915462858328,0.03371830925716656,0.01860320510705863,0.005813501596025021,0.001744050478807506,0,0.000581350159602502,0.000581350159602502,0.000581350159602502,0,0,0,0,0,0,0,0,0,0,0,0,0,0,0,0,0,0
1979.388774811773,516404.3873743117,4046818.687046171,36.566666667,-74.81666666700001,50,0,0,0.00114408178226022,0.00343224534683602,0.03260633079488683,0.1069716466453995,0.1086877693144441,0.03947082148878031,0.00743653158505127,0.00057204089115779,0,0.00343224534683602,0.0114408178226022,0.01544510406070673,0.0057204089115779,0.00057204089115779,0,0,0,0,0,0,0,0,0,0,0,0,0,0,0
1979.388774811773,516397.3360471871,4050516.207952048,36.6,-74.81666666700001,52,0,0,0.002361457233279411,0.01416874339956575,0.05549424498444662,0.0932775607118241,0.0708437170005967,0.02361457233279411,0.01062655754981271,0,0,0,0,0.0005903643082921727,0,0,0,0,0,0,0,0,0,0,0,0,0,0,0,0,0
1979.388774811773,514897.0429785369,4056059.812147878,36.65,-74.833333333,49,0,0,0,0.0005444602133073366,0.003811221493151356,0.01088920426614673,0.008166903199610049,0.003266761279844019,0.0005444602133073366,0,0,0,0,0,0,0,0,0,0,0,0,0,0,0,0,0,0,0,0,0,0
1979.388774811773,520860.3617100578,4054223.44804625,36.633333333,-74.766666667,77,0,0,0,0,0.0005851759899219241,0.0005851759899219241,0.0005851759899219241,0,0,0.0005851759899219241,0.004096231929508828,0.0005851759899219241,0,0,0,0,0.0005851759899219241,0.0005851759899219241,0,0,0,0,0,0,0,0,0,0,0,0,0
1979.388774811773,519378.6737671946,4050522.412789717,36.6,-74.783333333,78,0,0,0,0,0,0,0,0,0,0.0005623394113388477,0.0005623394113388477,0,0,0,0,0,0.0005623394113388477,0,0,0,0,0,0,0,0,0,0,0,0,0,0
1979.388774811773,520878.317680952,4046828.378679712,36.566666667,-74.766666667,79,0,0.001739300519494094,0.002319067359362365,0.002898834199175277,0.001739300519494094,0.002898834199175277,0,0.001159533679681183,0.002319067359362365,0.003478601038988188,0.01043580311707528,0.004638134718669371,0,0,0,0,0,0,0,0,0,0,0,0,0,0,0,0,0,0,0
1979.388774811773,519391.171404404,4044976.135841853,36.55,-74.783333333,77,0,0,0,0.001720195141955495,0.00114679676128521,0.001720195141955495,0,0,0,0,0.002866991903240705,0.0005733983806702848,0,0,0,0,0,0,0,0,0,0,0,0,0,0,0,0,0,0,0
1979.388774811773,517903.3833408674,4043124.15777073,36.533333333,-74.8,75,0,0,0,0,0,0,0,0,0,0.0005786888074113968,0.0005786888074113968,0.0005786888074113968,0,0,0,0,0,0,0,0,0,0,0,0,0,0,0,0,0,0,0
1979.388774811773,514848.7478503935,4083792.106049572,36.9,-74.833333333,55,0,0,0,0.003213776702332735,0.03428028482477179,0.0583836100919905,0.03856532042821426,0.01606888351166368,0.004820665053499103,0.001606888351166368,0.0005356294503887892,0.00642755340488691,0.01124821845799849,0.004285035603110314,0.001606888351166368,0.0005356294503887892,0.001606888351166368,0.001071258900777578,0,0,0,0,0,0,0,0,0,0,0,0,0
1979.388774811773,513392.8774866583,4065301.320893903,36.733333333,-74.84999999999999,49,0,0,0,0.001143556300095252,0.005146003350400953,0.006289559650330125,0.006861337800460792,0.002287112600190504,0,0,0,0.001143556300095252,0.000571778150019946,0.000571778150019946,0,0,0.000571778150019946,0,0,0,0,0,0,0,0,0,0,0,0,0,0
1979.388774811773,510385.0727807614,4091180.964020971,36.966666667,-74.883333333,47,0,0,0,0.00160137619923624,0.01227721752745938,0.01654755405901437,0.01334480166020973,0.006939296863154054,0.004270336531278186,0,0.001067584132805707,0,0.002668960332041946,0.00160137619923624,0.0005337920664305332,0,0.0005337920664305332,0.002135168265666773,0,0,0,0,0,0,0,0,0,0,0,0,0
1979.388774811773,510378.2770631443,4096727.621979388,37.016666667,-74.883333333,48,0,0,0,0,0,0,0.001602063149213954,0,0,0.0005340210497195314,0.0005340210497195314,0.0005340210497195314,0.0005340210497195314,0,0,0.0005340210497195314,0.001068042099494423,0.0005340210497195314,0.0005340210497195314,0,0,0,0,0,0,0,0,0,0,0,0
1979.388774811773,510362.3895698177,4109670.005944405,37.133333333,-74.883333333,48,0,0,0,0.000589246543345832,0.002356986173327968,0.01001719123676842,0.01001719123676842,0.00294623271661844,0,0,0,0,0.000589246543345832,0.000589246543345832,0,0.000589246543345832,0.002356986173327968,0.001767739629982136,0,0.000589246543345832,0,0,0,0,0,0,0,0,0,0,0
1979.388774811773,522141.6644575658,4133729.463475533,37.35,-74.75,56,0,0.0005623007915240582,0,0.003936105540779126,0.007872211081668971,0.008996812664606368,0.001686902374627534,0,0,0.0005623007915240582,0.004498406332303184,0.003936105540779126,0.001124601583048116,0,0.0005623007915240582,0.001124601583048116,0.005623007915240581,0.0005623007915240582,0,0.001124601583048116,0.0005623007915240582,0,0,0,0,0,0,0,0,0,0
1979.388774811773,525021.5983504205,4157775.279389784,37.566666667,-74.716666667,52,0,0,0.0005504421508906803,0.004403537206959364,0.003302652905233362,0.001100884301726001,0.001100884301726001,0,0.0005504421508906803,0.0005504421508906803,0.002752210754342682,0.002752210754342682,0.003853095056068683,0.001100884301726001,0.001651326452616681,0.004403537206959364,0.0005504421508906803,0.001100884301726001,0,0,0,0,0,0,0,0,0,0,0,0,0
1979.388774811773,522043.3967481831,4170710.540822194,37.683333333,-74.75,47,0,0,0.001647683706413359,0.004393823217176104,0.01427992545554554,0.009886102238369438,0.001098455804294026,0.002196911608588052,0.002196911608588052,0.006041506923755542,0.02032143237930108,0.0170260649666958,0.01757529286870442,0.01318146965152831,0.002196911608588052,0.0005492279021193331,0.001098455804294026,0.001098455804294026,0.0005492279021193331,0.0005492279021193331,0,0.0005492279021193331,0,0,0,0,0,0,0,0,0
1979.388774811773,519244.4466668238,4109685.602978318,37.133333333,-74.783333333,69,0,0,0,0,0,0,0,0,0,0,0,0,0,0,0,0,0,0,0,0,0,0,0,0,0,0,0,0,0,0,0
1979.388774811773,516298.0341509587,4102283.678777921,37.066666667,-74.81666666700001,67,0,0,0.00053840936640113,0.002692046832005651,0.006999321762993251,0.0129218247935164,0.00807614049601695,0.00107681873280226,0.002692046832005651,0.00053840936640113,0.00107681873280226,0.0043072749312644,0.002692046832005651,0.00053840936640113,0.00107681873280226,0.00107681873280226,0.00161522809920339,0,0.00053840936640113,0.00107681873280226,0.00107681873280226,0,0,0,0,0,0,0,0,0,0
1979.388774811773,519345.2744092559,4065312.712366627,36.733333333,-74.783333333,66,0,0.0005943101042512378,0.00297155052114547,0.005943101042512378,0.01485775260600415,0.005943101042512378,0.003565860625396707,0.001188620208447116,0,0,0.001782930312698354,0.004160170729647946,0.004754480833843823,0.004160170729647946,0.001188620208447116,0.001782930312698354,0.001782930312698354,0,0,0,0,0,0,0,0,0,0,0,0,0,0
1979.388774811773,539704.8049827969,4165229.068479817,37.633333333,-74.55,60,0,0,0,0.001741610514554104,0,0,0,0.0005805368382031547,0.0005805368382031547,0,0,0.001741610514554104,0.003483221029108208,0.002902684190905053,0.004644294705459157,0.002902684190905053,0.002322147352757259,0,0,0,0,0,0,0,0,0,0,0,0,0,0
1979.388774811773,539722.5340278056,4161530.877818306,37.6,-74.55,63,0.001309688601754689,0.001309688601754689,0.005238754407018757,0.01899048472558139,0.005238754407018757,0.0006548443009050244,0,0.001964532902659714,0.001309688601754689,0.003929065805264068,0.003274221504414403,0.001309688601754689,0.003929065805264068,0.003274221504414403,0.005893598708034502,0.003274221504414403,0.001309688601754689,0.0006548443009050244,0.001309688601754689,0,0,0,0,0,0,0,0,0,0,0,0
1979.388774811773,542712.5039025962,4152300.103650041,37.516666667,-74.516666667,65,0,0.001175794970287664,0.01352164215783758,0.02351589940519969,0.01469743712818061,0.003527384910807633,0.0005878974851161524,0,0.001175794970287664,0.001175794970287664,0.0005878974851161524,0.002351589940519969,0.001763692455403817,0.002351589940519969,0.00529107736621145,0.003527384910807633,0.001175794970287664,0.001763692455403817,0,0,0,0,0,0,0,0,0,0,0,0,0
1979.388774811773,536821.0948441501,4152271.924373469,37.516666667,-74.583333333,63,0,0.002234218934826885,0.0206665251475362,0.02122507988129828,0.01284675887542067,0.003351328402295687,0,0,0,0.002234218934826885,0.0005585547337067212,0.0005585547337067212,0.0005585547337067212,0.001675664201120164,0.003909883136002408,0.001675664201120164,0.002234218934826885,0.002234218934826885,0,0,0,0,0,0,0,0,0,0,0,0,0
1979.388774811773,526587.6177813535,4128195.370491566,37.3,-74.7,59,0,0.001689191355531682,0.001689191355531682,0.005067574066650407,0.001689191355531682,0,0,0,0,0.0005630637851956808,0.001126127570391362,0,0,0,0.001689191355531682,0.001689191355531682,0.001689191355531682,0.0005630637851956808,0.0005630637851956808,0,0,0,0,0,0,0,0,0,0,0,0
1979.388774811773,530805.4553793577,4185531.813788256,37.816666667,-74.65000000000001,48,0,0,0,0,0,0.0005548206590507644,0,0,0,0,0.0005548206590507644,0.001664461977207653,0.002774103295364542,0.001109641318156889,0.004438565272572195,0.002219282636258418,0,0,0,0,0,0,0,0,0,0,0,0,0,0,0
1979.388774811773,538097.2033370245,4194808.405476788,37.9,-74.56666666700001,48,0,0,0,0,0,0,0,0,0,0,0,0.001098940646236473,0.001098940646236473,0.001098940646236473,0.001648410969382389,0,0.0005494703231459162,0.001098940646236473,0.0005494703231459162,0,0.0005494703231459162,0.0005494703231459162,0,0.0005494703231459162,0,0,0,0,0,0,0
1979.388774811773,545423.6339181053,4194845.717052683,37.9,-74.483333333,53,0,0,0,0,0,0,0,0,0,0.000535168919549335,0,0,0,0.000535168919549335,0,0,0.000535168919549335,0.000535168919549335,0.000535168919549335,0,0.000535168919549335,0,0.00107033783915403,0,0,0,0,0,0,0,0
1979.388774811773,545403.1390874715,4198544.104285434,37.933333333,-74.483333333,53,0,0,0,0,0,0.000590644412502725,0,0.000590644412502725,0,0,0,0,0,0.000590644412502725,0.000590644412502725,0.000590644412502725,0,0.00118128882495009,0.000590644412502725,0,0.00118128882495009,0,0,0,0,0,0,0,0,0,0
1979.388774811773,559940.8322371996,4213432.262546374,38.066666667,-74.31666666700001,53,0,0,0,0,0.0005454143840747275,0,0.0005454143840747275,0,0,0,0,0.001090828768149455,0.001090828768149455,0.0005454143840747275,0.0005454143840747275,0.0005454143840747275,0.003272486304393005,0.00436331507254246,0.001636243152224182,0.001090828768149455,0.001090828768149455,0.0005454143840747275,0,0,0,0,0,0,0,0,0
1979.388774811773,568603.514410502,4226446.46707706,38.183333333,-74.216666667,54,0,0,0.0005404776336487619,0.002161910534705767,0,0,0,0,0.0005404776336487619,0.0005404776336487619,0.0005404776336487619,0.002702388168354529,0,0.001621432901001645,0,0.002702388168354529,0,0.001621432901001645,0,0.001080955267352884,0.0005404776336487619,0,0,0,0,0,0,0,0,0,0
1979.388774811773,565639.2543932146,4231970.23146533,38.233333333,-74.25,44,0,0,0,0,0,0,0,0,0,0.0005381412327299456,0.001076282465459891,0.002690706163705087,0.003228847396435033,0.001076282465459891,0.002152564930975142,0.001076282465459891,0,0.001614423698189837,0.001076282465459891,0.0005381412327299456,0.0005381412327299456,0.0005381412327299456,0,0,0,0,0,0,0,0,0
1979.388774811773,562693.2746540653,4235645.750987615,38.266666667,-74.283333333,51,0,0,0,0,0,0,0.001650596615366087,0.001100397743577392,0.004401590974364926,0.00385139210257623,0.003301193230787534,0.004951789846153622,0.002750994358998839,0.001650596615366087,0.002750994358998839,0.003301193230787534,0.002200795487210143,0.0005501988717886958,0,0,0,0,0,0,0,0,0,0,0,0,0
1979.388774811773,562650.2706092257,4241193.732899029,38.316666667,-74.283333333,51,0,0,0,0,0,0.0005501988717886958,0,0.0005501988717886958,0.001100397743577392,0.002750994358998839,0.00385139210257623,0.001100397743577392,0.0005501988717886958,0.0005501988717886958,0.0005501988717886958,0.001100397743577392,0.002200795487210143,0.0005501988717886958,0,0.001100397743577392,0,0,0,0,0,0,0,0,0,0,0
1979.388774811773,562607.2186855333,4246741.761492152,38.366666667,-74.283333333,48,0,0,0,0,0,0,0,0,0,0.0005658401250265469,0,0.0005658401250265469,0,0,0.0005658401250265469,0.001131680250053094,0,0.0005658401250265469,0.0005658401250265469,0.001131680250053094,0.0005658401250265469,0,0,0,0,0,0,0,0,0,0
1979.388774811773,568478.2839448139,4241241.035064138,38.316666667,-74.216666667,52,0,0,0,0,0.001111623043794712,0,0,0,0.002223246087589424,0.002223246087589424,0.005558115218973561,0.0122278534815204,0.01111623043794712,0.001111623043794712,0.001111623043794712,0.001667434565692068,0.0005558115218973561,0,0,0,0,0,0,0,0,0,0,0,0,0,0
1979.388774811773,581777.846820672,4222869.511356801,38.15,-74.06666666700001,71,0,0.002802834329858032,0.007847936123580344,0.03475514569006244,0.02858891016435263,0.009529636721450876,0.0005605668659937501,0,0,0.0005605668659937501,0.0005605668659937501,0,0.001121133731932141,0.0005605668659937501,0.0005605668659937501,0,0,0,0,0,0,0,0,0,0,0,0,0,0,0,0
1979.388774811773,577414.4151972933,4220977.305474977,38.133333333,-74.116666667,71,0,0.00109949973639157,0.01649249604615035,0.05277598734745968,0.03628349130130933,0.02528849393739364,0.006047248550402754,0.001649249604615035,0.000549749868223465,0.00329849920923007,0.00769649815490707,0.001649249604615035,0.0021989994728385,0.002748749341006605,0.00329849920923007,0.003848249077453535,0.000549749868223465,0.000549749868223465,0,0,0,0,0,0,0,0,0,0,0,0,0
1979.388774811773,574526.9355924529,4217251.442962945,38.1,-74.15000000000001,73,0,0,0.002289375519794639,0.01888734803826425,0.02747250623742495,0.01030218983910356,0,0,0.0005723438799624996,0,0,0.0005723438799624996,0.0005723438799624996,0,0.0005723438799624996,0.001144687759924999,0.001717031639832139,0.001144687759924999,0,0,0,0,0,0,0,0,0,0,0,0,0
1979.388774811773,565803.7190719882,4211628.107878386,38.05,-74.25,58,0,0,0,0.0005363217346614359,0.001608965204039668,0.001072643469378232,0,0,0,0,0,0,0.0005363217346614359,0,0.001072643469378232,0.0005363217346614359,0.0005363217346614359,0.0005363217346614359,0.0005363217346614359,0,0,0,0,0,0,0,0,0,0,0,0
1979.388774811773,557120.1894862866,4198617.441134347,37.933333333,-74.34999999999999,63,0,0,0,0,0.001074959054218205,0,0,0,0,0,0,0,0,0,0,0,0,0.002687397635490152,0.001612438581327307,0,0.001074959054218205,0.0005374795271091023,0,0,0,0,0,0,0,0,0
1979.388774811773,555680.677468007,4194908.951299066,37.9,-74.366666667,61,0,0,0,0,0.0005370158108169596,0,0,0,0,0.0005370158108169596,0.001611047432395519,0.001074031621578559,0,0,0,0.0005370158108169596,0.001074031621578559,0.001611047432395519,0.003222094864735678,0.0005370158108169596,0,0,0,0,0,0,0,0,0,0,0
1979.388774811773,554276.4566583447,4185653.215423925,37.816666667,-74.383333333,67,0,0.00107681873280226,0.00161522809920339,0.0139986435265401,0.0107681873280226,0.00107681873280226,0,0,0.002692046832005651,0.00107681873280226,0.00053840936640113,0.00161522809920339,0.00323045619840678,0.00484568429766553,0.00592250303052315,0.002692046832005651,0.00053840936640113,0.00323045619840678,0.00161522809920339,0,0,0,0,0,0,0,0,0,0,0,0
1979.388774811773,552868.8231619071,4176397.885250691,37.733333333,-74.40000000000001,66,0,0,0.004538908592465564,0.01815563436997298,0.03047552912120401,0.00778098615832259,0,0.0006484155131935492,0.001296831026442458,0.002593662052829557,0.0006484155131935492,0.002593662052829557,0.0006484155131935492,0.001945246539636007,0.005187324105714473,0.002593662052829557,0.002593662052829557,0.0006484155131935492,0,0,0,0,0,0,0,0,0,0,0,0,0
1979.388774811773,547026.0482952639,4170814.93892565,37.683333333,-74.466666667,68,0,0.002261460962757183,0.008480478610339435,0.006219017647471534,0.002261460962757183,0.002261460962757183,0,0,0.0005653652406892957,0.0005653652406892957,0,0.002261460962757183,0.006219017647471534,0.003957556684880429,0.008480478610339435,0.003957556684880429,0.0005653652406892957,0.001130730481378591,0.0005653652406892957,0,0,0,0,0,0,0,0,0,0,0,0
1979.388774811773,545444.113322843,4191147.350648219,37.866666667,-74.483333333,56,0,0,0,0,0,0,0,0,0,0,0,0.0005358600131454827,0.0005358600131454827,0,0,0,0,0,0,0,0,0,0.0005358600131454827,0,0,0,0,0,0,0,0
1979.388774811773,583143.3950225067,4232130.950015279,38.233333333,-74.05,70,0,0,0,0,0.000583256801040795,0.001749770403067025,0,0,0,0,0.000583256801040795,0,0,0,0.00116651360202623,0.00233302720410782,0.003499540806134051,0.00116651360202623,0.000583256801040795,0,0,0,0,0,0,0,0,0,0,0,0
1979.388774811773,577220.3452292969,4241319.873456483,38.316666667,-74.116666667,59,0,0,0,0.0005630637851956808,0.0005630637851956808,0.001689191355531682,0.0005630637851956808,0,0.0005630637851956808,0.001689191355531682,0.003941446496259046,0.0005630637851956808,0,0,0.001126127570391362,0.002252255140727363,0.003378382711118725,0.001126127570391362,0.002815318925923044,0.0005630637851956808,0,0,0,0,0,0,0,0,0,0,0
1979.388774811773,574187.0836388582,4254238.110653729,38.433333333,-74.15000000000001,55,0,0,0,0,0.0005851341698734051,0,0,0,0,0,0,0,0,0.00117026833969145,0.0005851341698734051,0,0.0005851341698734051,0,0.00117026833969145,0,0,0,0.0005851341698734051,0,0,0,0,0,0,0,0
1979.388774811773,568321.2226197617,4259734.710302725,38.483333333,-74.216666667,53,0,0,0,0,0.0005454143840747275,0,0,0,0,0,0,0,0,0.00218165753624355,0,0,0,0.00218165753624355,0,0.001636243152224182,0.001636243152224182,0.0005454143840747275,0,0,0,0,0,0,0,0,0
1979.388774811773,574101.726481951,4263485.099840689,38.516666667,-74.15000000000001,48,0,0,0,0,0,0,0,0,0,0,0.0005390733649655249,0,0.001617220094841215,0,0,0.0005390733649655249,0,0.00107814672987569,0.001617220094841215,0.0005390733649655249,0,0,0,0,0,0,0,0,0,0,0
1979.388774811773,588631.7943719628,4263632.510610448,38.516666667,-73.983333333,55,0,0,0,0.0005620469196196422,0,0,0,0,0,0,0,0,0,0,0,0.0005620469196196422,0,0.003934328437448216,0.001124093839239284,0,0.001686140758914287,0.0005620469196196422,0,0,0,0,0,0,0,0,0
1979.388774811773,585705.9962173643,4265450.350888907,38.533333333,-74.016666667,48,0,0,0,0,0,0.000560276214818601,0,0,0,0,0,0,0,0,0,0.000560276214818601,0.002801381073982285,0.002801381073982285,0.004482209718382729,0.000560276214818601,0.001120552429581842,0.001680828644400443,0,0.000560276214818601,0,0,0,0,0,0,0
1979.388774811773,584175.5028524637,4272832.70815497,38.6,-74.033333333,52,0,0,0,0,0,0,0,0,0,0,0,0,0,0,0,0,0,0,0,0.0005451755279915993,0.0005451755279915993,0.0005451755279915993,0.0005451755279915993,0,0,0,0,0,0,0,0
1979.388774811773,588468.0459598436,4278428.119033697,38.65,-73.983333333,50,0,0,0,0,0,0,0,0,0,0,0,0,0,0,0.0005607809909598168,0.001121561981919634,0.001121561981919634,0,0.00168234297287945,0,0.0005607809909598168,0,0,0,0,0,0,0,0,0,0
1979.388774811773,597237.5643514027,4272980.880502669,38.6,-73.883333333,53,0,0,0,0,0,0,0,0,0,0,0,0,0.001112119581692398,0,0.002224239163384796,0.001112119581692398,0,0.0005560597908461991,0.001668179372538597,0.0005560597908461991,0,0,0,0,0,0,0,0,0,0,0
1979.388774811773,600070.7388350511,4278565.152226,38.65,-73.84999999999999,52,0,0,0,0,0,0,0,0,0,0,0,0,0,0.001100884301726001,0.0005504421508906803,0.001651326452616681,0.001100884301726001,0.001100884301726001,0.001100884301726001,0.001651326452616681,0,0,0,0,0,0,0,0,0,0,0
1979.388774811773,623419.2061424733,4269642.236866214,38.566666667,-73.583333333,68,0,0.008618277266229787,0.05386423291448977,0.0549415175724917,0.126042305019441,0.05709608689070993,0.002154569316557447,0.001615926987445765,0.001615926987445765,0.002693211645724489,0.002154569316557447,0.004847780962281935,0.003770496304003212,0.001615926987445765,0.003770496304003212,0,0.0005386423291670416,0,0,0,0,0,0,0,0,0,0,0,0,0,0
1979.388774811773,605994.6803200993,4269392.561412707,38.566666667,-73.783333333,57,0,0,0.0005360907744774322,0.001072181549010224,0,0.002144363098020448,0,0,0,0,0,0,0,0.0005360907744774322,0.002144363098020448,0.003216544646975313,0.001608272323487657,0.001608272323487657,0.001072181549010224,0.0005360907744774322,0,0,0,0,0,0,0,0,0,0,0
1979.388774811773,606043.6376205201,4265693.622910825,38.533333333,-73.783333333,59,0,0,0.001609658681867518,0.001073105787893225,0.0005365528939742925,0.003755870257653968,0,0,0,0,0.001609658681867518,0.001609658681867518,0.0005365528939742925,0.0005365528939742925,0.0005365528939742925,0,0.001609658681867518,0.001073105787893225,0,0,0,0,0,0,0,0,0,0,0,0,0
1979.388774811773,614786.3638399621,4263964.207792335,38.516666667,-73.68333333299999,66,0,0.000564852181739989,0.003953965272069203,0.007907930544027686,0.005648521817399889,0,0,0,0,0,0,0,0,0.000564852181739989,0.001694556545164607,0,0,0.000564852181739989,0,0,0,0,0,0,0,0,0,0,0,0,0
1979.388774811773,609099.7210092398,4254635.86417017,38.433333333,-73.75,67,0,0,0.0005651085947655063,0.003955760163303185,0.008476628921482597,0.003955760163303185,0,0,0,0,0,0,0,0,0,0,0,0,0,0,0,0,0,0,0,0,0,0,0,0,0
1979.388774811773,591748.5262637998,4245171.057311109,38.35,-73.95,61,0,0,0,0,0,0.00507216239102013,0,0,0,0,0,0,0,0.001127147198029078,0,0.001690720796988257,0.001690720796988257,0.003381441594031873,0,0.001127147198029078,0.0005635735990145388,0,0,0,0,0,0,0,0,0,0
1979.388774811773,585962.4614730496,4241408.174607359,38.316666667,-74.016666667,67,0,0,0,0,0,0,0.0005651085947655063,0,0,0,0,0,0,0,0,0,0,0,0.001130217189531013,0.0005651085947655063,0,0,0,0,0,0,0,0,0,0,0
1979.388774811773,580097.6718289526,4245046.979119151,38.35,-74.083333333,61,0,0,0,0,0,0,0,0.0005473327940448308,0,0,0,0,0,0.0005473327940448308,0,0,0,0,0,0,0,0,0,0,0,0,0,0,0,0,0
1979.388774811773,580042.5621333367,4250595.102792887,38.4,-74.083333333,59,0,0,0,0,0.0005575540747391887,0,0,0,0,0,0.0005575540747391887,0.0005575540747391887,0.0005575540747391887,0.0005575540747391887,0,0.001115108149478377,0.0005575540747391887,0.002787770373640584,0.002230216298901395,0,0,0,0,0,0,0,0,0,0,0,0
1979.388774811773,591580.0294399679,4259966.292540127,38.483333333,-73.95,53,0,0,0.0005402430810628905,0,0,0,0.0005402430810628905,0,0,0,0.0005402430810628905,0,0,0,0,0,0.001620729243133312,0.001620729243133312,0,0,0,0,0,0,0,0,0,0,0,0,0
1979.388774811773,593033.7187155258,4259983.003904366,38.483333333,-73.93333333299999,53,0,0,0,0,0.0005671290243095089,0,0,0,0,0,0,0,0.0005671290243095089,0,0.001134258048674377,0.001701387072983886,0.0005671290243095089,0,0.001701387072983886,0,0,0,0.0005671290243095089,0,0,0,0,0,0,0,0
1979.388774811773,603042.97166991,4273053.586044143,38.6,-73.81666666700001,55,0,0,0,0.001135292459345829,0.0005676462297005941,0,0,0,0,0,0,0,0,0.001702938689046423,0.0005676462297005941,0.0005676462297005941,0.0005676462297005941,0.001702938689046423,0,0,0,0,0,0,0,0,0,0,0,0,0
1979.388774811773,619731.4677132269,4321385.989401705,39.033333333,-73.616666667,50,0,0,0,0,0.0005395406430456194,0,0.0005395406430456194,0,0,0,0,0,0,0,0,0,0,0,0,0,0.0005395406430456194,0,0.0005395406430456194,0,0,0,0,0,0,0,0
1979.388774811773,622501.3712959231,4328829.023517965,39.1,-73.583333333,46,0,0,0,0,0,0,0.001695978612546058,0,0,0,0,0,0,0,0,0,0,0,0.0005653262041820192,0.0005653262041820192,0,0,0,0,0,0,0,0,0,0,0
1979.388774811773,647848.1153334738,4360722.48112113,39.383333333,-73.283333333,53,0,0,0,0.0005560597908461991,0,0,0,0,0,0.0005560597908461991,0,0,0,0.0005560597908461991,0.001668179372538597,0.002224239163384796,0.004448478326824952,0.002224239163384796,0,0,0,0,0,0,0,0,0,0,0,0,0
1979.388774811773,622789.3427557858,4310332.605894996,38.933333333,-73.583333333,44,0,0,0,0.001066212586301986,0.001066212586301986,0.001599318879425299,0.001599318879425299,0,0,0,0,0.001066212586301986,0,0.000533106293123313,0,0,0.000533106293123313,0,0,0.002665531465671925,0.002665531465671925,0,0,0,0,0,0,0,0,0,0
1979.388774811773,636817.2274433745,4334616.155769434,39.15,-73.416666667,56,0,0,0,0,0,0,0,0,0,0,0,0,0,0,0,0,0,0.001135810372510721,0.0005679051862830404,0.0005679051862830404,0,0,0,0,0,0,0,0,0,0,0
1979.388774811773,648023.8419388562,4351473.523982094,39.3,-73.283333333,51,0,0,0,0,0,0,0,0,0,0,0.0005397745859550781,0,0,0,0.0005397745859550781,0.001079549171965516,0.0005397745859550781,0.004318196687806704,0.002159098343931032,0.001079549171965516,0.0005397745859550781,0,0,0,0,0,0,0,0,0,0
1979.388774811773,611569.9664050688,4286117.137307127,38.716666667,-73.716666667,53,0,0,0,0,0,0,0,0,0,0,0,0,0,0.0005671290243095089,0.001701387072983886,0.0005671290243095089,0.002268516097348755,0.001701387072983886,0,0.001134258048674377,0,0,0,0,0,0,0,0,0,0,0
1979.388774811773,623018.969252578,4295535.829953069,38.8,-73.583333333,51,0,0,0,0,0,0.002724684405010353,0,0,0,0,0,0,0.0005449368810020704,0,0,0,0.001634810643006211,0.002179747524008282,0.002724684405010353,0.0005449368810020704,0.001089873762004141,0.0005449368810020704,0,0,0,0,0,0,0,0,0
1979.388774811773,679728.3369764416,4348438.187962554,39.266666667,-72.916666667,71,0.001155229553205994,0.01039706597846643,0.02714789450003638,0.01097468075526318,0.000577614776575317,0,0,0,0.001155229553205994,0.01559559896797644,0.009819451202223268,0.01155229553205994,0.007508992095589842,0.002310459106356628,0.000577614776575317,0,0,0,0,0,0,0,0,0,0,0,0,0,0,0,0
1979.388774811773,669743.1110253227,4344513.295478466,39.233333333,-73.033333333,71,0,0.001155229553205994,0.002310459106356628,0.001155229553205994,0,0,0,0,0.001155229553205994,0,0.002888073882987305,0.009241836425426513,0.008086606872386598,0.004043303436193299,0.006931377319346683,0.002888073882987305,0.001155229553205994,0,0,0,0,0,0,0,0,0,0,0,0,0,0
1979.388774811773,657276.9658169199,4320196.092244052,39.016666667,-73.18333333299999,67,0,0.0043072749312644,0.02099796528953335,0.04576479614464965,0.03068933388508585,0.00484568429766553,0,0,0,0,0.00053840936640113,0.0043072749312644,0.0096913685955525,0.006999321762993251,0.005384093664066661,0.00161522809920339,0.00053840936640113,0,0,0,0,0,0,0,0,0,0,0,0,0,0
1979.388774811773,651576.080999871,4316383.556208369,38.983333333,-73.25,76,0,0,0.0005405133138633053,0,0,0,0,0,0,0,0,0,0.001081026627726611,0.001081026627726611,0.001621539941534556,0.0005405133138633053,0.0005405133138633053,0,0,0,0,0,0,0,0,0,0,0,0,0,0
1979.388774811773,646074.5753242077,4301477.38672007,38.85,-73.31666666700001,72,0.003299956501713943,0.04069946352113864,0.1501480208277076,0.1754476873402943,0.08799884004570516,0.01319982600685577,0.0005499927502856572,0.0005499927502856572,0.0005499927502856572,0.0005499927502856572,0.002199971001142629,0.008799884004570515,0.009899869505141832,0.008799884004570515,0.007149905753990342,0.002199971001142629,0,0,0,0,0,0,0,0,0,0,0,0,0,0,0
1979.388774811773,637492.546673735,4295773.315891945,38.8,-73.416666667,68,0,0,0.001189756198361386,0.004759024793390184,0.003569268595028798,0,0,0,0,0,0.000594878099180693,0.001189756198361386,0.004759024793390184,0.006543659090876904,0.005353902892515519,0.002974390495848106,0.000594878099180693,0,0,0,0,0,0,0,0,0,0,0,0,0,0
1979.388774811773,634754.4728891733,4286475.761249667,38.716666667,-73.45,70,0,0.007145366170296371,0.05894927090134667,0.1077759397296754,0.06490374270900431,0.03572683085037465,0.001786341542518733,0.0005954471808211244,0.001786341542518733,0.0005954471808211244,0.0005954471808211244,0.001786341542518733,0.00416813026585859,0.003572683085037466,0.006549918988977009,0.002381788723339857,0.0005954471808211244,0,0,0,0,0,0,0,0,0,0,0,0,0,0
1979.388774811773,630073.4379295207,4306748.913084963,38.9,-73.5,61,0,0,0,0,0.0005526413824777312,0,0,0,0,0,0,0,0,0,0,0.0005526413824777312,0,0.001105282764955462,0,0,0,0,0,0,0,0,0,0,0,0,0
1979.388774811773,625737.4555078668,4306678.801836789,38.9,-73.55,51,0,0,0,0.0005666127606423367,0.001133225521229314,0.003399676563743301,0.002833063803156324,0,0,0,0,0,0,0,0,0,0.0005666127606423367,0.004532902085027974,0.002833063803156324,0.002266451042513987,0.002266451042513987,0.0005666127606423367,0,0,0,0,0,0,0,0,0
1979.388774811773,636978.483424342,4325367.664782268,39.066666667,-73.416666667,57,0,0,0,0,0,0.0005856847527921742,0,0,0,0,0,0.0005856847527921742,0,0,0.001171369505584348,0.005271162775129569,0.002342739011168697,0.002928423763960871,0.001171369505584348,0,0,0,0,0,0,0,0,0,0,0,0
1979.388774811773,642578.2727520878,4334718.812500519,39.15,-73.34999999999999,57,0,0,0,0,0,0,0,0,0,0,0,0,0,0.0005917674921466636,0.0005917674921466636,0.001775302476495351,0.002367069968697374,0.002958837460844038,0.001183534984348687,0,0,0,0,0,0,0,0,0,0,0,0
1979.388774811773,651326.8999970532,4329331.535067526,39.1,-73.25,66,0,0,0,0,0,0,0,0,0,0,0,0.0005485386684984974,0,0.00219415467393863,0.00219415467393863,0.001645616005440133,0,0,0,0,0,0,0,0,0,0,0,0,0,0,0
1979.388774811773,656906.9532998595,4338693.51143716,39.183333333,-73.18333333299999,66,0,0,0,0.0005881752528150664,0,0,0,0,0.001176350505630133,0,0.001764525758445199,0.0005881752528150664,0.003529051516945758,0.002940876264130692,0.002352701011260266,0.004117226769760824,0,0,0,0,0,0,0,0,0,0,0,0,0,0,0
1979.388774811773,651041.3507495191,4344129.513693702,39.233333333,-73.25,61,0,0,0,0.001149894122015508,0,0,0,0,0,0,0,0,0.002299788243975657,0.002299788243975657,0.003449682365991166,0.005749470610077543,0.006324417670863859,0.00402462942694356,0,0,0,0,0,0,0,0,0,0,0,0,0
1979.388774811773,663599.8610037311,4362888.652232188,39.4,-73.09999999999999,62,0,0,0,0,0.003486472796244295,0,0,0,0.001162157598748098,0,0.002324315197496197,0.001743236398094468,0.008716181990472339,0.006972945592488591,0.005229709194338763,0.004067551595590664,0.001162157598748098,0,0,0,0,0,0,0,0,0,0,0,0,0,0
1979.388774811773,620375.7495159728,4278845.56001922,38.65,-73.616666667,60,0,0,0,0.001610352757690883,0.005367842525654731,0.003757489767963848,0.001610352757690883,0,0.000536784252582081,0.000536784252582081,0.003220705515381766,0.003220705515381766,0.002683921262855045,0.000536784252582081,0.004294274020545929,0.001073568505108802,0.001073568505108802,0.001073568505108802,0,0,0,0,0,0,0,0,0,0,0,0,0
1979.388774811773,666207.5141573808,4307425.670546226,38.9,-73.083333333,78,0,0,0,0,0,0,0,0,0.004184141061834717,0.00956375099876406,0.01613882980979155,0.004781875499271311,0.0005977344373812339,0,0,0,0,0,0,0,0,0,0,0,0,0,0,0,0,0,0
1979.388774811773,657829.4796316307,4292450.857177475,38.766666667,-73.18333333299999,83,0,0,0,0,0,0,0,0,0,0.001224090054125011,0.001224090054125011,0,0,0,0,0,0,0,0,0,0,0,0,0,0,0,0,0,0,0,0
1979.388774811773,678585.7649428068,4335456.413899739,39.15,-72.93333333299999,84,0,0,0,0,0,0,0,0,0,0,0,0,0,0,0,0,0,0,0,0,0,0,0,0,0,0,0,0,0,0,0
1979.388774811773,668821.1312797499,4320435.067378099,39.016666667,-73.05,77,0.021508112514419,0.005377028128549389,0.001194895139696095,0,0,0,0,0,0.002987237849212558,0.007169370837955132,0.01254639896683668,0.008961713547582314,0.005377028128549389,0.001194895139696095,0,0,0,0,0,0,0,0,0,0,0,0,0,0,0,0,0
1979.388774811773,654680.5829697633,4305341.459470656,38.883333333,-73.216666667,85,0,0,0,0,0,0,0,0,0,0,0,0,0,0.0005426337690354129,0,0,0,0,0,0,0,0,0,0,0,0,0,0,0,0,0
1979.388774811773,630679.5223170866,4269757.467618541,38.566666667,-73.5,80,0.009033036831415485,0.02869317581760024,0.03985163307996958,0.02603640027904633,0.007970326616215355,0.001062710215476927,0.001062710215476927,0.002125420430953854,0.001062710215476927,0.0005313551077107839,0.002125420430953854,0.005313551077329277,0.002656775538664639,0.001062710215476927,0,0,0,0,0,0,0,0,0,0,0,0,0,0,0,0,0
1979.388774811773,628321.9259360407,4412185.374230163,39.85,-73.5,37,0,0,0,0,0.0005416176276196535,0.001083235255294667,0,0,0,0,0,0,0,0,0,0.0005416176276196535,0.001083235255294667,0,0.0005416176276196535,0.002166470510589334,0.0005416176276196535,0.001083235255294667,0,0,0,0,0,0,0,0,0
1979.388774811773,634958.4600040463,4440057.631222427,40.1,-73.416666667,41,0,0,0,0.00111703326395143,0.00111703326395143,0.001675549895954825,0,0,0,0,0,0,0,0,0,0,0.00111703326395143,0.00111703326395143,0.0005585166320033949,0.001675549895954825,0.00111703326395143,0.0005585166320033949,0,0,0,0,0,0,0,0,0
1979.388774811773,605124.6303858344,4439585.186785507,40.1,-73.766666667,29,0,0,0,0.001100323802998612,0.002200647605941865,0.0005501619014716263,0,0,0.001100323802998612,0.001100323802998612,0.001650485704470239,0.0005501619014716263,0,0.001100323802998612,0,0,0.001100323802998612,0,0.0005501619014716263,0,0,0,0,0,0,0,0.0005501619014716263,0,0,0,0
1979.388774811773,603653.3585120942,4443265.511369402,40.133333333,-73.783333333,30,0,0,0,0,0,0,0,0,0.001090278459316577,0.001635417688947185,0.0005451392296306086,0.001090278459316577,0.001635417688947185,0,0.0005451392296306086,0.002180556918577794,0.001635417688947185,0.001090278459316577,0.0005451392296306086,0.0005451392296306086,0.0005451392296306086,0,0,0.001090278459316577,0.0005451392296306086,0,0,0,0,0,0
1979.388774811773,667304.188330657,4390728.869433611,39.65,-73.05,55,0,0,0,0,0.0005733582269488356,0.0005733582269488356,0,0,0,0.0005733582269488356,0,0.0005733582269488356,0.001146716453953031,0,0.0005733582269488356,0.0005733582269488356,0.0005733582269488356,0.0005733582269488356,0,0.0005733582269488356,0,0,0,0,0,0,0,0,0,0,0
1979.388774811773,664365.0524736281,4394367.112428908,39.683333333,-73.083333333,50,0,0,0,0,0.000555315648482189,0.000555315648482189,0,0,0,0,0.001110631296964378,0.001665946945446567,0,0,0.002221262593928756,0.001110631296964378,0.001110631296964378,0.000555315648482189,0.000555315648482189,0.001110631296964378,0.000555315648482189,0,0,0,0,0,0,0,0,0,0
1979.388774811773,669959.7308688159,4400041.262322726,39.733333333,-73.016666667,52,0,0,0,0,0.0005612866774913537,0.003929006742494835,0.001683860032474061,0.0005612866774913537,0,0,0,0,0,0,0.002245146709965415,0.001122573354982707,0.0005612866774913537,0.001122573354982707,0,0.0005612866774913537,0.001683860032474061,0.0005612866774913537,0,0,0,0,0,0,0,0,0
1979.388774811773,664127.6179370028,4405466.770915538,39.783333333,-73.083333333,52,0,0,0,0,0.004403537206959364,0.004953979357850045,0.006054863659576044,0.0005504421508906803,0,0.0005504421508906803,0.0005504421508906803,0.0005504421508906803,0.0005504421508906803,0,0.0005504421508906803,0.004953979357850045,0.006605305810245285,0.003853095056068683,0.002752210754342682,0.002201768603452002,0,0,0,0,0,0,0,0,0,0,0
1979.388774811773,661311.9523898836,4403556.22761358,39.766666667,-73.116666667,47,0,0,0,0,0,0,0,0,0,0,0,0.001131166095701338,0.001131166095701338,0,0,0.001131166095701338,0.001696749143552006,0.002262332191402675,0.003959081334954682,0.002827915239253344,0.001131166095701338,0,0,0,0,0,0,0,0,0,0
1979.388774811773,651062.7709846053,4416302.132010927,39.883333333,-73.233333333,51,0,0,0.001111126949051451,0.003888944321763119,0.004444507796316523,0.003888944321763119,0.001111126949051451,0.004444507796316523,0.006111198220142821,0.005000071270869931,0.004444507796316523,0.005000071270869931,0.002222253898158262,0.002777817372711668,0.001111126949051451,0.003888944321763119,0.001666690423604857,0.002222253898158262,0.002777817372711668,0,0,0,0,0,0,0,0,0,0,0,0
1979.388774811773,649710.0309832224,4412574.177613351,39.85,-73.25,46,0,0,0.00110865310261131,0.002771632756555954,0.003880285859167264,0.001662979653944644,0.002217306205222619,0.008314898269723222,0.006097592064500603,0.009423551372057734,0.01995575584700357,0.01385816378250297,0.008314898269723222,0.004988938961778574,0.002771632756555954,0.002771632756555954,0.003325959307833929,0.001662979653944644,0.0005543265513333347,0,0,0,0,0,0,0,0,0,0,0,0
1979.388774811773,646751.6178788902,4418068.71814041,39.9,-73.283333333,49,0,0,0.0005550680434069082,0.002220272173682992,0.004995612390772893,0.001110136086869176,0.002775340217089901,0.006105748477531349,0.006660816520993618,0.004995612390772893,0.01054629282522949,0.008881088694842689,0.004995612390772893,0.002775340217089901,0.002775340217089901,0.006105748477531349,0.002775340217089901,0.002775340217089901,0.001665204130276084,0.002220272173682992,0.001110136086869176,0.0005550680434069082,0,0,0,0,0,0,0,0,0
1979.388774811773,640949.6366537719,4423511.128142201,39.95,-73.34999999999999,54,0,0,0,0,0.000556308281676733,0,0,0,0,0.000556308281676733,0,0,0,0,0,0,0,0,0,0,0,0,0,0,0,0,0,0,0,0,0
1979.388774811773,633602.9431844864,4436332.503473405,40.066666667,-73.43333333299999,49,0,0,0,0,0,0,0,0,0.0005393069027526747,0,0,0,0,0,0,0,0,0,0,0,0,0,0,0,0,0,0,0,0,0,0
1979.388774811773,625013.7632730278,4439887.09703841,40.1,-73.533333333,50,0,0,0,0.00104927426141569,0,0.0005246371307078448,0.0005246371307078448,0,0,0,0,0,0,0,0.0005246371307078448,0,0,0,0.0005246371307078448,0,0.0005246371307078448,0.0005246371307078448,0.0005246371307078448,0,0,0,0,0,0,0,0
1979.388774811773,622232.049227732,4436140.843068217,40.066666667,-73.56666666700001,43,0,0,0,0.001151941328660488,0.0005759706643025641,0,0,0,0,0,0,0,0,0.0005759706643025641,0.001151941328660488,0,0.001151941328660488,0.0005759706643025641,0.0005759706643025641,0,0.0005759706643025641,0.0005759706643025641,0,0,0,0,0,0,0,0,0
1979.388774811773,609252.9724297086,4448895.295436042,40.183333333,-73.716666667,63,0,0,0,0,0,0,0,0,0,0,0,0,0,0,0,0,0,0,0,0,0,0,0,0,0,0,0,0,0,0,0
1979.388774811773,603450.4793573408,4458065.283644751,40.266666667,-73.783333333,55,0,0,0,0,0,0,0,0,0,0,0,0,0,0,0,0,0,0,0,0,0,0,0,0,0,0,0,0,0,0,0
1979.388774811773,680174.7844451827,4391019.251403008,39.65,-72.90000000000001,64,0,0,0.001644167044923767,0.002192222726583476,0.001096111363264058,0,0,0,0.001096111363264058,0.0005480556816597089,0.0005480556816597089,0.001096111363264058,0.001096111363264058,0.001096111363264058,0.002192222726583476,0.001644167044923767,0.001644167044923767,0.001096111363264058,0,0,0,0,0,0,0,0,0,0,0,0,0
1979.388774811773,684465.0337855197,4391120.830793555,39.65,-72.84999999999999,65,0,0.001583924250344145,0.00316784850074365,0.003695823250858365,0.002111899000458861,0,0,0.001583924250344145,0.005279747501202511,0.00316784850074365,0.005807722251151147,0.007391646501716731,0.007919621251720728,0.00316784850074365,0.002111899000458861,0.002639873750628935,0.00105594950022943,0,0,0,0,0,0,0,0,0,0,0,0,0,0
1979.388774811773,684686.4236839161,4381871.040260172,39.566666667,-72.84999999999999,61,0,0,0.0005928948509295895,0.001185789701914539,0.001185789701914539,0.0005928948509295895,0,0.0005928948509295895,0.0005928948509295895,0.001185789701914539,0.003557369105688257,0.007707633062250743,0.003557369105688257,0.006521843360280844,0.004743158807547435,0.0005928948509295895,0,0,0,0,0,0,0,0,0,0,0,0,0,0,0
1979.388774811773,687550.0411326522,4381940.050868877,39.566666667,-72.81666666700001,64,0,0,0.001139970751648117,0.0005699853757963787,0.001139970751648117,0,0,0,0,0.0005699853757963787,0.002849926879092613,0.01025973676455625,0.007409809885851159,0.008549780637222478,0.002279941503296234,0.001139970751648117,0,0,0,0,0,0,0,0,0,0,0,0,0,0,0
1979.388774811773,703446.1901205671,4376788.635213281,39.516666667,-72.633333333,78,0,0,0,0,0,0,0,0,0,0.0005915290550811298,0.005323761495564089,0.005915290550811298,0.003549174330376059,0.002366116220269159,0.0005915290550811298,0,0,0,0,0,0,0,0,0,0,0,0,0,0,0,0
1979.388774811773,707744.8338650032,4376902.877633404,39.516666667,-72.583333333,85,0,0,0,0,0,0,0,0,0,0,0.001709292496302451,0.001139528330905207,0.0005697641654526037,0,0,0,0,0,0,0,0,0,0,0,0,0,0,0,0,0,0
1979.388774811773,694200.0067283126,4345082.755685041,39.233333333,-72.75,110,0,0,0,0,0,0,0,0,0,0,0,0,0,0,0,0,0,0,0,0,0,0,0,0,0,0,0,0,0,0,0
1979.388774811773,679087.7521643934,4376186.434078927,39.516666667,-72.916666667,60,0,0,0.0005689433796276594,0,0,0,0.0005689433796276594,0.0005689433796276594,0,0,0,0.001137886759255319,0.002275773518565998,0.007965207315119391,0.002844716898193657,0.0005689433796276594,0,0,0,0,0,0,0,0,0,0,0,0,0,0,0
1979.388774811773,676222.1111183977,4376120.634502944,39.516666667,-72.95,60,0,0,0,0.001115607806397108,0.0005578039031708742,0.001673411709567982,0.0005578039031708742,0,0,0,0.001673411709567982,0.002231215612794216,0.0005578039031708742,0.006135842935101055,0.006693646838493368,0.005020235128759307,0,0,0,0,0,0,0,0,0,0,0,0,0,0,0
1979.388774811773,670490.8631277018,4375992.222635286,39.516666667,-73.016666667,66,0,0,0.0005593075882486813,0.001677922764801403,0,0,0,0.0005593075882486813,0.002237230353050085,0.001118615176497363,0,0.002237230353050085,0.001118615176497363,0.002796537941298766,0.001677922764801403,0.0005593075882486813,0,0,0,0,0,0,0,0,0,0,0,0,0,0,0
1979.388774811773,667585.1722432376,4377779.50109149,39.533333333,-73.05,66,0,0.000564852181739989,0.000564852181739989,0.002259408726904596,0.002259408726904596,0,0,0.000564852181739989,0.002824260908644585,0.004518817453809192,0.000564852181739989,0.000564852181739989,0.000564852181739989,0.004518817453809192,0.005083669635493821,0.003389113090329214,0.005648521817399889,0.001694556545164607,0,0,0,0,0,0,0,0,0,0,0,0,0
1979.388774811773,673149.0569816189,4385305.470095431,39.6,-72.983333333,61,0,0,0.001116107911286558,0.005580539556432789,0.005022485600844871,0.003348323733859674,0,0.000558053955643279,0.000558053955643279,0.002790269778216395,0.002790269778216395,0.000558053955643279,0.001116107911286558,0.004464431645201592,0.004464431645201592,0.002790269778216395,0.002232215822573116,0.000558053955643279,0,0,0,0,0,0,0,0,0,0,0,0,0
1979.388774811773,671305.4521564945,4403772.942265904,39.766666667,-73,68,0,0,0.0005827107713469042,0.001165421542749168,0.0005827107713469042,0.0005827107713469042,0.0005827107713469042,0,0,0,0.0005827107713469042,0,0,0,0,0.001165421542749168,0,0.001748132314096073,0,0.001748132314096073,0,0,0,0,0,0,0,0,0,0,0
1979.388774811773,669754.799259704,4409291.104083034,39.816666667,-73.016666667,73,0,0,0,0,0,0.0005610721662252774,0,0,0,0,0,0,0,0,0,0,0,0,0,0,0,0,0,0,0,0,0,0,0,0,0
1979.388774811773,658188.8084214858,4416446.396925018,39.883333333,-73.15000000000001,56,0,0,0.0005679051862830404,0.0005679051862830404,0.003975336303870563,0.003407431117587522,0.001703715558793761,0,0.0005679051862830404,0.0005679051862830404,0.001135810372510721,0.001703715558793761,0.0005679051862830404,0,0,0,0.001135810372510721,0.001703715558793761,0.001703715558793761,0.0005679051862830404,0.0005679051862830404,0,0,0,0,0,0,0,0,0,0
1979.388774811773,655300.7549748407,4418237.861747001,39.9,-73.18333333299999,54,0,0,0.0005509293550316676,0.001101858710007975,0.002203717420015951,0.001652788065039643,0.001101858710007975,0.0005509293550316676,0.001652788065039643,0,0.001101858710007975,0,0,0,0,0.0005509293550316676,0.001101858710007975,0.0005509293550316676,0.001101858710007975,0.001101858710007975,0.001101858710007975,0.0005509293550316676,0,0,0,0,0,0,0,0,0
1979.388774811773,646573.6392177865,4427318.54773657,39.983333333,-73.283333333,60,0,0,0,0,0,0,0,0,0,0,0,0,0,0,0,0,0,0,0,0,0,0,0,0,0,0,0,0,0,0,0
1979.388774811773,694942.14388178,4372867.412868472,39.483333333,-72.733333333,72,0,0.0006023177616071928,0.0006023177616071928,0.0006023177616071928,0,0,0,0,0.001204635523214386,0.002409271046428771,0.009034766424107893,0.01264867299386177,0.003613906569643157,0.0006023177616071928,0,0,0,0,0,0,0,0,0,0,0,0,0,0,0,0,0
1979.388774811773,682387.6894403725,4357754.273162915,39.35,-72.883333333,67,0,0.004476471927830798,0.008393384864440547,0.008393384864440547,0,0,0,0.0005595589909996097,0.001678676972943469,0.01231029780176997,0.01063162082854971,0.01958456468443275,0.01510809275621442,0.0005595589909996097,0.0005595589909996097,0,0,0,0,0,0,0,0,0,0,0,0,0,0,0,0
1979.388774811773,679600.4943275767,4353987.754155031,39.316666667,-72.916666667,69,0.0005656221198435151,0.0113124423968703,0.02601861751335529,0.01300930875667765,0.002262488479429421,0,0,0,0.00113124423968703,0.004524976958803481,0.01527179723605171,0.01809990783499248,0.01074682027730359,0.007353087558242496,0.001696866359530545,0,0,0,0,0,0,0,0,0,0,0,0,0,0,0,0
1979.388774811773,673563.5380382692,4366806.441091349,39.433333333,-72.983333333,65,0,0,0.000570246471477761,0.002851232357499523,0.001710739414488642,0,0,0,0,0.001140492943010882,0.001710739414488642,0.002851232357499523,0.005702464714777609,0.01026443648726401,0.001140492943010882,0.000570246471477761,0,0,0,0,0,0,0,0,0,0,0,0,0,0,0
1979.388774811773,679387.1182897087,4363237.123335937,39.4,-72.916666667,66,0,0,0.0005538707882376093,0.0005538707882376093,0,0,0.0005538707882376093,0,0.003323224729481016,0.0127390281293543,0.01384676970594023,0.01495451128252617,0.01384676970594023,0.004430966305956235,0.001661612364712828,0,0,0,0,0,0,0,0,0,0,0,0,0,0,0,0
1979.386036960986,680693.1056139917,4368820.083272511,39.45,-72.90000000000001,61,0,0,0,0,0,0,0.0005692035213506342,0,0.0005692035213506342,0.0005692035213506342,0.001707610564051903,0.003984424649454439,0.005692035213506341,0.004553628170805074,0.005692035213506341,0.00284601760675317,0,0,0,0,0,0,0,0,0,0,0,0,0,0,0
1979.386036960986,703592.0666172636,4371238.697405119,39.466666667,-72.633333333,87,0,0,0,0,0,0,0,0,0,0,0,0,0,0,0,0,0,0,0,0,0,0,0,0,0,0,0,0,0,0,0
1979.386036960986,697950.8964080606,4367390.242956068,39.433333333,-72.7,82,0.0005419251044908709,0,0.0005419251044908709,0,0,0,0.001625775313417253,0.0005419251044908709,0,0,0,0,0,0,0,0,0,0,0,0,0,0,0,0,0,0,0,0,0,0,0
1979.386036960986,695081.7487314278,4367317.577493007,39.433333333,-72.733333333,77,0.001194895139696095,0.0005974475698203676,0,0,0,0,0,0.0005974475698203676,0.0005974475698203676,0.0005974475698203676,0,0.001194895139696095,0,0.0005974475698203676,0,0,0,0,0,0,0,0,0,0,0,0,0,0,0,0,0
1979.386036960986,699575.4897238836,4360027.205813924,39.366666667,-72.68333333299999,102,0,0,0,0,0,0,0,0,0,0,0,0,0,0,0,0,0,0,0,0,0,0,0,0,0,0,0,0,0,0,0
1979.386036960986,694108.033587579,4348782.525384391,39.266666667,-72.75,97,0,0,0,0,0,0,0,0,0,0,0,0,0,0,0,0,0,0,0,0,0,0,0,0,0,0,0,0,0,0,0
1979.386036960986,688266.8082789471,4352341.362168723,39.3,-72.81666666700001,81,0.01270033285818186,0.003313130310861342,0.001104376770305567,0,0,0,0,0,0.001104376770305567,0.0005521883851527835,0.002760941925708558,0.001656565155458351,0.001656565155458351,0.001656565155458351,0,0,0,0,0,0,0,0,0,0,0,0,0,0,0,0,0
1979.386036960986,688132.7256931535,4357891.027660863,39.35,-72.81666666700001,75,0.0391346134059738,0.0391346134059738,0.01531354437639504,0.001134336620479857,0,0,0,0.000567168310212249,0,0.003970178171651821,0.01020902958426336,0.003970178171651821,0.003970178171651821,0.001134336620479857,0,0,0,0,0,0,0,0,0,0,0,0,0,0,0,0,0
1979.386036960986,629023.0096733407,4454758.589346462,40.233333333,-73.483333333,34,0,0,0,0,0,0,0,0,0,0,0,0,0,0,0,0,0,0.001135731596427936,0,0,0,0,0,0,0,0,0,0,0,0,0
1979.386036960986,647455.7521856674,4455096.346965419,40.233333333,-73.266666667,38,0,0,0,0.0005470557010699809,0,0,0,0,0,0,0,0,0.0005470557010699809,0.0005470557010699809,0,0.0005470557010699809,0.001094111402139962,0.0005470557010699809,0.0005470557010699809,0.0005470557010699809,0,0.001094111402139962,0,0,0,0,0,0,0,0,0
1979.386036960986,655771.8764888688,4464517.848597111,40.316666667,-73.166666667,39,0,0,0,0,0,0,0,0,0,0,0,0,0,0.0005526040832133045,0,0,0,0.0005526040832133045,0,0,0.0005526040832133045,0,0,0,0,0,0,0,0,0,0
1979.386036960986,654013.4576970078,4481139.673206267,40.466666667,-73.18333333299999,29,0,0,0,0,0,0,0,0,0,0,0,0,0,0,0,0,0,0,0,0,0,0,0,0,0,0,0,0,0,0,0
1979.386036960986,679625.9881219632,4474305.801905374,40.4,-72.883333333,40,0,0,0,0,0,0,0.001642610778701512,0.0005475369262522904,0,0,0.0005475369262522904,0.0005475369262522904,0.001095073852449221,0.002737684631150733,0.0005475369262522904,0,0.002190147704953802,0.001095073852449221,0.001095073852449221,0.001642610778701512,0,0.0005475369262522904,0,0,0,0,0,0,0,0,0
1979.386036960986,657612.5615220836,4444196.529629496,40.133333333,-73.15000000000001,43,0,0,0,0,0,0,0,0,0,0,0,0.001140413516064064,0.001140413516064064,0,0.001140413516064064,0.001140413516064064,0.0005702067580320322,0.0005702067580320322,0,0,0.0005702067580320322,0,0.001140413516064064,0,0,0,0,0,0,0,0
1979.386036960986,688205.7247726177,4470813.538449261,40.366666667,-72.783333333,46,0,0,0,0,0.0005543265513333347,0,0,0,0,0,0,0.001662979653944644,0.0005543265513333347,0,0.0005543265513333347,0.004988938961778574,0.002771632756555954,0.002217306205222619,0.0005543265513333347,0,0,0,0.0005543265513333347,0,0,0,0,0,0,0,0
1979.386036960986,679980.0562237395,4459504.59356545,40.266666667,-72.883333333,47,0,0,0,0,0.001663720485410878,0.003882014465903356,0.001663720485410878,0,0,0,0,0.001109146990273919,0.001663720485410878,0.0005545734951369595,0,0.001663720485410878,0.0005545734951369595,0.001663720485410878,0,0.001109146990273919,0.0005545734951369595,0,0,0,0,0,0,0,0,0,0
1979.386036960986,669014.0640255611,4442591.506098589,40.116666667,-73.016666667,47,0,0,0,0,0,0,0,0,0,0,0.001696749143552006,0.001696749143552006,0.002827915239253344,0.0005655830478506688,0.001696749143552006,0.001696749143552006,0.002262332191402675,0.001131166095701338,0.0005655830478506688,0.0005655830478506688,0,0,0,0,0,0,0,0,0,0,0
1979.386036960986,660726.7481510293,4431305.952689518,40.016666667,-73.116666667,46,0,0,0,0,0.0005653262041820192,0,0.001130652408364038,0,0,0,0,0.001695978612546058,0.0005653262041820192,0.0005653262041820192,0.0005653262041820192,0,0.001130652408364038,0.001130652408364038,0.0005653262041820192,0,0,0,0,0,0,0,0,0,0,0,0
1979.386036960986,673613.3399137135,4427887.341570346,39.983333333,-72.966666667,52,0,0,0,0,0.000529963478256771,0.001589890434825673,0.001589890434825673,0,0,0,0,0.001059926956568902,0.003179780869651346,0,0,0.002649817391339215,0.001059926956568902,0.002119853913082444,0.002119853913082444,0,0,0,0,0,0,0,0,0,0,0,0
1979.386036960986,679523.7852861973,4418769.145358826,39.9,-72.90000000000001,53,0,0,0,0.001636243152224182,0.0005454143840747275,0,0.001090828768149455,0,0,0.001090828768149455,0.003817900688467733,0.00654497260889673,0.001636243152224182,0,0.001090828768149455,0.00218165753624355,0.002727071920318278,0,0,0,0,0,0,0,0,0,0,0,0,0,0
1979.386036960986,686648.3506568929,4418940.050065615,39.9,-72.81666666700001,54,0,0,0,0,0.0005509293550316676,0.0005509293550316676,0,0,0,0,0.001101858710007975,0.002754646775047618,0.0005509293550316676,0.001652788065039643,0.001652788065039643,0.001652788065039643,0,0,0,0,0,0,0,0,0,0,0,0,0,0,0
1979.386036960986,686421.9361569542,4428190.334726731,39.983333333,-72.81666666700001,54,0,0,0,0,0,0.0005617932768490386,0,0,0,0,0.001123586553753437,0.001685379830602475,0.001123586553753437,0.001685379830602475,0.001685379830602475,0.002247173107451514,0,0.0005617932768490386,0,0,0,0,0,0,0,0,0,0,0,0,0
1979.386036960986,696145.3862654504,4437691.445654891,40.066666667,-72.7,56,0,0,0,0,0.0005623007915240582,0,0,0,0,0,0,0.001686902374627534,0.003936105540779126,0.004498406332303184,0.006747609498177979,0.003936105540779126,0,0,0,0,0,0,0,0,0,0,0,0,0,0,0
1979.386036960986,684683.5305770671,4441106.168447552,40.1,-72.833333333,49,0,0,0,0.000571778150019946,0,0.000571778150019946,0.001143556300095252,0,0,0,0.001143556300095252,0.001715334450115198,0,0.001715334450115198,0.00285889075021045,0.00285889075021045,0.000571778150019946,0.000571778150019946,0.000571778150019946,0,0,0,0,0,0,0,0,0,0,0,0
1979.386036960986,694391.1204317821,4450605.73036482,40.183333333,-72.716666667,54,0,0.0005456534495282536,0.0005456534495282536,0,0,0,0,0,0.0005456534495282536,0,0,0.001091306899111867,0.003273920697280241,0.007093494844088736,0.005456534495448616,0.003273920697280241,0.002182613798168374,0,0,0,0,0,0,0,0,0,0,0,0,0,0
1979.386036960986,702407.6817999092,4469331.470752981,40.35,-72.616666667,48,0,0,0,0,0,0,0,0,0,0,0,0,0,0,0.002801381073982285,0.001680828644400443,0.000560276214818601,0.001680828644400443,0,0,0,0.000560276214818601,0,0,0,0,0,0,0,0,0
1979.386036960986,713837.6164366875,4465944.719925018,40.316666667,-72.483333333,51,0,0,0,0,0.001122067440535272,0.001122067440535272,0.0005610337202953159,0,0,0,0,0,0.003366202321661176,0.001683101160830588,0.001683101160830588,0.001683101160830588,0.003366202321661176,0.001122067440535272,0.0005610337202953159,0,0,0,0,0,0,0,0,0,0,0,0
1979.386036960986,722923.7065684479,4493987.575497475,40.566666667,-72.366666667,47,0,0,0,0,0,0.001696749143552006,0,0.001131166095701338,0.001131166095701338,0,0,0,0,0,0,0,0,0,0,0,0,0,0,0,0,0,0,0,0,0,0
1979.386036960986,742521.3217380545,4455701.872669217,40.216666667,-72.15000000000001,64,0,0,0,0,0,0,0,0.0005937431929326154,0.0005937431929326154,0,0.0005937431929326154,0.001781229578742486,0.001187486385809871,0.0005937431929326154,0.001187486385809871,0.0005937431929326154,0,0,0,0.0005937431929326154,0.0005937431929326154,0,0,0,0,0,0,0,0,0,0
1979.386036960986,752574.343639039,4452326.944354419,40.183333333,-72.033333333,64,0,0.001075423371384567,0.001075423371384567,0.0005377116857199635,0,0,0,0.001075423371384567,0.001075423371384567,0,0.003763981799929026,0.007527963599636613,0.002150846742824495,0.002150846742824495,0.003226270114209062,0.001613135057104531,0,0,0,0.0005377116857199635,0.0005377116857199635,0,0,0,0,0,0,0,0,0,0
1979.386036960986,742759.0601747277,4448300.741676818,40.15,-72.15000000000001,66,0,0,0,0,0,0.0005381766050891789,0,0,0,0,0,0,0,0.0005381766050891789,0,0,0,0,0,0,0,0,0,0,0,0,0,0,0,0,0
1979.386036960986,740095.3817357476,4442659.343833935,40.1,-72.18333333299999,69,0,0,0,0,0.0005388754935529926,0,0,0,0,0,0,0,0.0005388754935529926,0,0,0,0,0,0,0,0,0,0,0,0,0,0,0,0,0,0
1979.386036960986,724575.5009631941,4438479.774094227,40.066666667,-72.366666667,63,0.01899072456429926,0.06943483668799426,0.08723864097065778,0.03916836941410941,0.004154220998513122,0.0005934601426447316,0.0005934601426447316,0.0005934601426447316,0.001186920285289463,0.001780380427934195,0.00712152171195822,0.01424304342336284,0.0160234238510756,0.006528061569202768,0.0005934601426447316,0,0,0,0,0,0,0,0,0,0,0,0,0,0,0,0
1979.386036960986,717626.8869783748,4432722.180628289,40.016666667,-72.45,68,0,0,0.00178463429748672,0,0,0,0,0,0,0,0,0,0,0,0,0,0,0,0,0,0,0,0,0,0,0,0,0,0,0,0
1979.386036960986,720740.1662475917,4423553.385893607,39.933333333,-72.416666667,69,0.003808143664376222,0.004352164187834814,0.002176082093945087,0.001088041046972543,0,0,0,0,0,0,0.001088041046972543,0.001632061570431135,0.002176082093945087,0.003808143664376222,0.0005440205234585918,0.0005440205234585918,0,0,0,0.0005440205234585918,0.0005440205234585918,0,0,0,0,0,0,0,0,0,0
1979.388774811773,707770.1036558584,4428743.291150958,39.983333333,-72.56666666700001,61,0,0,0.0005867890329451826,0.001173578065945725,0.001173578065945725,0,0,0.0005867890329451826,0.00234715613183609,0.00234715613183609,0.002933945164836632,0.005281101296672723,0.008215046461675434,0.001760367098890907,0.002933945164836632,0.004107523230726997,0.001760367098890907,0,0,0,0,0,0,0,0,0,0,0,0,0,0
1979.388774811773,703648.7790477863,4423077.581158905,39.933333333,-72.616666667,56,0,0,0.0005461322097644133,0,0.001092264419528827,0.001092264419528827,0,0,0,0,0.0005461322097644133,0.001092264419528827,0.002184528839113013,0.006007454307740704,0.002730661048877426,0.002730661048877426,0.0016383966293486,0,0,0,0,0,0,0,0,0,0,0,0,0,0
1979.388774811773,710872.4171581026,4419570.93641236,39.9,-72.533333333,65,0,0.0005482970686777534,0.001096594137410867,0.007676158961709987,0.004934673618265859,0.0005482970686777534,0,0,0.0005482970686777534,0.00328978241217724,0.00164489120608862,0.008224456030719897,0.00657956482424376,0.006031267755787445,0.00328978241217724,0.00164489120608862,0,0,0,0,0,0,0,0,0,0,0,0,0,0,0
1979.388774811773,695434.3064569706,4409903.640790104,39.816666667,-72.716666667,55,0,0,0,0.001091785449368672,0.004913034522214385,0.004367141797530048,0,0,0,0,0,0.001637678174053008,0.001637678174053008,0.00272946362342168,0.006004819971416977,0.003275356348161376,0.001637678174053008,0.0005458927246843359,0,0,0,0,0,0,0,0,0,0,0,0,0
1979.388774811773,706997.6395135592,4404653.352466929,39.766666667,-72.583333333,60,0,0.000536784252582081,0.000536784252582081,0.000536784252582081,0.004294274020545929,0.00483105827307265,0.000536784252582081,0,0.000536784252582081,0.000536784252582081,0.001610352757690883,0.001610352757690883,0.004294274020545929,0.00483105827307265,0.005904626778347531,0.002683921262855045,0.000536784252582081,0,0,0,0,0,0,0,0,0,0,0,0,0,0
1979.388774811773,700099.9413021882,4395213.798568067,39.683333333,-72.666666667,73,0.0005963028477986544,0.002385211391139258,0.001788908543340604,0.001192605695597309,0.001788908543340604,0,0,0,0.0005963028477986544,0,0.002385211391139258,0.001192605695597309,0.002981514238937913,0.001788908543340604,0.001192605695597309,0.0005963028477986544,0,0,0,0,0,0,0,0,0,0,0,0,0,0,0
1979.388774811773,697098.6668958494,4400690.007776937,39.733333333,-72.7,65,0,0.001613832134807809,0.003227664269670978,0.006455328539452674,0.005917384494498286,0,0,0.001075888089908779,0.0005379440449543895,0.001613832134807809,0.002151776179762199,0.008069160674315843,0.004303552359579757,0.004841496404478787,0.002689720224716588,0.001075888089908779,0.0005379440449543895,0,0,0,0,0,0,0,0,0,0,0,0,0,0
1979.388774811773,691385.119445469,4400545.448369945,39.733333333,-72.766666667,71,0,0,0,0,0.000539342428513646,0.000539342428513646,0,0,0,0,0,0,0,0,0,0,0,0,0,0,0,0,0,0,0,0,0,0,0,0,0
1979.388774811773,669631.6672541797,4414841.065408444,39.866666667,-73.016666667,67,0,0,0,0,0,0,0,0,0,0,0,0,0,0,0,0,0,0,0.0005435454568771973,0,0,0,0,0,0,0,0,0,0,0,0
1979.388774811773,707365.3824380102,4443544.435568874,40.116666667,-72.56666666700001,55,0,0,0,0,0,0,0,0,0.0005620469196196422,0,0,0.0005620469196196422,0.001124093839239284,0.002810234598153571,0.0005620469196196422,0.004496375357067857,0.0005620469196196422,0.0005620469196196422,0,0,0,0,0,0,0,0,0,0,0,0,0
1979.388774811773,711523.3254328265,4447362.673526678,40.15,-72.516666667,58,0,0,0,0,0,0,0,0,0.0005799958869870073,0,0,0.0005799958869870073,0.0005799958869870073,0.0005799958869870073,0.002319983548058749,0.005219962983104505,0.001159991774029374,0.001159991774029374,0.001739987661016382,0,0.0005799958869870073,0,0,0,0,0,0,0,0,0,0
1979.388774811773,717202.4341209549,4447523.620777695,40.15,-72.45,62,0,0.0005322292599575681,0,0,0,0,0,0,0.0005322292599575681,0.001064458519915136,0,0.0005322292599575681,0,0.001064458519915136,0,0.0005322292599575681,0.001064458519915136,0.001064458519915136,0,0,0,0,0,0,0,0,0,0,0,0,0
1979.388774811773,705491.4008175585,4460157.262270913,40.266666667,-72.583333333,53,0,0,0,0,0,0,0,0,0,0,0,0,0,0.0005560597908461991,0.001668179372538597,0.003336358745077195,0.002224239163384796,0.001112119581692398,0,0,0,0.0005560597908461991,0,0,0,0,0,0,0,0,0
1979.388774811773,721082.1199398679,4460598.70434914,40.266666667,-72.40000000000001,56,0,0,0,0,0.0005568059302561467,0,0.0005568059302561467,0,0,0,0,0.0005568059302561467,0,0,0.002227223721024587,0.00167041779076844,0.002784029651280733,0,0,0,0,0,0,0,0,0,0,0,0,0,0
1979.388774811773,730833.351916948,4466447.273621981,40.316666667,-72.283333333,57,0,0,0,0,0.0005360907744774322,0,0,0,0,0,0,0,0.0005360907744774322,0,0.00268045387249788,0.00268045387249788,0.001072181549010224,0,0,0,0,0,0,0,0,0,0,0,0,0,0
1979.388774811773,736324.0005657927,4472174.254485358,40.366666667,-72.216666667,61,0,0.0005692035213506342,0.002276814085402537,0.0005692035213506342,0,0,0,0.0005692035213506342,0,0,0,0,0,0.0005692035213506342,0,0,0.001707610564051903,0,0.0005692035213506342,0,0,0,0,0,0,0,0,0,0,0,0
1979.388774811773,731963.6632390807,4475742.365977704,40.4,-72.266666667,57,0,0.0005570550885586234,0.001114110177117247,0.0005570550885586234,0.00167116526567587,0.0005570550885586234,0,0,0,0.0005570550885586234,0,0.0005570550885586234,0,0.002228220354234494,0.0005570550885586234,0.0005570550885586234,0.001114110177117247,0.001114110177117247,0.0005570550885586234,0.0005570550885586234,0.0005570550885586234,0,0,0,0,0,0,0,0,0,0
1979.388774811773,724223.3435712373,4497730.578102257,40.6,-72.34999999999999,45,0,0,0,0,0.001119041504229877,0.001119041504229877,0,0,0,0.0005595207521149386,0.0005595207521149386,0.001678562256344816,0.001678562256344816,0,0.001678562256344816,0.0005595207521149386,0.001119041504229877,0.0005595207521149386,0,0,0,0,0,0,0,0,0,0,0,0,0
1979.388774811773,713817.1907613883,4515943.07583745,40.766666667,-72.466666667,30,0,0,0,0,0.000550405147856026,0,0,0,0,0,0,0,0,0,0,0,0,0,0,0,0,0,0,0,0,0,0,0,0,0,0
1979.388774811773,731931.9933959902,4522045.301194303,40.816666667,-72.25,35,0,0,0,0,0,0,0,0,0,0,0,0,0,0,0,0,0.001103249226621232,0,0,0,0,0,0,0,0,0,0,0,0,0,0
1979.388774811773,730699.3321769208,4516450.088930501,40.766666667,-72.266666667,38,0,0,0,0,0,0,0,0,0,0,0,0,0,0,0,0.0005470557010699809,0.002188222804279924,0.0005470557010699809,0.0005470557010699809,0,0,0,0,0,0,0,0,0,0,0,0
1979.388774811773,732222.2320978139,4512793.28868775,40.733333333,-72.25,45,0,0,0,0,0.0005595207521149386,0,0.0005595207521149386,0,0,0,0,0.001119041504229877,0,0.0005595207521149386,0.001119041504229877,0.003357124512689632,0.002797603760574693,0.002238083008459754,0.0005595207521149386,0,0,0,0,0,0,0,0,0,0,0,0
1979.388774811773,741772.7155436977,4522360.832606263,40.816666667,-72.133333333,38,0,0,0,0,0,0,0,0,0,0,0.0005689038474295994,0,0.0005689038474295994,0.0005689038474295994,0.0005689038474295994,0.0005689038474295994,0.001137807694914559,0.001706711542344158,0.001706711542344158,0.0005689038474295994,0,0,0,0,0,0,0,0,0,0,0
1979.388774811773,744400.4665046089,4528004.758414274,40.866666667,-72.09999999999999,35,0,0,0,0,0,0,0,0,0,0,0,0,0,0,0,0,0,0,0,0,0,0,0,0,0,0,0,0,0,0,0
1979.388774811773,756785.3300196314,4535836.695120354,40.933333333,-71.95,29,0,0,0,0,0,0,0,0,0,0,0,0,0,0,0,0,0,0,0,0,0,0,0,0,0,0,0,0,0,0,0
1979.388774811773,759853.1727796271,4528533.167963133,40.866666667,-71.916666667,36,0,0,0,0,0,0,0.00112554107928679,0,0,0,0,0,0.0005627705396433952,0.0005627705396433952,0.002813852698216976,0.001688311618930186,0.003376623237860372,0.003376623237860372,0.006190475936021988,0.00112554107928679,0.00112554107928679,0,0,0,0,0,0,0,0,0,0
1979.388774811773,760048.7366648969,4522981.671421743,40.816666667,-71.916666667,40,0,0,0,0,0.0005637900276085798,0,0,0,0,0,0,0,0,0,0.0005637900276085798,0,0.0005637900276085798,0.002255160110489679,0.002255160110489679,0.0005637900276085798,0.0005637900276085798,0,0.0005637900276085798,0,0,0,0,0,0,0,0
1979.388774811773,773763.8635171491,4532742.810563643,40.9,-71.75,53,0,0,0,0,0.0005966005402851881,0,0,0,0.001193201080625736,0,0,0.002386402161251472,0.0005966005402851881,0,0.0005966005402851881,0.001193201080625736,0.0005966005402851881,0.0005966005402851881,0.001789801620910924,0,0,0,0,0,0,0,0,0,0,0,0
1979.388774811773,751020.8321398809,4498586.042754985,40.6,-72.033333333,52,0,0,0.0005612866774913537,0.001122573354982707,0.0005612866774913537,0.002245146709965415,0,0,0,0,0.0005612866774913537,0.001683860032474061,0.001122573354982707,0.001122573354982707,0.001122573354982707,0.001122573354982707,0.002245146709965415,0,0,0.0005612866774913537,0.001122573354982707,0,0,0,0,0,0,0,0,0,0
1979.388774811773,740968.006052016,4503810.794853051,40.65,-72.15000000000001,48,0,0,0,0.0005494703231459162,0,0.001098940646236473,0.0005494703231459162,0,0,0,0,0.002197881292528305,0.002197881292528305,0.002747351615674222,0.001098940646236473,0.002747351615674222,0.001648410969382389,0.002747351615674222,0.001648410969382389,0.0005494703231459162,0,0,0,0,0,0,0,0,0,0,0
1979.388774811773,735506.3606145685,4498078.993509375,40.6,-72.216666667,51,0.0005666127606423367,0,0.002833063803156324,0.004532902085027974,0.005099514845670311,0.006799353127265163,0.001133225521229314,0,0,0.001133225521229314,0.003399676563743301,0.00169983828187165,0.0005666127606423367,0.00169983828187165,0.002266451042513987,0.002266451042513987,0.005099514845670311,0.001133225521229314,0.0005666127606423367,0,0,0,0,0,0,0,0,0,0,0,0
1979.388774811773,738327.1453030314,4498168.774406337,40.6,-72.18333333299999,51,0,0,0,0,0,0,0,0,0.0005397745859550781,0,0,0.001079549171965516,0,0.001079549171965516,0.001079549171965516,0.001079549171965516,0.003238647515841189,0.001079549171965516,0.001079549171965516,0,0,0,0,0,0,0,0,0,0,0,0
1979.388774811773,741147.942343059,4498259.626267192,40.6,-72.15000000000001,51,0,0,0,0,0,0,0,0,0,0,0.0005840361036810151,0,0,0,0.0005840361036810151,0,0.0005840361036810151,0.00116807220730667,0,0.0005840361036810151,0,0,0,0,0,0,0,0,0,0,0
1979.388774811773,738445.595826523,4494468.032031556,40.566666667,-72.18333333299999,52,0,0,0,0,0,0,0,0,0,0,0.001145134196792946,0.001145134196792946,0.0005725670984241527,0.0005725670984241527,0.001145134196792946,0.001717701295217098,0.001717701295217098,0.002290268393585892,0.001717701295217098,0,0.001145134196792946,0,0,0,0,0,0,0,0,0,0
1979.388774811773,730093.2244614973,4490501.272617017,40.533333333,-72.283333333,50,0,0,0,0,0.0005607809909598168,0.00168234297287945,0.001121561981919634,0,0,0,0,0.0005607809909598168,0,0.0005607809909598168,0.002243123963839267,0.003364685945758901,0.0005607809909598168,0.002243123963839267,0.0005607809909598168,0.0005607809909598168,0,0,0,0,0,0,0,0,0,0,0
1979.388774811773,726987.6344681443,4499666.421405675,40.616666667,-72.31666666700001,48,0,0.0005548206590507644,0,0.004438565272572195,0.01886390240839031,0.008322309886038265,0.001664461977207653,0,0,0,0,0.0005548206590507644,0.003328923954415306,0.001664461977207653,0.003328923954415306,0.002774103295364542,0.001664461977207653,0.0005548206590507644,0.001109641318156889,0,0,0,0,0,0,0,0,0,0,0,0
1979.388774811773,753525.8667341059,4507933.87142894,40.683333333,-72,48,0,0,0,0,0.002263360500050828,0.0005658401250265469,0,0,0,0,0.001697520375024281,0.001131680250053094,0.002829200625077375,0,0.002263360500050828,0.001697520375024281,0.004526721000101657,0.002263360500050828,0,0,0.001131680250053094,0,0,0,0,0,0,0,0,0,0
1979.388774811773,759095.9446402506,4509978.977187431,40.7,-71.93333333299999,50,0,0,0,0,0,0,0,0,0,0,0,0,0,0.0005446984428847024,0.0005446984428847024,0,0,0,0,0,0,0.0005446984428847024,0,0,0,0,0,0,0,0,0
1979.388774811773,763255.243353144,4511978.265651942,40.716666667,-71.883333333,46,0,0,0,0.0005489856950026436,0.0005489856950026436,0.001097971389949928,0,0,0,0.0005489856950026436,0,0.0005489856950026436,0.001097971389949928,0.001097971389949928,0.002195942779899855,0.001646957084952571,0.0005489856950026436,0.0005489856950026436,0.0005489856950026436,0,0,0,0,0,0,0,0,0,0,0,0
1979.388774811773,763517.9722339583,4504576.379915942,40.65,-71.883333333,53,0.001636243152224182,0.00218165753624355,0.008726630145195639,0.01090828768149455,0.005454143840636556,0.002727071920318278,0,0,0.001090828768149455,0.00436331507254246,0.00436331507254246,0.001636243152224182,0.001636243152224182,0.0005454143840747275,0.003272486304393005,0.001090828768149455,0.0005454143840747275,0,0,0.001090828768149455,0,0,0,0,0,0,0,0,0,0,0
1979.388774811773,779941.4045050928,4518149.309793984,40.766666667,-71.68333333299999,62,0,0,0,0,0,0,0,0,0,0,0,0,0,0,0,0,0,0,0,0,0,0,0,0,0,0,0,0,0,0,0
1979.388774811773,783249.9027502721,4505302.543908918,40.65,-71.65000000000001,70,0,0,0,0,0,0,0,0,0,0,0,0,0,0,0,0,0,0,0,0,0,0,0,0,0,0,0,0,0,0,0
1979.388774811773,778164.6372677953,4490285.745438488,40.516666667,-71.716666667,69,0,0,0,0,0,0,0,0,0,0,0,0,0,0,0,0,0,0,0,0,0,0,0,0,0,0,0,0,0,0,0
1979.388774811773,765783.3324123668,4480570.735595972,40.433333333,-71.866666667,67,0,0.0005487804812880201,0.00164634144386406,0.0005487804812880201,0.0005487804812880201,0,0,0,0,0,0,0,0,0,0,0,0,0,0,0,0,0,0,0,0,0,0,0,0,0,0
1979.388774811773,770225.3889079071,4475171.258486556,40.383333333,-71.81666666700001,70,0,0,0.000583256801040795,0.000583256801040795,0,0,0,0,0,0,0,0,0,0,0,0,0,0,0,0,0,0,0,0,0,0,0,0,0,0,0
1979.388774811773,766439.1687261388,4462066.728406589,40.266666667,-71.866666667,70,0,0,0,0,0,0,0,0,0,0,0,0,0,0,0,0,0,0,0,0,0,0,0,0,0,0,0,0,0,0,0
1979.388774811773,752140.707743482,4465279.245069291,40.3,-72.033333333,61,0,0,0,0,0,0,0,0,0,0,0,0.0005928948509295895,0.001185789701914539,0.0005928948509295895,0.0005928948509295895,0.0005928948509295895,0,0,0,0,0,0,0,0,0,0,0,0,0,0,0
1979.388774811773,737328.5179656623,4485171.251576679,40.483333333,-72.2,54,0,0,0.000556308281676733,0,0,0.000556308281676733,0,0,0,0,0,0,0,0.001112616563408826,0.001668924845085559,0.001112616563408826,0.001112616563408826,0.001668924845085559,0,0,0,0,0,0,0,0,0,0,0,0,0
1979.388774811773,749982.3641199335,4487436.227344526,40.5,-72.05,59,0,0.002321064946108786,0.0034815974191355,0.005222396128703249,0.004642129892162212,0,0,0.0005802662365410365,0.0005802662365410365,0.0005802662365410365,0.001160532473026713,0.0005802662365410365,0.002321064946108786,0.002901331182594463,0.002901331182594463,0.0034815974191355,0.002901331182594463,0,0.0005802662365410365,0.0005802662365410365,0,0,0,0,0,0,0,0,0,0,0
1979.388774811773,767746.1854023782,4504727.563621623,40.65,-71.833333333,53,0,0,0,0,0,0.0005560597908461991,0,0,0,0,0,0.0005560597908461991,0,0,0.001112119581692398,0,0,0,0,0,0,0,0.0005560597908461991,0,0,0,0,0,0,0,0
