457900.583503, 4491754.138108, 55.789600, 40.575500, -69.497400
459754.243345, 4491755.001698, 53.919900, 40.575600, -69.475500
463461.489358, 4491747.011300, 54.681600, 40.575700, -69.431700
461607.896750, 4491756.326156, 52.105200, 40.575700, -69.453600
456049.385894, 4493607.521415, 55.512600, 40.592100, -69.519400
457902.591260, 4493607.921084, 54.799100, 40.592200, -69.497500
461608.925406, 4493599.002939, 52.338000, 40.592300, -69.453700
459755.790148, 4493608.781665, 54.716000, 40.592300, -69.475600
463462.114226, 4493600.785341, 52.991000, 40.592400, -69.431800
465315.296694, 4493603.028647, 53.794400, 40.592500, -69.409900
467160.011098, 4493605.770145, 53.090400, 40.592600, -69.388100
456051.797057, 4495450.212530, 57.953200, 40.608700, -69.519500
457904.544071, 4495450.609156, 54.981300, 40.608800, -69.497600
459757.284608, 4495451.466736, 53.318400, 40.608900, -69.475700
461610.018712, 4495452.785267, 52.343800, 40.609000, -69.453800
463462.746423, 4495454.564746, 50.944800, 40.609100, -69.431900
465315.467784, 4495456.805172, 51.069200, 40.609200, -69.410000
469012.385798, 4495451.603820, 53.069200, 40.609300, -69.366300
467159.723188, 4495459.543844, 51.188500, 40.609300, -69.388200
470865.091137, 4495455.224968, 54.994400, 40.609400, -69.344400
454201.989401, 4497304.076648, 53.449000, 40.625300, -69.541500
456054.281659, 4497304.009229, 55.952400, 40.625400, -69.519600
457906.567402, 4497304.402809, 53.599300, 40.625500, -69.497700
459758.846670, 4497305.257386, 53.176400, 40.625600, -69.475800
461611.119506, 4497306.572955, 54.828400, 40.625700, -69.453900
463463.385950, 4497308.349515, 50.581500, 40.625800, -69.432000
467159.393309, 4497302.222647, 48.653200, 40.625900, -69.388300
465315.646046, 4497310.587063, 48.734100, 40.625900, -69.410100
469011.643610, 4497305.380062, 49.951400, 40.626000, -69.366400
470863.887687, 4497308.998458, 51.348900, 40.626100, -69.344500
474568.319405, 4497306.517933, 60.490100, 40.626200, -69.300700
472716.125583, 4497313.077832, 55.963600, 40.626200, -69.322600
417157.326084, 4499156.306386, 53.201500, 40.639100, -69.979700
419009.441708, 4499158.112633, 53.741000, 40.639300, -69.957800
420861.544456, 4499160.379996, 54.606800, 40.639500, -69.935900
422713.634370, 4499163.108468, 55.061100, 40.639700, -69.914000
444937.152272, 4499154.112258, 53.268800, 40.641400, -69.651200
446789.098490, 4499162.834759, 53.279000, 40.641600, -69.629300
448640.955809, 4499160.917953, 52.212900, 40.641700, -69.607400
450492.806447, 4499159.462201, 52.745000, 40.641800, -69.585500
452344.650446, 4499158.467501, 50.651500, 40.641900, -69.563600
454196.487847, 4499157.933849, 50.506800, 40.642000, -69.541700
456048.318692, 4499157.861241, 55.006700, 40.642100, -69.519800
457900.143022, 4499158.249674, 55.132800, 40.642200, -69.497900
459751.960880, 4499159.099145, 54.431400, 40.642300, -69.476000
461603.772306, 4499160.409651, 53.188900, 40.642400, -69.454100
463455.577342, 4499162.181189, 51.004100, 40.642500, -69.432200
467167.574847, 4499155.969723, 45.709700, 40.642600, -69.388300
465307.376030, 4499164.413756, 47.830100, 40.642600, -69.410300
469019.363712, 4499159.126452, 39.955100, 40.642700, -69.366400
472722.882105, 4499155.722688, 48.021900, 40.642800, -69.322600
470871.146354, 4499162.744203, 42.667900, 40.642800, -69.344500
476426.386994, 4499154.163011, 53.375600, 40.642900, -69.278800
474574.655189, 4499160.262481, 52.463800, 40.642900, -69.300700
417161.068313, 4501010.281154, 49.824300, 40.655800, -69.979900
419012.722371, 4501012.081414, 50.681100, 40.656000, -69.958000
420864.363556, 4501014.342831, 51.717400, 40.656200, -69.936100
422715.991911, 4501017.065399, 52.113900, 40.656400, -69.914200
424567.494836, 4501009.148621, 53.105300, 40.656500, -69.892300
426419.100419, 4501012.793485, 53.008300, 40.656700, -69.870400
428270.693296, 4501016.899483, 54.308600, 40.656900, -69.848500
430122.169162, 4501010.366148, 54.520800, 40.657000, -69.826600
431973.739516, 4501015.394411, 54.052500, 40.657200, -69.804700
433825.198472, 4501009.783347, 53.510300, 40.657300, -69.782800
435676.746470, 4501015.733853, 53.202000, 40.657500, -69.760900
437528.188681, 4501011.045041, 53.484200, 40.657600, -69.739000
439379.623965, 4501006.817352, 52.400200, 40.657700, -69.717100
441239.593703, 4501014.084365, 51.327700, 40.657900, -69.695100
443091.012473, 4501010.781004, 50.981100, 40.658000, -69.673200
444942.424440, 4501007.938752, 51.339400, 40.658100, -69.651300
446793.909098, 4501016.657996, 50.609500, 40.658300, -69.629400
448645.304818, 4501014.737943, 49.744100, 40.658400, -69.607500
450496.693861, 4501013.278986, 49.539100, 40.658500, -69.585600
452348.076266, 4501012.281122, 48.526200, 40.658600, -69.563700
454199.452076, 4501011.744348, 47.971600, 40.658700, -69.541800
456050.821332, 4501011.668659, 47.123000, 40.658800, -69.519900
457902.184075, 4501012.054053, 48.413300, 40.658900, -69.498000
459753.540346, 4501012.900527, 50.773900, 40.659000, -69.476100
461604.890188, 4501014.208077, 53.877300, 40.659100, -69.454200
465307.518943, 4501007.106061, 52.577900, 40.659200, -69.410400
463456.233642, 4501015.976700, 55.304700, 40.659200, -69.432300
467167.305848, 4501009.759486, 45.186200, 40.659300, -69.388400
469018.633135, 4501012.913425, 49.382900, 40.659400, -69.366500
472721.228346, 4501009.504175, 50.837200, 40.659500, -69.322700
470869.954198, 4501016.528428, 47.569800, 40.659500, -69.344600
476423.810058, 4501007.939179, 51.963700, 40.659600, -69.278900
474572.539854, 4501014.041304, 46.437000, 40.659600, -69.300800
478275.112176, 4501013.398426, 55.684200, 40.659700, -69.257000
419007.566581, 4502866.147629, 48.835200, 40.672700, -69.958300
420867.197844, 4502868.310972, 49.569300, 40.672900, -69.936300
422718.249012, 4502859.927109, 49.410100, 40.673000, -69.914400
424569.405628, 4502863.104976, 50.120300, 40.673200, -69.892500
426420.549500, 4502866.744025, 51.432300, 40.673400, -69.870600
428271.573495, 4502859.743745, 52.435800, 40.673500, -69.848700
430122.694767, 4502864.305151, 53.197700, 40.673700, -69.826800
431973.701776, 4502858.227237, 52.818200, 40.673800, -69.804900
433824.800613, 4502863.710979, 52.091600, 40.674000, -69.783000
435675.790801, 4502858.555408, 51.959800, 40.674100, -69.761100
437535.318892, 4502864.890402, 51.483100, 40.674300, -69.739100
439386.292406, 4502860.659262, 49.916800, 40.674400, -69.717200
441237.346839, 4502867.989726, 49.229200, 40.674600, -69.695300
443088.303863, 4502864.680893, 48.946000, 40.674700, -69.673400
444939.254087, 4502861.833209, 49.007500, 40.674800, -69.651500
446790.197553, 4502859.446672, 48.677000, 40.674900, -69.629600
448641.211040, 4502868.621693, 48.786700, 40.675100, -69.607700
450492.138346, 4502867.157429, 48.292900, 40.675200, -69.585800
452351.510370, 4502866.100089, 48.003100, 40.675300, -69.563800
454202.424430, 4502865.560196, 47.397700, 40.675400, -69.541900
456053.331939, 4502865.481430, 46.971600, 40.675500, -69.520000
457904.232937, 4502865.863789, 46.314400, 40.675600, -69.498100
459755.127465, 4502866.707268, 47.262500, 40.675700, -69.476200
463456.842676, 4502858.677206, 51.183000, 40.675800, -69.432400
461606.015565, 4502868.011865, 50.227200, 40.675800, -69.454300
465307.720808, 4502860.904035, 51.603400, 40.675900, -69.410500
467167.043868, 4502863.554619, 43.951200, 40.676000, -69.388500
470868.725218, 4502859.217675, 51.587300, 40.676100, -69.344700
469017.909418, 4502866.705771, 50.395400, 40.676100, -69.366600
472719.581131, 4502863.291040, 54.673900, 40.676200, -69.322800
476421.239350, 4502861.720727, 51.234000, 40.676300, -69.279000
474570.430905, 4502867.825506, 53.295100, 40.676300, -69.300900
478272.079735, 4502867.177394, 53.335200, 40.676400, -69.257100
424571.331294, 4504717.066649, 48.246200, 40.689900, -69.892700
426422.013297, 4504720.699888, 48.716800, 40.690100, -69.870800
428272.575363, 4504713.693809, 50.131900, 40.690200, -69.848900
430123.234771, 4504718.249488, 50.970700, 40.690400, -69.827000
431973.779859, 4504712.165857, 51.653200, 40.690500, -69.805100
433824.416837, 4504717.643954, 50.192800, 40.690700, -69.783200
435683.394557, 4504712.409553, 50.903600, 40.690800, -69.761200
437534.009239, 4504718.812157, 51.405100, 40.691000, -69.739300
439384.520844, 4504714.575465, 48.889000, 40.691100, -69.717400
441235.025569, 4504710.799974, 47.271700, 40.691200, -69.695500
443085.608547, 4504718.586148, 48.074200, 40.691400, -69.673600
444936.096870, 4504715.733037, 48.155700, 40.691500, -69.651700
446795.027747, 4504713.280562, 47.417600, 40.691600, -69.629700
448645.502581, 4504711.351927, 47.998800, 40.691700, -69.607800
474568.290322, 4504710.514707, 51.647700, 40.692900, -69.301000
476427.123943, 4504715.480826, 57.407800, 40.693000, -69.279000
480127.845176, 4504715.753982, 58.729900, 40.693100, -69.235200
478277.502422, 4504720.937021, 51.600700, 40.693100, -69.257100
428273.591793, 4506567.649203, 47.962700, 40.706900, -69.849100
430123.789179, 4506572.199160, 48.714600, 40.707100, -69.827200
431973.872187, 4506566.109816, 48.944500, 40.707200, -69.805300
433824.047149, 4506571.582275, 47.232500, 40.707400, -69.783400
435682.560686, 4506566.342218, 47.320100, 40.707500, -69.761400
437532.713355, 4506572.739265, 47.782300, 40.707700, -69.739500
439382.762894, 4506568.497026, 46.698600, 40.707800, -69.717600
441232.805556, 4506564.716029, 47.050000, 40.707900, -69.695700
443091.373762, 4506572.431982, 45.842400, 40.708100, -69.673700
443088.754265, 4463967.658712, 72.802300, 40.324300, -69.669900
444940.945460, 4463976.073134, 72.790500, 40.324500, -69.648100
446793.045890, 4463973.843836, 72.579900, 40.324600, -69.626300
448645.139585, 4463972.070583, 71.636500, 40.324700, -69.604500
450497.226590, 4463970.753372, 73.870400, 40.324800, -69.582700
452349.306947, 4463969.892200, 73.130100, 40.324900, -69.560900
439382.467848, 4465828.201572, 73.003800, 40.340800, -69.713700
441234.134994, 4465824.598544, 72.042700, 40.340900, -69.691900
443085.795274, 4465821.451619, 71.909900, 40.341000, -69.670100
444937.448734, 4465818.760792, 71.643200, 40.341100, -69.648300
446789.173988, 4465827.625845, 71.293700, 40.341300, -69.626500
448640.811205, 4465825.847195, 70.511000, 40.341400, -69.604700
450492.441732, 4465824.524630, 72.174500, 40.341500, -69.582900
452344.065616, 4465823.658148, 71.011100, 40.341600, -69.561100
454195.682898, 4465823.247746, 72.205000, 40.341700, -69.539300
456055.786939, 4465823.243762, 72.173100, 40.341800, -69.517400
437529.125681, 4467674.975826, 73.196000, 40.357300, -69.735700
439380.345820, 4467670.911085, 72.057100, 40.357400, -69.713900
441231.645882, 4467678.402337, 71.070700, 40.357600, -69.692100
443091.340877, 4467675.185558, 70.570900, 40.357700, -69.670200
444942.537677, 4467672.491341, 70.072600, 40.357800, -69.648400
446793.727704, 4467670.253261, 70.120100, 40.357900, -69.626600
448644.986876, 4467679.571127, 69.685200, 40.358100, -69.604800
450496.160751, 4467678.245305, 70.560600, 40.358200, -69.583000
452347.327983, 4467677.375609, 70.858600, 40.358300, -69.561200
454198.488618, 4467676.962036, 71.366200, 40.358400, -69.539400
456049.642698, 4467677.004582, 70.705000, 40.358500, -69.517600
457900.790267, 4467677.503245, 71.599900, 40.358600, -69.495800
459751.931369, 4467678.458022, 72.919900, 40.358700, -69.474000
437527.563521, 4469528.796119, 72.550800, 40.374000, -69.735900
439386.816167, 4469524.657230, 71.569600, 40.374100, -69.714000
441237.659448, 4469532.145039, 70.364800, 40.374300, -69.692200
443088.406264, 4469528.989157, 69.842400, 40.374400, -69.670400
444939.146265, 4469526.289461, 68.732000, 40.374500, -69.648600
446789.879495, 4469524.045947, 68.678900, 40.374600, -69.626800
448640.605997, 4469522.258611, 67.997900, 40.374700, -69.605000
450491.399007, 4469532.027285, 68.808400, 40.374900, -69.583200
452350.598608, 4469531.098407, 69.232200, 40.375000, -69.561300
454201.302436, 4469530.681667, 66.955100, 40.375100, -69.539500
456051.999712, 4469530.721091, 69.838400, 40.375200, -69.517700
457902.690479, 4469531.216675, 70.134800, 40.375300, -69.495900
461603.995898, 4469522.476512, 72.858000, 40.375400, -69.452300
459753.374781, 4469532.168417, 71.103700, 40.375400, -69.474100
437534.502313, 4471382.551102, 72.033400, 40.390700, -69.736000
439384.808661, 4471378.477238, 71.173300, 40.390800, -69.714200
441235.108110, 4471374.859611, 70.217400, 40.390900, -69.692400
443085.484892, 4471382.798117, 69.114900, 40.391100, -69.670600
444935.767936, 4471380.092946, 68.223600, 40.391200, -69.648800
446794.531341, 4471377.783819, 67.939800, 40.391300, -69.626900
448644.800873, 4471375.993188, 66.442000, 40.391400, -69.605100
450495.063724, 4471374.658775, 67.872100, 40.391500, -69.583300
452345.390428, 4471384.880437, 67.383300, 40.391700, -69.561500
454195.637310, 4471384.458442, 68.037300, 40.391800, -69.539700
456054.364669, 4471384.442945, 66.497300, 40.391900, -69.517800
459754.766287, 4471374.784326, 69.700600, 40.392000, -69.474200
457904.598475, 4471384.935454, 68.230600, 40.392000, -69.496000
461604.989947, 4471376.189238, 71.620400, 40.392100, -69.452400
463463.694203, 4471378.009018, 71.720300, 40.392200, -69.430500
435683.014131, 4473229.817854, 73.162100, 40.407200, -69.758000
437532.965490, 4473236.382063, 72.438700, 40.407400, -69.736200
439382.814716, 4473232.302597, 71.429900, 40.407500, -69.714400
441232.657045, 4473228.679413, 70.425000, 40.407600, -69.692600
443091.061833, 4473236.548043, 69.491800, 40.407800, -69.670700
444940.887743, 4473233.839494, 68.011700, 40.407900, -69.648900
446790.706888, 4473231.587215, 67.055700, 40.408000, -69.627100
448640.519310, 4473229.791201, 66.519400, 40.408100, -69.605300
450498.810049, 4473228.395437, 66.180700, 40.408200, -69.583400
452348.609139, 4473227.514034, 65.194600, 40.408300, -69.561600
454198.401636, 4473227.088885, 65.125100, 40.408400, -69.539800
456048.187585, 4473227.119987, 65.860300, 40.408500, -69.518000
457906.451955, 4473227.559706, 66.969100, 40.408600, -69.496100
459756.224919, 4473228.505392, 67.013100, 40.408700, -69.474300
461605.991465, 4473229.907320, 69.846700, 40.408800, -69.452500
463455.751636, 4473231.765485, 69.509200, 40.408900, -69.430700
465313.990335, 4473234.040638, 72.533100, 40.409000, -69.408800
435681.948255, 4475083.659772, 73.170200, 40.423900, -69.758200
437531.349875, 4475079.118387, 72.547900, 40.424000, -69.736400
439380.834333, 4475086.133309, 71.958300, 40.424200, -69.714600
441238.702387, 4475082.438060, 70.641300, 40.424300, -69.692700
443088.080569, 4475079.267736, 69.684500, 40.424400, -69.670900
444937.533491, 4475087.653682, 68.268900, 40.424600, -69.649100
446795.378300, 4475085.335757, 67.683700, 40.424700, -69.627200
448644.733436, 4475083.536457, 66.440200, 40.424800, -69.605400
450494.081896, 4475082.193460, 66.247800, 40.424900, -69.583600
452343.423722, 4475081.306765, 64.466500, 40.425000, -69.561800
454201.241821, 4475080.824527, 64.580600, 40.425100, -69.539900
456050.570493, 4475080.852516, 65.704700, 40.425200, -69.518100
457899.892661, 4475081.336795, 63.983700, 40.425300, -69.496300
459757.691181, 4475082.231811, 66.379700, 40.425400, -69.474400
461607.000455, 4475083.630756, 67.242200, 40.425500, -69.452600
463456.303355, 4475085.485983, 68.429800, 40.425600, -69.430800
467163.324322, 4475079.428221, 71.284000, 40.425700, -69.387100
465314.082687, 4475087.758227, 70.856200, 40.425700, -69.408900
433823.366050, 4476931.485318, 73.625100, 40.440400, -69.780300
435680.896261, 4476937.507033, 72.642500, 40.440600, -69.758400
437529.840439, 4476932.960012, 72.725500, 40.440700, -69.736600
439387.348439, 4476939.900743, 71.645400, 40.440900, -69.714700
441236.276035, 4476936.268549, 70.404000, 40.441000, -69.692900
443085.196785, 4476933.092719, 69.685500, 40.441100, -69.671100
444942.591599, 4476930.310909, 68.576200, 40.441200, -69.649200
446791.577613, 4476939.149865, 67.768300, 40.441400, -69.627400
448640.475323, 4476937.345189, 66.275500, 40.441500, -69.605600
450497.847159, 4476935.940809, 65.879200, 40.441600, -69.583700
452346.731547, 4476935.050917, 64.351500, 40.441700, -69.561900
454195.609346, 4476934.617366, 64.019900, 40.441800, -69.540100
456052.961348, 4476934.590391, 65.889900, 40.441900, -69.518200
457901.826083, 4476935.071604, 64.212000, 40.442000, -69.496400
459759.165073, 4476935.963583, 62.754300, 40.442100, -69.474500
461608.016917, 4476937.359549, 65.809000, 40.442200, -69.452700
465314.130795, 4476930.381258, 68.488300, 40.442300, -69.409000
463456.862389, 4476939.211839, 65.530200, 40.442300, -69.430900
467162.966375, 4476933.148289, 67.304200, 40.442400, -69.387200
469011.795712, 4476936.371638, 73.461900, 40.442500, -69.365400
417159.825687, 4478784.664332, 72.855300, 40.455600, -69.977000
419008.523279, 4478786.639070, 72.776100, 40.455800, -69.955200
431974.284256, 4478790.811177, 73.436900, 40.457000, -69.802300
433831.266491, 4478785.268646, 72.946400, 40.457100, -69.780400
435679.858152, 4478791.359639, 72.255500, 40.457300, -69.758600
437528.344731, 4478786.806986, 71.965000, 40.457400, -69.736800
439385.303217, 4478782.642094, 71.170600, 40.457500, -69.714900
441233.863095, 4478790.104396, 70.790100, 40.457700, -69.693100
443090.805040, 4478786.858605, 70.020900, 40.457800, -69.671200
444939.261380, 4478784.135770, 68.917500, 40.457900, -69.649400
446787.789862, 4478792.969343, 67.742300, 40.458100, -69.627600
448644.708708, 4478791.101124, 66.227400, 40.458200, -69.605700
450493.142145, 4478789.749560, 66.192600, 40.458300, -69.583900
452350.047636, 4478788.800410, 64.641200, 40.458400, -69.562000
454198.467841, 4478788.363709, 64.477600, 40.458500, -69.540200
456055.360150, 4478788.333614, 65.765100, 40.458600, -69.518300
457903.767295, 4478788.811764, 63.392600, 40.458700, -69.496500
459752.167983, 4478789.746288, 65.466700, 40.458800, -69.474700
461609.040853, 4478791.093698, 62.701000, 40.458900, -69.452800
465314.237431, 4478784.109538, 66.381000, 40.459000, -69.409100
463457.428739, 4478792.943054, 66.047400, 40.459000, -69.431000
467162.615427, 4478786.873721, 68.180300, 40.459100, -69.387300
470867.788070, 4478782.638232, 71.657300, 40.459200, -69.343600
469019.465726, 4478790.059173, 71.279200, 40.459200, -69.365400
472716.150194, 4478786.773589, 72.402400, 40.459300, -69.321800
474572.984714, 4478791.336498, 73.003700, 40.459400, -69.299900
511615.483774, 4478790.465370, 73.621000, 40.459700, -68.863000
509758.701623, 4478787.814622, 73.688100, 40.459700, -68.884900
507910.398157, 4478785.633373, 73.798600, 40.459700, -68.906700
506053.616418, 4478783.901609, 74.161400, 40.459700, -68.928600
504205.313276, 4478782.635146, 75.104600, 40.459700, -68.950400
502348.528295, 4478792.922270, 75.262600, 40.459800, -68.972300
500500.228045, 4478792.570591, 74.637500, 40.459800, -68.994100
417163.387180, 4480638.580807, 71.028500, 40.472300, -69.977200
419011.627047, 4480640.549519, 71.422800, 40.472500, -69.955400
420859.854075, 4480642.974723, 71.516200, 40.472700, -69.933600
422716.430618, 4480634.668691, 71.716300, 40.472800, -69.911700
424564.634807, 4480638.008967, 72.147600, 40.473000, -69.889900
426421.303198, 4480641.722350, 72.294900, 40.473200, -69.868000
428269.375559, 4480634.877540, 72.831800, 40.473300, -69.846200
430126.021315, 4480639.510160, 72.551800, 40.473500, -69.824300
431974.177599, 4480644.680505, 72.459000, 40.473700, -69.802500
433830.699971, 4480639.132234, 72.231800, 40.473800, -69.780600
435678.738504, 4480634.117500, 71.021500, 40.473900, -69.758800
437535.339508, 4480640.588534, 70.869200, 40.474100, -69.736900
439383.361385, 4480636.488808, 70.448700, 40.474200, -69.715100
441231.463568, 4480643.945600, 70.396900, 40.474400, -69.693300
443087.945665, 4480640.694286, 70.098200, 40.474500, -69.671400
444935.944260, 4480637.965996, 68.965000, 40.474600, -69.649600
446792.412749, 4480635.633860, 68.262300, 40.474700, -69.627700
448640.474055, 4480644.920577, 66.133300, 40.474900, -69.605900
450496.926354, 4480643.507597, 66.351400, 40.475000, -69.584000
452344.895408, 4480642.609230, 65.120000, 40.475100, -69.562200
454201.334443, 4480642.115397, 63.945200, 40.475200, -69.540300
456049.290354, 4480642.131974, 66.005400, 40.475300, -69.518500
457905.716298, 4480642.557274, 63.416700, 40.475400, -69.496600
459753.659239, 4480643.488781, 64.472600, 40.475500, -69.474800
463457.948192, 4480635.579642, 65.314600, 40.475600, -69.431100
461610.072265, 4480644.833203, 63.798800, 40.475600, -69.452900
465314.351225, 4480637.843179, 67.270900, 40.475700, -69.409200
467162.271481, 4480640.604518, 66.131300, 40.475800, -69.387400
470866.526518, 4480636.363423, 68.109000, 40.475900, -69.343700
469018.661940, 4480643.787155, 68.277200, 40.475900, -69.365500
472722.907329, 4480640.465156, 69.013800, 40.476000, -69.321800
476427.139195, 4480638.977146, 71.671200, 40.476100, -69.278100
474570.805586, 4480645.056288, 70.518500, 40.476100, -69.300000
480131.357883, 4480639.323110, 72.922800, 40.476200, -69.234400
478275.028081, 4480644.483165, 73.725400, 40.476200, -69.256300
511612.607064, 4480644.153240, 71.408900, 40.476400, -68.863000
509756.284769, 4480641.502243, 73.126500, 40.476400, -68.884900
507908.439057, 4480639.320788, 72.725600, 40.476400, -68.906700
506052.117172, 4480637.588862, 71.647400, 40.476400, -68.928600
504204.271783, 4480636.322280, 74.013700, 40.476400, -68.950400
502347.950137, 4480635.509421, 73.504600, 40.476400, -68.972300
500500.104900, 4480635.157709, 73.005000, 40.476400, -68.994100
498643.783320, 4480635.263917, 73.827700, 40.476400, -69.016000
417158.489179, 4482492.596459, 69.490300, 40.489000, -69.977500
419014.746128, 4482494.465265, 69.598900, 40.489200, -69.955600
420862.515276, 4482496.884491, 69.761800, 40.489400, -69.933800
422718.631775, 4482488.572467, 70.404800, 40.489500, -69.911900
424566.378090, 4482491.906851, 70.762700, 40.489700, -69.890100
426422.586509, 4482495.614359, 69.115000, 40.489900, -69.868200
428270.200939, 4482488.763711, 71.645900, 40.490000, -69.846400
430126.386729, 4482493.390542, 71.970700, 40.490200, -69.824500
431973.984166, 4482487.455029, 71.170200, 40.490300, -69.802700
433830.147499, 4482493.001163, 70.824600, 40.490500, -69.780800
435677.728115, 4482487.980763, 70.307500, 40.490600, -69.759000
437533.869162, 4482494.446181, 70.290800, 40.490800, -69.737100
439381.433128, 4482490.340875, 70.226400, 40.490900, -69.715300
441237.464830, 4482486.625463, 69.638200, 40.491000, -69.693400
443085.099548, 4482494.535329, 69.058500, 40.491200, -69.671600
444941.114806, 4482491.739182, 68.602300, 40.491300, -69.649700
446788.648727, 4482489.464020, 68.208100, 40.491400, -69.627900
448644.650469, 4482487.587129, 66.426600, 40.491500, -69.606000
450492.170995, 4482486.227017, 66.265500, 40.491600, -69.584200
452348.230130, 4482496.369419, 64.438000, 40.491800, -69.562300
454195.734690, 4482495.924337, 63.738000, 40.491900, -69.540500
456051.707158, 4482495.885906, 64.221500, 40.492000, -69.518600
459755.098388, 4482486.136600, 62.575800, 40.492100, -69.474900
457907.673095, 4482496.308136, 61.944600, 40.492100, -69.496700
461611.054165, 4482487.478042, 63.223300, 40.492200, -69.453000
463458.529148, 4482489.321545, 62.400200, 40.492300, -69.431200
465314.472181, 4482491.582183, 63.115000, 40.492400, -69.409300
469017.819006, 4482486.420499, 64.067600, 40.492500, -69.365600
467161.934538, 4482494.340680, 61.843900, 40.492500, -69.387500
470865.271652, 4482490.093984, 65.551500, 40.492600, -69.343800
474568.595076, 4482487.681457, 68.095000, 40.492700, -69.300100
472721.192467, 4482494.192990, 66.488400, 40.492700, -69.321900
478271.905155, 4482487.103083, 73.085700, 40.492800, -69.256400
476424.506418, 4482492.699636, 71.229800, 40.492800, -69.278200
481983.676517, 4482488.338424, 73.454800, 40.492900, -69.212600
480127.807194, 4482493.040429, 72.362900, 40.492900, -69.234500
511609.746598, 4482486.746504, 69.885200, 40.493000, -68.863000
509762.341338, 4482495.206294, 71.528500, 40.493100, -68.884800
507906.479282, 4482493.013576, 71.894200, 40.493100, -68.906700
506059.091664, 4482491.288349, 71.488500, 40.493100, -68.928500
504203.229932, 4482490.014786, 71.727000, 40.493100, -68.950400
502347.368297, 4482489.201851, 72.814200, 40.493100, -68.972300
500499.980970, 4482488.850107, 72.304900, 40.493100, -68.994100
498644.119401, 4482488.956324, 73.686700, 40.493100, -69.016000
496796.732055, 4482489.519535, 75.460000, 40.493100, -69.037800
417162.083719, 4484346.523544, 67.518700, 40.505700, -69.977700
419009.407695, 4484348.478127, 67.922000, 40.505900, -69.955900
420865.074092, 4484339.699334, 68.400100, 40.506000, -69.934000
422712.375156, 4484342.569172, 68.833000, 40.506200, -69.912200
424568.136215, 4484345.810050, 69.102800, 40.506400, -69.890300
426415.302496, 4484338.494911, 69.158300, 40.506500, -69.868500
428271.040845, 4484342.655209, 69.918000, 40.506700, -69.846600
430126.766510, 4484347.276255, 70.053000, 40.506900, -69.824700
431973.905866, 4484341.334996, 70.128900, 40.507000, -69.802900
433829.609079, 4484346.875432, 69.278600, 40.507200, -69.781000
435676.731620, 4484341.849372, 68.785700, 40.507300, -69.759200
437532.412551, 4484348.309177, 68.923600, 40.507500, -69.737300
439379.518448, 4484344.198296, 68.857300, 40.507600, -69.715500
441235.089983, 4484340.477326, 68.732000, 40.507700, -69.693600
443090.739177, 4484348.317210, 68.512200, 40.507900, -69.671700
444937.821789, 4484345.580116, 68.387900, 40.508000, -69.649900
446793.370098, 4484343.239222, 67.201400, 40.508100, -69.628000
448640.439235, 4484341.417272, 66.404200, 40.508200, -69.606200
450495.974119, 4484339.995712, 66.921100, 40.508300, -69.584300
452351.502345, 4484339.034866, 65.028000, 40.508400, -69.562400
454198.551581, 4484338.586650, 63.783700, 40.508500, -69.540600
456054.066638, 4484338.545115, 63.291600, 40.508600, -69.518700
457901.102824, 4484339.012007, 61.286100, 40.508700, -69.496900
459756.604883, 4484339.889771, 61.252000, 40.508800, -69.475000
461603.628191, 4484341.271758, 60.435600, 40.508900, -69.453200
463459.117423, 4484343.068809, 60.952000, 40.509000, -69.431300
465314.600298, 4484345.326551, 59.455300, 40.509100, -69.409400
469017.028882, 4484340.159184, 61.028900, 40.509200, -69.365700
467161.604599, 4484348.082207, 59.771300, 40.509200, -69.387600
470864.023474, 4484343.829914, 61.516700, 40.509300, -69.343900
474574.900887, 4484341.383132, 66.258600, 40.509400, -69.300100
472719.484135, 4484347.926196, 63.844400, 40.509400, -69.322000
478277.292720, 4484340.803701, 70.926000, 40.509500, -69.256400
476421.879855, 4484346.427502, 69.085300, 40.509500, -69.278300
481979.671552, 4484342.058579, 72.697000, 40.509600, -69.212700
480124.262404, 4484346.763126, 71.518500, 40.509600, -69.234600
511615.340081, 4484340.458246, 68.310800, 40.509700, -68.862900
483835.104295, 4484348.914723, 73.714900, 40.509700, -69.190800
509759.920717, 4484348.904658, 71.654400, 40.509800, -68.884800
507904.518832, 4484346.711735, 71.368700, 40.509800, -68.906700
506057.589284, 4484344.986348, 70.395800, 40.509800, -68.928500
504202.187721, 4484343.712666, 71.900700, 40.509800, -68.950400
502355.258409, 4484342.902321, 72.380400, 40.509800, -68.972200
500499.856997, 4484342.547878, 71.261300, 40.509800, -68.994100
498644.455598, 4484342.654106, 73.941400, 40.509800, -69.016000
496797.526320, 4484343.217369, 75.025500, 40.509800, -69.037800
494942.124815, 4484344.242835, 74.316000, 40.509800, -69.059700
417157.222975, 4486200.549872, 65.203600, 40.522400, -69.978000
419012.439148, 4486191.304225, 66.066700, 40.522500, -69.956100
420859.294840, 4486193.709430, 66.945000, 40.522700, -69.934300
422714.608418, 4486196.483593, 67.362900, 40.522900, -69.912400
424569.909186, 4486199.718564, 67.596600, 40.523100, -69.890500
426416.617217, 4486192.397556, 67.443200, 40.523200, -69.868700
428271.895280, 4486196.552032, 67.929300, 40.523400, -69.846800
430127.056815, 4486190.067089, 68.585200, 40.523500, -69.824900
431973.841779, 4486195.220299, 68.569300, 40.523700, -69.803100
433829.084713, 4486200.755042, 67.939000, 40.523900, -69.781200
435675.749022, 4486195.723326, 67.284900, 40.524000, -69.759400
437530.876836, 4486191.077348, 67.310500, 40.524100, -69.737500
439386.087781, 4486197.992323, 67.334100, 40.524300, -69.715600
441232.728559, 4486194.334549, 67.365200, 40.524400, -69.693800
443087.832899, 4486191.068802, 67.449700, 40.524500, -69.671900
444943.012240, 4486199.363970, 66.618600, 40.524700, -69.650000
446789.629869, 4486197.080098, 66.507300, 40.524800, -69.628200
448644.711119, 4486195.194542, 64.374200, 40.524900, -69.606300
450491.315363, 4486193.825891, 64.553800, 40.525000, -69.584500
452346.383278, 4486192.859747, 64.823800, 40.525100, -69.562600
454201.444580, 4486192.354356, 63.402500, 40.525200, -69.540700
456048.029056, 4486192.359556, 63.820400, 40.525300, -69.518900
457903.077279, 4486192.773555, 60.766600, 40.525400, -69.497000
459758.119017, 4486193.648297, 59.500800, 40.525500, -69.475100
461604.684107, 4486195.027319, 58.351800, 40.525600, -69.453300
463459.713021, 4486196.821433, 58.953600, 40.525700, -69.431400
467161.232859, 4486190.729027, 57.206800, 40.525800, -69.387700
465314.735579, 4486199.076282, 60.448000, 40.525800, -69.409500
469016.245606, 4486193.903238, 60.601500, 40.525900, -69.365800
472717.741786, 4486190.564713, 60.172400, 40.526000, -69.322100
470871.252124, 4486197.538175, 59.448100, 40.526000, -69.343900
474572.738749, 4486195.118999, 61.805400, 40.526100, -69.300200
478274.212037, 4486194.534316, 69.602500, 40.526200, -69.256500
476419.259507, 4486200.160745, 65.088000, 40.526200, -69.278400
483830.620729, 4486191.537748, 72.277900, 40.526300, -69.190900
481975.672329, 4486195.784115, 69.652300, 40.526300, -69.212800
480129.193599, 4486200.468662, 68.638900, 40.526300, -69.234600
511612.458302, 4486194.162196, 67.645400, 40.526400, -68.862900
509757.513765, 4486191.508355, 70.036300, 40.526400, -68.884800
491241.953972, 4486190.269429, 75.304100, 40.526400, -69.103400
485685.590032, 4486198.852143, 72.932900, 40.526400, -69.169000
507911.027760, 4486200.424235, 69.691500, 40.526500, -68.906600
506056.086386, 4486198.689720, 70.475900, 40.526500, -68.928500
504201.145152, 4486197.415920, 71.976900, 40.526500, -68.950400
502354.674066, 4486196.605499, 72.185700, 40.526500, -68.972200
500499.732982, 4486196.251023, 70.538900, 40.526500, -68.994100
498644.791910, 4486196.357261, 72.081700, 40.526500, -69.016000
496798.320858, 4486196.920576, 74.274300, 40.526500, -69.037800
494943.379681, 4486197.946138, 74.184700, 40.526500, -69.059700
493088.438388, 4486199.432414, 75.805500, 40.526500, -69.081600
417160.727386, 4488043.387255, 63.603100, 40.539000, -69.978200
419015.606222, 4488045.235860, 64.271000, 40.539200, -69.956300
420862.003562, 4488047.635106, 64.895500, 40.539400, -69.934500
422716.856687, 4488050.403324, 65.202400, 40.539600, -69.912600
424571.584835, 4488042.532121, 65.811400, 40.539700, -69.890700
426417.946628, 4488046.305521, 66.121100, 40.539900, -69.868900
428272.764248, 4488050.454181, 66.194000, 40.540100, -69.847000
430127.465279, 4488043.963433, 67.061100, 40.540200, -69.825100
431973.791908, 4488049.110939, 67.279700, 40.540400, -69.803300
433828.476001, 4488043.539769, 66.722800, 40.540500, -69.781400
435683.248703, 4488049.529652, 65.791700, 40.540700, -69.759500
437529.447648, 4488044.951014, 65.450900, 40.540800, -69.737700
439384.198163, 4488051.860429, 65.429000, 40.541000, -69.715800
441238.848869, 4488048.130460, 65.529900, 40.541100, -69.693900
443085.024418, 4488044.925876, 65.987200, 40.541200, -69.672100
444939.661454, 4488042.115437, 65.929000, 40.541300, -69.650200
446794.370832, 4488050.865977, 65.654400, 40.541500, -69.628300
448640.523367, 4488049.035410, 64.470500, 40.541600, -69.606500
450495.137448, 4488047.605279, 64.363800, 40.541700, -69.584600
452349.744875, 4488046.635946, 63.429500, 40.541800, -69.562700
454195.877522, 4488046.179368, 61.799200, 40.541900, -69.540900
456050.471789, 4488046.129518, 61.452500, 40.542000, -69.519000
457905.059530, 4488046.540456, 59.060600, 40.542100, -69.497100
459759.640789, 4488047.412179, 57.477700, 40.542200, -69.475200
461605.747505, 4488048.788239, 59.094900, 40.542300, -69.453400
463460.315942, 4488050.579420, 57.345100, 40.542400, -69.431500
467160.916904, 4488044.481255, 58.375300, 40.542500, -69.387800
465314.878025, 4488052.831378, 58.486800, 40.542500, -69.409600
469015.469178, 4488047.652660, 58.789000, 40.542600, -69.365900
472716.046492, 4488044.308632, 58.107900, 40.542700, -69.322200
470870.015225, 4488051.284835, 58.560600, 40.542700, -69.344000
476425.078319, 4488042.772526, 58.473100, 40.542800, -69.278400
474570.582985, 4488048.860240, 58.054100, 40.542800, -69.300300
480125.628951, 4488043.102024, 65.379000, 40.542900, -69.234700
478279.605412, 4488048.245664, 63.268700, 40.542900, -69.256500
483834.634739, 4488045.247822, 71.158900, 40.543000, -69.190900
481980.146830, 4488049.494582, 66.877300, 40.543000, -69.212800
511609.575533, 4488047.871518, 66.769600, 40.543100, -68.862900
509763.559447, 4488045.228504, 69.829800, 40.543100, -68.884700
507909.075621, 4488043.033072, 69.598100, 40.543100, -68.906600
493090.143897, 4488042.041159, 75.318000, 40.543100, -69.081600
491235.660174, 4488043.988329, 73.295100, 40.543100, -69.103500
487535.160047, 4488049.250797, 73.302100, 40.543100, -69.147200
485680.675594, 4488052.578140, 71.891400, 40.543100, -69.169100
506054.582972, 4488052.398466, 70.074200, 40.543200, -68.928500
504200.102225, 4488051.124547, 71.207800, 40.543200, -68.950400
502354.089522, 4488050.314052, 71.782900, 40.543200, -68.972200
500499.608924, 4488049.959543, 71.207900, 40.543200, -68.994100
498645.128338, 4488050.065790, 71.821100, 40.543200, -69.016000
496799.115670, 4488050.629158, 73.220600, 40.543200, -69.037800
494944.634979, 4488051.654815, 74.043300, 40.543200, -69.059700
417155.903836, 4489897.424229, 61.638600, 40.555700, -69.978500
419010.322088, 4489899.264705, 62.314300, 40.555900, -69.956600
420864.727450, 4489901.566086, 62.532400, 40.556100, -69.934700
422719.119965, 4489904.328365, 63.080200, 40.556300, -69.912800
424564.920994, 4489896.536842, 63.705100, 40.556400, -69.891000
426419.290732, 4489900.218808, 64.024600, 40.556600, -69.869100
428273.647749, 4489904.361657, 64.673300, 40.556800, -69.847200
430119.421760, 4489897.944412, 65.294200, 40.556900, -69.825400
431973.756255, 4489903.006915, 65.631700, 40.557100, -69.803500
433827.979694, 4489897.430030, 65.154900, 40.557200, -69.781600
435682.291804, 4489903.414273, 64.841300, 40.557400, -69.759700
437528.032204, 4489898.830030, 64.617400, 40.557500, -69.737900
439382.231933, 4489894.633659, 64.747400, 40.557600, -69.716000
441236.512195, 4489901.998376, 64.872400, 40.557800, -69.694100
443090.695396, 4489898.723724, 64.938000, 40.557900, -69.672200
444936.405608, 4489895.972416, 64.879800, 40.558000, -69.650400
446790.654404, 4489904.717570, 64.602600, 40.558200, -69.628500
448644.814530, 4489902.823365, 62.672600, 40.558300, -69.606600
450498.967964, 4489901.390006, 62.660000, 40.558400, -69.584700
452344.648661, 4489900.471566, 62.812600, 40.558500, -69.562900
454198.788853, 4489899.957781, 61.244500, 40.558600, -69.541000
456052.922479, 4489899.904830, 59.191800, 40.558700, -69.519100
457907.049581, 4489900.312710, 56.512900, 40.558800, -69.497200
459752.704186, 4489901.227089, 53.882000, 40.558900, -69.475400
461606.818385, 4489902.554518, 54.220000, 40.559000, -69.453500
465314.976025, 4489895.491695, 56.702300, 40.559100, -69.409700
463460.926188, 4489904.342768, 55.636600, 40.559100, -69.431600
467160.607958, 4489898.238851, 58.760200, 40.559200, -69.387900
469014.699602, 4489901.407452, 60.001200, 40.559300, -69.366000
472722.823661, 4489898.026964, 58.894100, 40.559400, -69.322200
470868.785018, 4489905.036866, 59.064800, 40.559400, -69.344100
476422.468279, 4489896.516477, 54.671900, 40.559500, -69.278500
474568.433597, 4489902.606858, 55.665500, 40.559500, -69.300400
480130.565631, 4489896.818262, 65.805900, 40.559600, -69.234700
478276.534745, 4489901.987024, 59.191900, 40.559600, -69.256600
485684.211144, 4489895.193161, 72.010100, 40.559700, -69.169100
483830.184252, 4489898.981612, 69.593000, 40.559700, -69.191000
481976.156990, 4489903.230868, 66.739800, 40.559700, -69.212900
511615.157633, 4489901.599389, 70.902000, 40.559800, -68.862800
509761.134229, 4489898.942954, 68.268900, 40.559800, -68.884700
507907.111048, 4489896.747319, 69.771900, 40.559800, -68.906600
506053.088048, 4489895.012485, 69.938900, 40.559800, -68.928500
494945.883188, 4489894.268766, 71.625500, 40.559800, -69.059700
493091.860268, 4489895.755316, 72.990400, 40.559800, -69.081600
491237.837190, 4489897.702665, 75.853200, 40.559800, -69.103500
487538.256252, 4489902.965619, 72.549000, 40.559800, -69.147200
504207.524784, 4489904.843320, 70.165900, 40.559900, -68.950300
502353.504777, 4489904.027980, 70.785000, 40.559900, -68.972200
500499.484824, 4489903.673438, 69.521900, 40.559900, -68.994100
498645.464882, 4489903.779695, 69.817100, 40.559900, -69.016000
496791.444910, 4489904.346751, 71.206500, 40.559900, -69.037900
417159.564443, 4491751.372506, 59.782600, 40.572400, -69.978700
419013.521920, 4491753.206965, 60.064000, 40.572600, -69.956800
420867.466509, 4491755.502370, 61.079200, 40.572800, -69.934900
422712.818823, 4491747.246111, 61.631900, 40.572900, -69.913100
424566.740558, 4491750.461299, 61.652900, 40.573100, -69.891200
426420.649532, 4491754.137417, 61.979300, 40.573300, -69.869300
428274.438999, 4491747.174144, 62.364900, 40.573400, -69.847400
430119.861084, 4491751.851446, 63.048500, 40.573600, -69.825600
431973.734824, 4491756.908229, 63.245700, 40.573800, -69.803700
433827.497450, 4491751.325633, 63.241900, 40.573900, -69.781800
435681.253048, 4491746.203961, 63.249500, 40.574000, -69.759900
437535.094661, 4491752.643477, 63.324900, 40.574200, -69.738000
439380.369434, 4491748.512443, 63.412700, 40.574300, -69.716200
441234.188952, 4491755.871652, 63.405100, 40.574500, -69.694300
443087.911355, 4491752.591502, 63.394200, 40.574600, -69.672400
444941.626941, 4491749.772251, 63.569800, 40.574700, -69.650500
446795.335752, 4491747.413895, 63.012600, 40.574800, -69.628600
448640.650269, 4491756.674959, 61.028200, 40.575000, -69.606800
450494.342914, 4491755.236271, 62.567600, 40.575100, -69.584900
452348.028910, 4491754.258466, 61.246800, 40.575200, -69.563000
454201.708301, 4491753.741541, 59.637700, 40.575300, -69.541100
456055.381127, 4491753.685493, 57.971200, 40.575400, -69.519200
465315.132775, 4491749.257488, 53.989600, 40.575800, -69.409800
467160.306022, 4491752.001814, 55.055400, 40.575900, -69.388000
470867.518130, 4491747.694107, 58.320400, 40.576000, -69.344200
469013.936877, 4491755.167614, 56.886500, 40.576000, -69.366100
472721.139334, 4491751.781619, 61.580100, 40.576100, -69.322300
476419.864459, 4491750.265806, 58.656600, 40.576200, -69.278600
474574.754397, 4491756.329981, 55.910300, 40.576200, -69.300400
480127.040218, 4491750.562422, 59.903000, 40.576300, -69.234800
478273.470140, 4491755.733764, 55.065200, 40.576300, -69.256700
485679.305440, 4491748.929881, 71.770700, 40.576400, -69.169200
483834.203125, 4491752.702427, 70.547500, 40.576400, -69.191000
481980.636671, 4491756.952073, 65.096900, 40.576400, -69.212900
509758.708178, 4491752.662778, 67.334800, 40.576500, -68.884700
507905.145801, 4491750.466941, 66.737400, 40.576500, -68.906600
506051.583604, 4491748.731948, 67.467300, 40.576500, -68.928500
504206.485298, 4491747.462566, 68.358400, 40.576500, -68.950300
502352.923334, 4491746.647151, 67.496200, 40.576500, -68.972200
500499.361424, 4491746.292577, 67.853500, 40.576500, -68.994100
498645.799525, 4491746.398844, 65.829800, 40.576500, -69.016000
496792.237596, 4491746.965952, 69.354700, 40.576500, -69.037900
494947.139347, 4491747.988160, 68.897400, 40.576500, -69.059700
493093.577229, 4491749.474846, 72.486400, 40.576500, -69.081600
491240.014954, 4491751.422375, 73.767000, 40.576500, -69.103500
487532.889763, 4491756.699961, 70.655100, 40.576500, -69.147300
417163.240539, 4493605.326077, 57.717500, 40.589100, -69.978900
419008.274759, 4493607.246500, 58.092000, 40.589300, -69.957100
420861.640556, 4493598.433444, 59.504600, 40.589400, -69.935200
422715.114167, 4493601.181769, 59.827400, 40.589600, -69.913300
424568.574978, 4493604.391072, 60.012000, 40.589800, -69.891400
426422.023031, 4493608.061347, 60.657900, 40.590000, -69.869500
428275.351517, 4493601.092243, 60.510300, 40.590100, -69.847600
430120.314792, 4493605.763813, 60.716600, 40.590300, -69.825800
431973.626276, 4493599.714552, 61.553400, 40.590400, -69.803900
433827.029274, 4493605.226579, 61.418600, 40.590600, -69.782000
435680.323904, 4493600.099244, 61.666200, 40.590700, -69.760100
437533.704610, 4493606.533171, 61.526400, 40.590900, -69.738200
439386.982556, 4493602.327743, 61.141200, 40.591000, -69.716300
441231.791593, 4493598.650002, 60.932300, 40.591100, -69.694500
443085.140591, 4493606.464644, 60.905400, 40.591300, -69.672600
444938.395223, 4493603.639941, 60.943900, 40.591400, -69.650700
446791.643084, 4493601.276176, 61.465000, 40.591500, -69.628800
448644.884214, 4493599.373344, 61.254600, 40.591600, -69.606900
450498.192401, 4493609.031693, 61.140400, 40.591800, -69.585000
452351.417436, 4493608.050710, 59.565200, 40.591900, -69.563100
454196.174008, 4493607.582662, 57.928800, 40.592000, -69.541300
470866.301285, 4493601.456851, 58.195400, 40.592700, -69.344300
469013.181006, 4493608.933146, 54.025000, 40.592700, -69.366200
474572.577782, 4493598.987152, 57.158700, 40.592800, -69.300500
472719.461544, 4493605.541648, 58.860000, 40.592800, -69.322400
478278.840925, 4493598.361030, 54.601700, 40.592900, -69.256700
476425.728562, 4493603.993736, 59.883500, 40.592900, -69.278600
481976.629370, 4493599.598936, 59.878300, 40.593000, -69.213000
480123.520710, 4493604.311963, 57.833200, 40.593000, -69.234900
487535.971630, 4493599.325359, 69.778300, 40.593100, -69.147300
485682.866833, 4493602.655721, 73.587600, 40.593100, -69.169200
483829.761710, 4493606.446971, 68.903300, 40.593100, -69.191100
509756.281295, 4493606.387975, 66.340800, 40.593200, -68.884700
507911.641529, 4493604.200918, 65.037400, 40.593200, -68.906500
506058.540292, 4493602.463661, 65.400700, 40.593200, -68.928400
504205.439193, 4493601.187288, 69.579300, 40.593200, -68.950300
502352.338189, 4493600.371799, 66.132500, 40.593200, -68.972200
500499.237239, 4493600.017192, 65.751300, 40.593200, -68.994100
498646.136300, 4493600.123469, 65.701900, 40.593200, -69.016000
496793.035330, 4493600.690629, 65.949300, 40.593200, -69.037900
494939.934287, 4493601.718672, 72.762800, 40.593200, -69.059800
493095.294779, 4493603.199752, 73.386300, 40.593200, -69.081600
417158.471876, 4495459.379050, 56.881700, 40.605800, -69.979200
419011.386638, 4495450.098957, 57.440300, 40.605900, -69.957300
420864.412004, 4495452.380335, 57.909600, 40.606100, -69.935400
422717.424530, 4495455.122738, 58.655500, 40.606300, -69.913500
424570.424258, 4495458.326161, 58.879400, 40.606500, -69.891600
426423.301557, 4495450.890212, 58.975500, 40.606600, -69.869700
428267.818502, 4495455.097157, 59.313700, 40.606800, -69.847900
430120.782885, 4495459.681513, 58.686600, 40.607000, -69.826000
431973.633237, 4495453.626509, 58.851200, 40.607100, -69.804100
433826.575166, 4495459.132868, 59.360100, 40.607300, -69.782200
435679.408671, 4495453.999874, 59.064500, 40.607400, -69.760300
437532.328313, 4495460.428217, 58.061100, 40.607600, -69.738400
439385.145139, 4495456.217214, 58.792700, 40.607700, -69.716500
441237.955069, 4495452.467205, 59.422200, 40.607800, -69.694600
443090.842977, 4495460.278494, 59.207700, 40.608000, -69.672700
444943.636480, 4495457.450448, 58.901400, 40.608100, -69.650800
446787.963378, 4495455.143829, 59.293100, 40.608200, -69.629000
448640.743402, 4495453.235634, 59.449400, 40.608300, -69.607100
450493.516740, 4495451.788410, 60.474700, 40.608400, -69.585200
452346.283434, 4495450.802154, 59.107900, 40.608500, -69.563300
454199.043525, 4495450.276862, 56.781100, 40.608600, -69.541400
474570.445402, 4495452.749854, 59.045500, 40.609500, -69.300600
472717.790293, 4495459.307052, 59.140600, 40.609500, -69.322500
478275.786319, 4495452.118485, 60.632200, 40.609600, -69.256800
476423.135081, 4495457.753810, 56.820700, 40.609600, -69.278700
481981.114222, 4495453.330849, 60.226100, 40.609700, -69.213000
480128.466687, 4495458.044306, 58.881500, 40.609700, -69.234900
487539.073124, 4495453.056267, 71.262600, 40.609800, -69.147300
485686.429448, 4495456.386933, 76.292700, 40.609800, -69.169200
483833.785448, 4495460.178529, 63.931000, 40.609800, -69.191100
509762.313124, 4495460.129633, 64.468500, 40.609900, -68.884600
507909.672827, 4495457.931291, 66.154100, 40.609900, -68.906500
506057.032709, 4495456.193876, 65.415800, 40.609900, -68.928400
504204.392729, 4495454.917386, 66.212500, 40.609900, -68.950300
502351.752843, 4495454.101822, 66.524900, 40.609900, -68.972200
500499.113011, 4495453.747184, 65.116000, 40.609900, -68.994100
498646.473189, 4495453.853470, 64.167300, 40.609900, -69.016000
496793.833338, 4495454.420681, 66.474300, 40.609900, -69.037900
494941.193413, 4495455.448818, 71.316200, 40.609900, -69.059800
493088.553375, 4495456.937881, 71.335700, 40.609900, -69.081700
417162.057514, 4497302.242764, 55.084400, 40.622400, -69.979400
419014.634511, 4497304.057111, 55.618300, 40.622600, -69.957500
420867.198630, 4497306.332531, 56.320100, 40.622800, -69.935600
422719.749913, 4497309.069018, 57.297000, 40.623000, -69.913700
424563.830378, 4497312.352293, 57.570100, 40.623200, -69.891900
426416.246396, 4497304.908375, 57.076200, 40.623300, -69.870000
428268.762216, 4497309.025937, 57.520600, 40.623500, -69.848100
430121.161142, 4497302.504145, 57.557300, 40.623600, -69.826200
431973.654429, 4497307.543804, 57.376800, 40.623800, -69.804300
433826.135131, 4497313.044499, 56.518300, 40.624000, -69.782400
435678.507352, 4497307.905852, 57.672200, 40.624100, -69.760500
437530.872598, 4497303.228249, 57.203700, 40.624200, -69.738600
439383.321320, 4497310.112043, 56.336100, 40.624400, -69.716700
441235.669976, 4497306.356506, 56.388100, 40.624500, -69.694800
443088.011782, 4497303.061999, 57.103500, 40.624600, -69.672900
444940.428901, 4497311.328852, 56.796700, 40.624800, -69.651000
446792.754368, 4497308.956384, 56.656100, 40.624900, -69.629100
448645.073109, 4497307.044934, 55.244800, 40.625000, -69.607200
450497.385167, 4497305.594497, 56.934000, 40.625100, -69.585300
452349.690584, 4497304.605069, 55.511500, 40.625200, -69.563400
478272.737779, 4497305.881321, 54.694600, 40.626300, -69.256900
476420.547824, 4497311.519262, 54.356900, 40.626300, -69.278800
483829.328990, 4497302.833593, 63.831200, 40.626400, -69.191200
481977.143142, 4497307.088609, 65.043500, 40.626400, -69.213100
480124.956888, 4497311.804599, 58.775800, 40.626400, -69.235000
509759.897026, 4497302.765350, 66.134200, 40.626500, -68.884600
487533.718228, 4497306.806711, 73.650300, 40.626500, -69.147400
485681.535830, 4497310.139785, 71.583100, 40.626500, -69.169300
507907.703450, 4497311.667040, 65.191900, 40.626600, -68.906500
506055.524609, 4497309.929467, 63.424500, 40.626600, -68.928400
504203.345905, 4497308.652861, 63.968100, 40.626600, -68.950300
502351.167296, 4497307.837223, 67.925900, 40.626600, -68.972200
500498.988740, 4497307.482552, 64.452600, 40.626600, -68.994100
498646.810195, 4497307.588848, 62.861600, 40.626600, -69.016000
496794.631619, 4497308.156111, 68.473200, 40.626600, -69.037900
494942.452971, 4497309.184342, 70.624100, 40.626600, -69.059800
493090.274210, 4497310.673539, 72.941200, 40.626600, -69.081700
424565.598916, 4499155.197584, 55.633100, 40.639800, -69.892100
426417.666052, 4499158.848268, 55.495300, 40.640000, -69.870200
428269.720480, 4499162.960046, 55.923400, 40.640200, -69.848300
430121.657955, 4499156.432480, 56.462900, 40.640300, -69.826400
431973.689855, 4499161.466438, 55.559400, 40.640500, -69.804500
433825.610413, 4499155.861060, 55.561800, 40.640600, -69.782600
435677.619951, 4499161.817179, 55.692700, 40.640800, -69.760700
437529.523759, 4499157.133969, 55.292800, 40.640900, -69.738800
439381.511102, 4499164.012229, 54.239700, 40.641100, -69.716900
441233.398326, 4499160.251168, 53.184300, 40.641200, -69.695000
443085.278702, 4499156.951180, 53.454200, 40.641300, -69.673100
480129.878710, 4499154.447407, 56.723900, 40.643000, -69.235000
478278.150686, 4499159.624839, 53.672300, 40.643000, -69.256900
483833.357586, 4499156.575863, 63.957300, 40.643100, -69.191200
481981.633178, 4499160.831264, 61.553500, 40.643100, -69.213100
509757.465543, 4499156.506642, 64.898900, 40.643200, -68.884600
507905.745197, 4499154.307903, 63.974400, 40.643200, -68.906500
487536.823956, 4499160.548369, 71.009600, 40.643200, -69.147400
485685.102996, 4499163.881744, 67.764600, 40.643200, -69.169300
506054.015993, 4499163.670434, 63.099900, 40.643300, -68.928400
504202.298724, 4499162.393713, 64.600800, 40.643300, -68.950300
502350.581549, 4499161.578002, 65.487400, 40.643300, -68.972200
500498.864427, 4499161.223298, 64.670800, 40.643300, -68.994100
498647.147316, 4499161.329604, 63.577900, 40.643300, -69.016000
496795.430174, 4499161.896919, 66.862700, 40.643300, -69.037900
494943.712961, 4499162.925242, 70.158600, 40.643300, -69.059800
493091.995634, 4499164.414574, 76.788100, 40.643300, -69.081700
480126.378601, 4501008.218422, 56.041000, 40.659700, -69.235100
485680.196759, 4501006.545057, 65.497300, 40.659800, -69.169400
483828.934308, 4501010.341890, 63.393300, 40.659800, -69.191300
481977.671495, 4501014.599780, 59.207800, 40.659800, -69.213200
509763.486464, 4501010.264408, 63.888700, 40.659900, -68.884500
507903.774474, 4501008.054372, 64.496200, 40.659900, -68.906500
506052.515898, 4501006.316486, 62.351500, 40.659900, -68.928400
487531.477509, 4501014.309575, 65.331900, 40.659900, -69.147500
504201.251183, 4501016.139943, 64.059500, 40.660000, -68.950300
502349.995601, 4501015.324158, 65.344000, 40.660000, -68.972200
500498.740071, 4501014.969423, 65.302300, 40.660000, -68.994100
498647.484552, 4501015.075738, 63.911000, 40.660000, -69.016000
496796.229003, 4501015.643104, 66.543200, 40.660000, -69.037900
494944.973382, 4501016.671520, 73.243600, 40.660000, -69.059800
480131.335567, 4502861.972212, 56.148000, 40.676400, -69.235100
485683.768469, 4502860.297733, 64.473200, 40.676500, -69.169400
483832.967771, 4502864.094907, 60.606600, 40.676500, -69.191300
481982.166714, 4502868.353179, 58.092100, 40.676500, -69.213200
509761.051207, 4502864.016453, 65.599600, 40.676600, -68.884500
507910.254204, 4502861.815213, 64.466900, 40.676600, -68.906400
506059.457378, 4502860.075065, 64.450300, 40.676600, -68.928300
504200.209560, 4502858.791227, 64.044000, 40.676600, -68.950300
496797.023319, 4502858.294343, 69.419600, 40.676600, -69.037900
494946.226684, 4502859.322851, 78.383400, 40.676600, -69.059800
489385.384807, 4502865.186999, 63.501200, 40.676600, -69.125600
487534.587472, 4502868.061984, 65.385300, 40.676600, -69.147500
502349.409452, 4502869.075693, 65.106400, 40.676700, -68.972200
500498.615672, 4502868.720926, 64.800900, 40.676700, -68.994100
498647.821904, 4502868.827251, 66.642700, 40.676700, -69.016000
481978.187489, 4504711.032086, 56.584700, 40.693100, -69.213300
487537.679868, 4504710.719406, 65.752200, 40.693200, -69.147500
485687.341400, 4504714.055783, 67.997000, 40.693200, -69.169400
483828.553578, 4504717.871695, 61.715300, 40.693200, -69.191400
509758.615117, 4504717.773876, 65.801200, 40.693300, -68.884500
507908.280023, 4504715.572438, 65.344000, 40.693300, -68.906400
506057.945105, 4504713.832135, 67.424500, 40.693300, -68.928300
504207.610321, 4504712.552965, 64.424500, 40.693300, -68.950200
502348.826614, 4504711.732251, 64.149400, 40.693300, -68.972200
500498.491976, 4504711.377452, 67.329600, 40.693300, -68.994100
498648.157350, 4504711.483786, 66.388200, 40.693300, -69.016000
496797.822693, 4504712.051253, 70.737900, 40.693300, -69.037900
494947.487965, 4504713.079853, 79.870800, 40.693300, -69.059800
489388.033924, 4504718.944526, 61.213900, 40.693300, -69.125600
441239.153393, 4462117.007024, 75.156500, 40.307500, -69.691500
443091.810418, 4462124.970903, 74.605800, 40.307700, -69.669700
444935.876344, 4462122.353213, 74.231900, 40.307800, -69.648000
446788.433116, 4462120.127268, 73.921000, 40.307900, -69.626200
448640.983150, 4462118.357325, 73.689500, 40.308000, -69.604400
450493.526491, 4462117.043380, 75.156600, 40.308100, -69.582600
452346.063183, 4462116.185429, 73.994000, 40.308200, -69.560800
454198.593270, 4462115.783469, 75.095400, 40.308300, -69.539000
513459.737046, 4462121.648237, 93.073900, 40.309500, -68.841600
511607.323114, 4462118.563228, 94.642900, 40.309500, -68.863400
509763.406770, 4462115.945194, 94.710800, 40.309500, -68.885100
507910.981680, 4462124.869624, 94.020000, 40.309600, -68.906900
506058.571180, 4462123.150387, 90.619600, 40.309600, -68.928700
504206.160824, 4462121.887104, 91.410500, 40.309600, -68.950500
502353.750569, 4462121.079775, 91.698200, 40.309600, -68.972300
500501.340371, 4462120.728398, 90.638300, 40.309600, -68.994100
437532.291133, 4463967.351281, 75.691000, 40.323900, -69.735300
439384.513864, 4463974.397560, 74.608700, 40.324100, -69.713500
441236.637498, 4463970.800107, 73.729400, 40.324200, -69.691700
454201.380702, 4463969.487063, 73.350100, 40.325000, -69.539100
456053.447899, 4463969.537957, 73.625900, 40.325100, -69.517300
457905.508582, 4463970.044879, 73.609800, 40.325200, -69.495500
459757.562794, 4463971.007827, 75.858200, 40.325300, -69.473700
461609.610581, 4463972.426797, 76.214700, 40.325400, -69.451900
463461.651986, 4463974.301786, 75.956800, 40.325500, -69.430100
467165.667374, 4463968.320124, 77.632600, 40.325600, -69.386500
465313.687054, 4463976.632792, 77.330400, 40.325600, -69.408300
469017.692633, 4463971.563162, 79.934700, 40.325700, -69.364700
472721.684324, 4463968.317588, 81.379000, 40.325800, -69.321100
470869.711687, 4463975.262209, 80.917100, 40.325800, -69.342900
476425.662482, 4463966.896055, 84.114100, 40.325900, -69.277500
474573.693834, 4463972.928654, 80.953300, 40.325900, -69.299300
480129.627459, 4463967.298547, 83.471100, 40.326000, -69.233900
478277.662624, 4463972.419132, 83.750500, 40.326000, -69.255700
483833.579609, 4463969.525051, 86.789600, 40.326100, -69.190300
481981.618410, 4463973.733628, 85.381200, 40.326100, -69.212100
513464.916516, 4463975.303331, 89.751600, 40.326200, -68.841500
511612.958919, 4463972.215931, 89.966400, 40.326200, -68.863300
509761.001599, 4463969.584530, 89.398100, 40.326200, -68.885100
507909.044512, 4463967.409129, 88.784300, 40.326200, -68.906900
493093.390894, 4463966.421832, 91.166300, 40.326200, -69.081300
491241.433915, 4463968.350409, 90.001400, 40.326200, -69.103100
489389.476726, 4463970.734983, 88.573000, 40.326200, -69.124900
487537.519285, 4463973.575558, 87.968800, 40.326200, -69.146700
485685.561546, 4463976.872133, 88.467500, 40.326200, -69.168500
506057.078675, 4463976.789377, 89.382200, 40.326300, -68.928700
504205.124653, 4463975.525972, 89.986400, 40.326300, -68.950500
502353.170733, 4463974.718564, 89.480400, 40.326300, -68.972300
500501.216868, 4463974.367153, 89.249000, 40.326300, -68.994100
498649.263015, 4463974.471740, 89.259400, 40.326300, -69.015900
496797.309130, 4463975.032323, 89.452800, 40.326300, -69.037700
494945.355168, 4463976.048905, 91.013000, 40.326300, -69.059500
435679.017811, 4465825.676118, 74.544900, 40.340500, -69.757300
437530.701552, 4465821.160880, 74.313000, 40.340600, -69.735500
457907.391135, 4465823.747600, 72.124900, 40.341900, -69.495600
459758.988863, 4465824.707506, 73.370800, 40.342000, -69.473800
461610.580167, 4465826.123479, 74.193200, 40.342100, -69.452000
465313.692460, 4465819.223888, 76.483300, 40.342200, -69.408400
463462.165090, 4465827.995516, 74.528700, 40.342200, -69.430200
467165.267489, 4465822.008049, 77.239000, 40.342300, -69.386600
469016.836269, 4465825.248267, 79.419800, 40.342400, -69.364800
472719.914981, 4465821.997153, 80.734200, 40.342500, -69.321200
470868.398846, 4465828.944538, 80.201200, 40.342500, -69.343000
476422.980163, 4465820.570257, 81.912100, 40.342600, -69.277600
474571.468015, 4465826.605532, 80.633000, 40.342600, -69.299400
480126.032169, 4465820.967561, 81.804900, 40.342700, -69.234000
478274.523831, 4465826.090734, 82.579100, 40.342700, -69.255800
485680.575669, 4465819.434026, 86.464800, 40.342800, -69.168600
483829.071350, 4465823.189055, 85.358700, 40.342800, -69.190400
481977.566647, 4465827.400132, 83.973700, 40.342800, -69.212200
513461.597524, 4465828.948587, 88.516100, 40.342900, -68.841500
511610.096422, 4465825.860888, 87.091300, 40.342900, -68.863300
509758.595596, 4465823.229233, 87.824700, 40.342900, -68.885100
507907.095001, 4465821.053621, 88.347600, 40.342900, -68.906900
506055.594594, 4465819.334052, 86.335000, 40.342900, -68.928700
494946.593636, 4465818.593508, 87.950400, 40.342900, -69.059500
493095.093313, 4465820.066229, 88.158800, 40.342900, -69.081300
491243.592826, 4465821.994992, 88.785100, 40.342900, -69.103100
489383.599007, 4465824.391787, 88.064800, 40.342900, -69.125000
487532.098058, 4465827.234729, 88.056900, 40.342900, -69.146800
504204.088124, 4465829.170207, 86.194600, 40.343000, -68.950500
502352.590695, 4465828.362721, 87.431500, 40.343000, -68.972300
500501.093322, 4465828.011277, 86.606100, 40.343000, -68.994100
498649.595961, 4465828.115873, 86.463300, 40.343000, -69.015900
496798.098567, 4465828.676511, 86.608900, 40.343000, -69.037700
435677.898592, 4467679.496723, 73.878400, 40.357200, -69.757500
463462.631518, 4467670.594839, 73.667400, 40.358800, -69.430300
461611.557217, 4467679.825515, 73.514300, 40.358800, -69.452100
465313.756201, 4467672.920036, 75.005000, 40.358900, -69.408500
467164.874594, 4467675.701335, 75.692100, 40.359000, -69.386700
470867.049637, 4467671.532488, 79.269000, 40.359100, -69.343100
469015.986739, 4467678.938735, 77.959800, 40.359100, -69.364900
472718.152154, 4467675.682086, 79.674000, 40.359200, -69.321300
476420.304045, 4467674.249829, 80.494300, 40.359300, -69.277700
474569.248555, 4467680.287778, 78.884600, 40.359300, -69.299500
480130.933825, 4467674.619488, 81.630800, 40.359400, -69.234000
478271.391081, 4467679.767709, 81.856200, 40.359400, -69.255900
513466.788311, 4467671.514703, 89.576900, 40.359500, -68.841400
485684.107371, 4467673.084767, 84.736100, 40.359500, -69.168600
483833.059705, 4467676.840158, 83.477900, 40.359500, -69.190400
481982.011657, 4467681.051641, 81.875200, 40.359500, -69.212200
511615.723963, 4467679.524334, 86.141800, 40.359600, -68.863200
509756.188759, 4467676.879302, 86.284600, 40.359600, -68.885100
507905.144816, 4467674.703481, 85.727100, 40.359600, -68.906900
506054.101059, 4467672.983746, 84.614900, 40.359600, -68.928700
504203.057445, 4467671.720097, 84.714000, 40.359600, -68.950500
502352.013932, 4467670.912534, 84.733100, 40.359600, -68.972300
500500.970473, 4467670.561055, 84.373000, 40.359600, -68.994100
498649.927027, 4467670.665662, 85.495500, 40.359600, -69.015900
496798.883549, 4467671.226354, 84.856600, 40.359600, -69.037700
494939.348969, 4467672.248846, 86.351200, 40.359600, -69.059600
493088.305295, 4467673.723800, 87.980000, 40.359600, -69.081400
491237.261457, 4467675.654841, 86.274800, 40.359600, -69.103200
489386.217411, 4467678.041969, 86.260200, 40.359600, -69.125000
487535.173114, 4467680.885184, 86.256400, 40.359600, -69.146800
433825.918147, 4469527.205517, 74.696500, 40.373700, -69.779500
435676.698151, 4469522.222771, 73.008600, 40.373800, -69.757700
463463.159205, 4469524.299250, 73.193400, 40.375500, -69.430400
465313.827093, 4469526.621543, 74.242000, 40.375600, -69.408600
467164.488691, 4469529.399983, 74.119800, 40.375700, -69.386800
470865.750120, 4469525.225517, 78.044300, 40.375800, -69.343200
469015.144042, 4469532.634568, 77.983800, 40.375800, -69.365000
474575.486854, 4469522.846875, 79.746500, 40.375900, -69.299500
472716.395845, 4469529.372387, 79.477400, 40.375900, -69.321400
478276.721229, 4469522.325728, 81.494100, 40.376000, -69.255900
476426.123113, 4469527.908115, 80.333700, 40.376000, -69.277700
481977.942610, 4469523.629126, 81.521800, 40.376100, -69.212300
480127.348211, 4469528.299240, 80.811700, 40.376100, -69.234100
513463.464934, 4469525.170658, 84.455900, 40.376200, -68.841400
511612.874558, 4469522.080274, 82.887200, 40.376200, -68.863200
487538.230811, 4469523.441253, 84.298200, 40.376200, -69.146800
485687.640294, 4469526.740873, 83.065400, 40.376200, -69.168600
483828.560490, 4469530.514904, 82.096600, 40.376200, -69.190500
509762.270023, 4469530.545771, 83.162900, 40.376300, -68.885000
507911.682887, 4469528.367648, 84.378500, 40.376300, -68.906800
506052.607007, 4469526.638808, 84.145200, 40.376300, -68.928700
504202.020201, 4469525.375038, 83.283500, 40.376300, -68.950500
502351.433494, 4469524.567397, 84.237400, 40.376300, -68.972300
500500.846842, 4469524.215885, 82.798500, 40.376300, -68.994100
498650.260203, 4469524.320501, 82.930900, 40.376300, -69.015900
496799.673531, 4469524.881247, 84.094700, 40.376300, -69.037700
494940.597854, 4469525.903837, 84.412000, 40.376300, -69.059600
493090.010987, 4469527.378933, 86.912600, 40.376300, -69.081400
491239.423957, 4469529.310160, 85.097000, 40.376300, -69.103200
489388.836721, 4469531.697517, 85.563100, 40.376300, -69.125000
433825.283584, 4471381.042468, 74.120500, 40.390400, -69.779700
435675.606618, 4471376.054028, 72.795700, 40.390500, -69.757900
465313.905137, 4471380.328411, 73.840700, 40.392300, -69.408700
469014.262347, 4471375.235951, 76.176100, 40.392400, -69.365100
467164.109783, 4471383.103994, 73.224200, 40.392400, -69.386900
470864.457281, 4471378.923912, 77.500800, 40.392500, -69.343300
474573.277995, 4471376.539817, 78.421600, 40.392600, -69.299600
472723.132962, 4471383.037200, 79.322400, 40.392600, -69.321400
478273.598449, 4471376.013405, 80.058700, 40.392700, -69.256000
476423.457305, 4471381.598419, 80.513200, 40.392700, -69.277800
481982.392781, 4471377.291330, 80.520400, 40.392800, -69.212300
480123.768484, 4471381.984366, 79.088900, 40.392800, -69.234200
513460.140408, 4471378.831979, 84.194000, 40.392900, -68.841400
511610.006999, 4471375.741299, 81.280500, 40.392900, -68.863200
489391.441243, 4471374.258650, 83.565000, 40.392900, -69.125000
487532.821137, 4471377.116505, 82.636100, 40.392900, -69.146900
485682.687587, 4471380.418532, 82.641700, 40.392900, -69.168700
483832.553701, 4471384.176737, 81.496900, 40.392900, -69.190500
509759.859426, 4471384.206576, 81.228400, 40.393000, -68.885000
507909.729256, 4471382.028245, 81.601800, 40.393000, -68.906800
506059.599272, 4471380.306088, 82.090700, 40.393000, -68.928600
504200.982597, 4471379.035348, 81.967500, 40.393000, -68.950500
502350.852855, 4471378.227630, 82.484800, 40.393000, -68.972300
500500.723168, 4471377.876084, 81.097700, 40.393000, -68.994100
498650.593493, 4471377.980711, 81.493000, 40.393000, -69.015900
496791.976953, 4471378.545133, 82.712900, 40.393000, -69.037800
494941.847171, 4471379.564198, 82.861300, 40.393000, -69.059600
493091.717269, 4471381.039435, 86.893800, 40.393000, -69.081400
491241.587206, 4471382.970846, 83.127600, 40.393000, -69.103200
433824.663055, 4473234.884757, 74.397200, 40.407100, -69.779900
469013.433296, 4473228.942481, 75.366400, 40.409100, -69.365200
467163.737869, 4473236.813367, 73.043400, 40.409100, -69.387000
470871.655946, 4473232.594713, 76.948600, 40.409200, -69.343300
474571.075498, 4473230.238131, 77.443000, 40.409300, -69.299700
472721.387598, 4473236.738226, 78.159900, 40.409300, -69.321500
478278.966505, 4473229.681876, 80.125400, 40.409400, -69.256000
476420.797703, 4473235.294096, 73.663400, 40.409400, -69.277900
483828.039598, 4473226.762406, 80.761600, 40.409500, -69.190600
481978.359720, 4473230.979281, 78.794600, 40.409500, -69.212400
480128.679420, 4473235.652380, 78.891900, 40.409500, -69.234200
511615.623202, 4473229.420829, 79.378000, 40.409600, -68.863100
509757.462438, 4473226.772936, 79.352800, 40.409600, -68.885000
489385.577606, 4473227.936905, 82.749200, 40.409600, -69.125100
487535.901474, 4473230.783028, 82.147900, 40.409600, -69.146900
485686.225050, 4473234.085371, 81.011400, 40.409600, -69.168700
507907.774950, 4473235.694211, 80.652300, 40.409700, -68.906800
506058.102090, 4473233.971889, 79.019800, 40.409700, -68.928600
504199.944635, 4473232.701028, 79.896400, 40.409700, -68.950500
502350.272016, 4473231.893233, 80.651900, 40.409700, -68.972300
500500.599452, 4473231.541654, 79.016900, 40.409700, -68.994100
498650.926899, 4473231.646290, 79.832600, 40.409700, -69.015900
496792.769578, 4473232.210767, 80.675300, 40.409700, -69.037800
494943.096919, 4473233.229929, 81.030700, 40.409700, -69.059600
493093.424141, 4473234.705307, 82.939900, 40.409700, -69.081400
491235.266463, 4473236.646814, 81.818300, 40.409700, -69.103300
431974.540180, 4475083.088526, 75.119500, 40.423600, -69.801900
433824.056564, 4475088.732385, 74.184400, 40.423800, -69.780100
469012.611083, 4475082.654376, 73.911800, 40.425800, -69.365300
472719.608355, 4475079.344752, 75.854200, 40.425900, -69.321600
470870.374370, 4475086.303830, 75.307600, 40.425900, -69.343400
474568.879367, 4475083.941815, 75.261200, 40.426000, -69.299800
480125.079942, 4475078.248389, 77.161000, 40.426100, -69.234300
478275.853724, 4475083.380290, 78.781500, 40.426100, -69.256100
476426.627000, 4475088.968461, 76.879600, 40.426100, -69.277900
483832.037656, 4475080.434938, 80.279600, 40.426200, -69.190600
481982.815064, 4475084.652214, 78.455700, 40.426200, -69.212400
511612.751564, 4475083.092590, 78.120400, 40.426300, -68.863100
509763.532834, 4475080.455492, 77.060700, 40.426300, -68.884900
507905.831678, 4475078.265702, 77.673500, 40.426300, -68.906800
491237.420326, 4475079.218395, 80.696600, 40.426300, -69.103300
489388.201724, 4475081.608526, 82.643000, 40.426300, -69.125100
487538.982875, 4475084.454919, 80.687600, 40.426300, -69.146900
485681.281077, 4475087.773776, 80.826500, 40.426300, -69.168800
506056.604391, 4475087.643061, 77.790300, 40.426400, -68.928600
504207.388954, 4475086.376836, 78.120700, 40.426400, -68.950400
502349.690976, 4475085.564207, 78.538900, 40.426400, -68.972300
500500.475692, 4475085.212594, 78.393600, 40.426400, -68.994100
498651.260420, 4475085.317241, 77.276300, 40.426400, -69.015900
496793.562478, 4475085.881771, 79.491900, 40.426400, -69.037800
494944.347099, 4475086.901030, 79.174300, 40.426400, -69.059600
493095.131602, 4475088.376548, 81.123600, 40.426400, -69.081400
415307.237113, 4476940.328926, 75.040900, 40.438800, -69.998600
417156.279662, 4476930.753147, 74.935300, 40.438900, -69.976800
419013.916055, 4476932.642219, 75.242100, 40.439100, -69.954900
420863.058338, 4476935.081489, 75.136700, 40.439300, -69.933100
430125.333580, 4476931.765385, 74.858400, 40.440100, -69.823900
431974.405118, 4476936.947184, 74.190500, 40.440300, -69.802100
472717.876011, 4476933.056485, 75.156100, 40.442600, -69.321700
470869.099476, 4476940.018316, 73.621000, 40.442600, -69.343500
476423.942778, 4476931.574977, 76.555200, 40.442700, -69.278000
474575.170211, 4476937.622082, 75.116800, 40.442700, -69.299800
480129.996357, 4476931.927098, 75.411500, 40.442800, -69.234300
478272.746993, 4476937.084079, 76.433300, 40.442800, -69.256200
485684.801868, 4476930.351468, 80.117300, 40.442900, -69.168800
483827.556522, 4476934.131140, 78.476600, 40.442900, -69.190700
481978.791371, 4476938.350908, 76.809300, 40.442900, -69.212500
511609.878936, 4476936.769720, 75.881300, 40.443000, -68.863100
509761.117645, 4476934.132372, 75.888900, 40.443000, -68.884900
507903.876027, 4476931.942375, 76.026200, 40.443000, -68.906800
506055.115148, 4476930.219728, 76.108800, 40.443000, -68.928600
493088.348869, 4476930.961104, 79.972900, 40.443000, -69.081500
491239.587910, 4476932.895158, 79.464600, 40.443000, -69.103300
489390.826748, 4476935.285516, 80.581200, 40.443000, -69.125100
487533.584781, 4476938.146288, 80.663100, 40.443000, -69.147000
504206.348177, 4476940.053259, 76.146300, 40.443100, -68.950400
502349.109736, 4476939.240553, 76.999000, 40.443100, -68.972300
500500.351890, 4476938.888907, 75.522900, 40.443100, -68.994100
498651.594056, 4476938.993563, 76.179800, 40.443100, -69.015900
496794.355650, 4476939.558147, 78.743700, 40.443100, -69.037800
494945.597710, 4476940.577502, 78.553500, 40.443100, -69.059600
420865.687130, 4478788.980625, 73.232400, 40.456000, -69.933300
422714.359050, 4478791.870349, 73.353300, 40.456200, -69.911500
424571.385408, 4478784.030962, 73.527700, 40.456300, -69.889600
426420.034568, 4478787.835661, 73.925400, 40.456500, -69.867800
428268.671059, 4478792.096787, 74.039000, 40.456700, -69.846000
430125.670267, 4478785.635108, 73.989900, 40.456800, -69.824100
476421.299677, 4478785.286730, 73.602100, 40.459400, -69.278100
480126.435977, 4478785.633673, 73.939300, 40.459500, -69.234400
478278.124807, 4478790.768637, 75.291500, 40.459500, -69.256200
485679.866614, 4478784.050590, 78.628000, 40.459600, -69.168900
483831.559439, 4478787.814405, 75.344900, 40.459600, -69.190700
481983.251889, 4478792.034571, 76.512200, 40.459600, -69.212500
496795.144345, 4478782.139987, 76.520200, 40.459700, -69.037800
494946.841260, 4478783.159438, 76.798900, 40.459700, -69.059600
493090.059604, 4478784.643055, 78.623900, 40.459700, -69.081500
491241.756242, 4478786.577291, 79.489800, 40.459700, -69.103300
489384.974219, 4478788.979892, 79.716200, 40.459700, -69.125200
487536.670407, 4478791.828917, 80.133600, 40.459700, -69.147000
498643.449366, 4478792.676789, 74.939500, 40.459800, -69.016000
481979.210833, 4480634.644061, 73.588000, 40.476200, -69.212600
487539.738611, 4480634.416970, 78.831300, 40.476300, -69.147000
485683.413153, 4480637.738868, 76.352700, 40.476300, -69.168900
483835.563736, 4480641.503036, 74.747600, 40.476300, -69.190700
496795.938063, 4480635.827075, 75.572600, 40.476400, -69.037800
494939.616377, 4480636.852349, 77.212100, 40.476400, -69.059700
493091.770929, 4480638.330378, 78.308700, 40.476400, -69.081500
491235.448964, 4480640.274721, 78.310800, 40.476400, -69.103400
489387.603153, 4480642.667622, 78.966600, 40.476400, -69.125200
487534.352087, 4482488.124429, 76.418100, 40.493000, -69.147100
485686.960914, 4482491.432514, 75.003200, 40.493000, -69.168900
483831.095138, 4482495.215355, 74.609400, 40.493000, -69.190800
494940.870380, 4482490.544906, 76.193500, 40.493100, -69.059700
493093.482843, 4482492.023073, 77.842900, 40.493100, -69.081500
491237.620891, 4482493.967597, 76.601800, 40.493100, -69.103400
489390.232993, 4482496.360723, 77.178100, 40.493100, -69.125200
489384.375814, 4484338.971218, 76.876300, 40.509700, -69.125300
487537.442998, 4484341.823135, 76.020500, 40.509700, -69.147100
485682.037726, 4484345.147757, 75.217300, 40.509700, -69.169000
493095.195347, 4484345.721140, 76.016400, 40.509800, -69.081500
491239.793566, 4484347.665846, 75.351400, 40.509800, -69.103400
489387.009561, 4486192.675030, 75.551800, 40.526400, -69.125300
487532.064906, 4486195.541348, 75.898200, 40.526400, -69.147200
489389.644214, 4488046.384215, 70.761800, 40.543100, -69.125300
489383.813912, 4489900.110815, 75.478800, 40.559800, -69.125400
489386.452479, 4491753.830746, 72.910700, 40.576500, -69.125400
491242.193465, 4493605.147459, 73.207700, 40.593200, -69.103500
489389.091953, 4493607.556051, 70.370400, 40.593200, -69.125400
489383.256960, 4495450.198586, 70.285500, 40.609800, -69.125500
491235.913180, 4495458.887870, 75.784700, 40.609900, -69.103600
489385.900346, 4497303.934608, 70.091800, 40.626500, -69.125500
491238.095292, 4497312.623705, 75.333900, 40.626600, -69.103600
491240.265079, 4499155.264654, 74.603500, 40.643200, -69.103600
489388.544637, 4499157.676006, 68.390800, 40.643200, -69.125500
493093.707335, 4501007.060693, 78.423500, 40.659900, -69.081700
491242.448682, 4501009.011210, 73.443200, 40.659900, -69.103600
489391.189834, 4501011.422779, 69.456500, 40.659900, -69.125500
493095.429935, 4502860.812450, 82.896900, 40.676600, -69.081700
491236.181905, 4502862.773108, 75.892600, 40.676600, -69.103700
493088.704107, 4504714.577446, 86.098600, 40.693300, -69.081800
491238.369113, 4504716.530419, 74.560700, 40.693300, -69.103700
