457904,4490000,55.7896,40.5755,-69.4974,6460
459756,4490000,53.9199,40.5756,-69.4755,6460
463460,4490000,54.6816,40.5757,-69.4317,6460
461608,4490000,52.1052,40.5757,-69.4536,6460
456052,4490000,55.5126,40.5921,-69.5194,6460
457904,4490000,54.7991,40.5922,-69.4975,6460
461608,4490000,52.338,40.5923,-69.4537,6460
459756,4490000,54.716,40.5923,-69.4756,6460
463460,4490000,52.991,40.5924,-69.4318,6460
465312,4490000,53.7944,40.5925,-69.4099,6460
467164,4490000,53.0904,40.5926,-69.3881,6460
456052,4500000,57.9532,40.6087,-69.5195,6460
457904,4500000,54.9813,40.6088,-69.4976,6460
459756,4500000,53.3184,40.6089,-69.4757,6460
461608,4500000,52.3438,40.609,-69.4538,6460
463460,4500000,50.9448,40.6091,-69.4319,6460
465312,4500000,51.0692,40.6092,-69.41,6460
469016,4500000,53.0692,40.6093,-69.3663,6460
467164,4500000,51.1885,40.6093,-69.3882,6460
470868,4500000,54.9944,40.6094,-69.3444,6460
454200,4500000,53.449,40.6253,-69.5415,6460
456052,4500000,55.9524,40.6254,-69.5196,6460
457904,4500000,53.5993,40.6255,-69.4977,6460
459756,4500000,53.1764,40.6256,-69.4758,6460
461608,4500000,54.8284,40.6257,-69.4539,6460
463460,4500000,50.5815,40.6258,-69.432,6460
467164,4500000,48.6532,40.6259,-69.3883,6460
465312,4500000,48.7341,40.6259,-69.4101,6460
469016,4500000,49.9514,40.626,-69.3664,6460
470868,4500000,51.3489,40.6261,-69.3445,6460
474572,4500000,60.4901,40.6262,-69.3007,6460
472720,4500000,55.9636,40.6262,-69.3226,6460
417160,4500000,53.2015,40.6391,-69.9797,6460
419012,4500000,53.741,40.6393,-69.9578,6460
420864,4500000,54.6068,40.6395,-69.9359,6460
422716,4500000,55.0611,40.6397,-69.914,6460
444940,4500000,53.2688,40.6414,-69.6512,6460
446792,4500000,53.279,40.6416,-69.6293,6460
448644,4500000,52.2129,40.6417,-69.6074,6460
450496,4500000,52.745,40.6418,-69.5855,6460
452348,4500000,50.6515,40.6419,-69.5636,6460
454200,4500000,50.5068,40.642,-69.5417,6460
456052,4500000,55.0067,40.6421,-69.5198,6460
457904,4500000,55.1328,40.6422,-69.4979,6460
459756,4500000,54.4314,40.6423,-69.476,6460
461608,4500000,53.1889,40.6424,-69.4541,6460
463460,4500000,51.0041,40.6425,-69.4322,6460
467164,4500000,45.7097,40.6426,-69.3883,6460
465312,4500000,47.8301,40.6426,-69.4103,6460
469016,4500000,39.9551,40.6427,-69.3664,6460
472720,4500000,48.0219,40.6428,-69.3226,6460
470868,4500000,42.6679,40.6428,-69.3445,6460
476424,4500000,53.3756,40.6429,-69.2788,6460
474572,4500000,52.4638,40.6429,-69.3007,6460
417160,4500000,49.8243,40.6558,-69.9799,6460
419012,4500000,50.6811,40.656,-69.958,6460
420864,4500000,51.7174,40.6562,-69.9361,6460
422716,4500000,52.1139,40.6564,-69.9142,6460
424568,4500000,53.1053,40.6565,-69.8923,6460
426420,4500000,53.0083,40.6567,-69.8704,6460
428272,4500000,54.3086,40.6569,-69.8485,6460
430124,4500000,54.5208,40.657,-69.8266,6460
431976,4500000,54.0525,40.6572,-69.8047,6460
433828,4500000,53.5103,40.6573,-69.7828,6460
435680,4500000,53.202,40.6575,-69.7609,6460
437532,4500000,53.4842,40.6576,-69.739,6460
439384,4500000,52.4002,40.6577,-69.7171,6460
441236,4500000,51.3277,40.6579,-69.6951,6460
443088,4500000,50.9811,40.658,-69.6732,6460
444940,4500000,51.3394,40.6581,-69.6513,6460
446792,4500000,50.6095,40.6583,-69.6294,6460
448644,4500000,49.7441,40.6584,-69.6075,6460
450496,4500000,49.5391,40.6585,-69.5856,6460
452348,4500000,48.5262,40.6586,-69.5637,6460
454200,4500000,47.9716,40.6587,-69.5418,6460
456052,4500000,47.123,40.6588,-69.5199,6460
457904,4500000,48.4133,40.6589,-69.498,6460
459756,4500000,50.7739,40.659,-69.4761,6460
461608,4500000,53.8773,40.6591,-69.4542,6460
465312,4500000,52.5779,40.6592,-69.4104,6460
463460,4500000,55.3047,40.6592,-69.4323,6460
467164,4500000,45.1862,40.6593,-69.3884,6460
469016,4500000,49.3829,40.6594,-69.3665,6460
472720,4500000,50.8372,40.6595,-69.3227,6460
470868,4500000,47.5698,40.6595,-69.3446,6460
476424,4500000,51.9637,40.6596,-69.2789,6460
474572,4500000,46.437,40.6596,-69.3008,6460
478276,4500000,55.6842,40.6597,-69.257,6460
419012,4500000,48.8352,40.6727,-69.9583,6460
420864,4500000,49.5693,40.6729,-69.9363,6460
422716,4500000,49.4101,40.673,-69.9144,6460
424568,4500000,50.1203,40.6732,-69.8925,6460
426420,4500000,51.4323,40.6734,-69.8706,6460
428272,4500000,52.4358,40.6735,-69.8487,6460
430124,4500000,53.1977,40.6737,-69.8268,6460
431976,4500000,52.8182,40.6738,-69.8049,6460
433828,4500000,52.0916,40.674,-69.783,6460
435680,4500000,51.9598,40.6741,-69.7611,6460
437532,4500000,51.4831,40.6743,-69.7391,6460
439384,4500000,49.9168,40.6744,-69.7172,6460
441236,4500000,49.2292,40.6746,-69.6953,6460
443088,4500000,48.946,40.6747,-69.6734,6460
444940,4500000,49.0075,40.6748,-69.6515,6460
446792,4500000,48.677,40.6749,-69.6296,6460
448644,4500000,48.7867,40.6751,-69.6077,6460
450496,4500000,48.2929,40.6752,-69.5858,6460
452348,4500000,48.0031,40.6753,-69.5638,6460
454200,4500000,47.3977,40.6754,-69.5419,6460
456052,4500000,46.9716,40.6755,-69.52,6460
457904,4500000,46.3144,40.6756,-69.4981,6460
459756,4500000,47.2625,40.6757,-69.4762,6460
463460,4500000,51.183,40.6758,-69.4324,6460
461608,4500000,50.2272,40.6758,-69.4543,6460
465312,4500000,51.6034,40.6759,-69.4105,6460
467164,4500000,43.9512,40.676,-69.3885,6460
470868,4500000,51.5873,40.6761,-69.3447,6460
469016,4500000,50.3954,40.6761,-69.3666,6460
472720,4500000,54.6739,40.6762,-69.3228,6460
476424,4500000,51.234,40.6763,-69.279,6460
474572,4500000,53.2951,40.6763,-69.3009,6460
478276,4500000,53.3352,40.6764,-69.2571,6460
424568,4500000,48.2462,40.6899,-69.8927,6460
426420,4500000,48.7168,40.6901,-69.8708,6460
428272,4500000,50.1319,40.6902,-69.8489,6460
430124,4500000,50.9707,40.6904,-69.827,6460
431976,4500000,51.6532,40.6905,-69.8051,6460
433828,4500000,50.1928,40.6907,-69.7832,6460
435680,4500000,50.9036,40.6908,-69.7612,6460
437532,4500000,51.4051,40.691,-69.7393,6460
439384,4500000,48.889,40.6911,-69.7174,6460
441236,4500000,47.2717,40.6912,-69.6955,6460
443088,4500000,48.0742,40.6914,-69.6736,6460
444940,4500000,48.1557,40.6915,-69.6517,6460
446792,4500000,47.4176,40.6916,-69.6297,6460
448644,4500000,47.9988,40.6917,-69.6078,6460
474572,4500000,51.6477,40.6929,-69.301,6460
476424,4500000,57.4078,40.693,-69.279,6460
480128,4500000,58.7299,40.6931,-69.2352,6460
478276,4500000,51.6007,40.6931,-69.2571,6460
428272,4510000,47.9627,40.7069,-69.8491,6460
430124,4510000,48.7146,40.7071,-69.8272,6460
431976,4510000,48.9445,40.7072,-69.8053,6460
433828,4510000,47.2325,40.7074,-69.7834,6460
435680,4510000,47.3201,40.7075,-69.7614,6460
437532,4510000,47.7823,40.7077,-69.7395,6460
439384,4510000,46.6986,40.7078,-69.7176,6460
441236,4510000,47.05,40.7079,-69.6957,6460
443088,4510000,45.8424,40.7081,-69.6737,6460
443088,4460000,72.8023,40.3243,-69.6699,6470
444940,4460000,72.7905,40.3245,-69.6481,6470
446792,4460000,72.5799,40.3246,-69.6263,6470
448644,4460000,71.6365,40.3247,-69.6045,6470
450496,4460000,73.8704,40.3248,-69.5827,6470
452348,4460000,73.1301,40.3249,-69.5609,6470
439384,4470000,73.0038,40.3408,-69.7137,6470
441236,4470000,72.0427,40.3409,-69.6919,6470
443088,4470000,71.9099,40.341,-69.6701,6470
444940,4470000,71.6432,40.3411,-69.6483,6470
446792,4470000,71.2937,40.3413,-69.6265,6470
448644,4470000,70.511,40.3414,-69.6047,6470
450496,4470000,72.1745,40.3415,-69.5829,6470
452348,4470000,71.0111,40.3416,-69.5611,6470
454200,4470000,72.205,40.3417,-69.5393,6470
456052,4470000,72.1731,40.3418,-69.5174,6470
437532,4470000,73.196,40.3573,-69.7357,6470
439384,4470000,72.0571,40.3574,-69.7139,6470
441236,4470000,71.0707,40.3576,-69.6921,6470
443088,4470000,70.5709,40.3577,-69.6702,6470
444940,4470000,70.0726,40.3578,-69.6484,6470
446792,4470000,70.1201,40.3579,-69.6266,6470
448644,4470000,69.6852,40.3581,-69.6048,6470
450496,4470000,70.5606,40.3582,-69.583,6470
452348,4470000,70.8586,40.3583,-69.5612,6470
454200,4470000,71.3662,40.3584,-69.5394,6470
456052,4470000,70.705,40.3585,-69.5176,6470
457904,4470000,71.5999,40.3586,-69.4958,6470
459756,4470000,72.9199,40.3587,-69.474,6470
437532,4470000,72.5508,40.374,-69.7359,6470
439384,4470000,71.5696,40.3741,-69.714,6470
441236,4470000,70.3648,40.3743,-69.6922,6470
443088,4470000,69.8424,40.3744,-69.6704,6470
444940,4470000,68.732,40.3745,-69.6486,6470
446792,4470000,68.6789,40.3746,-69.6268,6470
448644,4470000,67.9979,40.3747,-69.605,6470
450496,4470000,68.8084,40.3749,-69.5832,6470
452348,4470000,69.2322,40.375,-69.5613,6470
454200,4470000,66.9551,40.3751,-69.5395,6470
456052,4470000,69.8384,40.3752,-69.5177,6470
457904,4470000,70.1348,40.3753,-69.4959,6470
461608,4470000,72.858,40.3754,-69.4523,6470
459756,4470000,71.1037,40.3754,-69.4741,6470
437532,4470000,72.0334,40.3907,-69.736,6470
439384,4470000,71.1733,40.3908,-69.7142,6470
441236,4470000,70.2174,40.3909,-69.6924,6470
443088,4470000,69.1149,40.3911,-69.6706,6470
444940,4470000,68.2236,40.3912,-69.6488,6470
446792,4470000,67.9398,40.3913,-69.6269,6470
448644,4470000,66.442,40.3914,-69.6051,6470
450496,4470000,67.8721,40.3915,-69.5833,6470
452348,4470000,67.3833,40.3917,-69.5615,6470
454200,4470000,68.0373,40.3918,-69.5397,6470
456052,4470000,66.4973,40.3919,-69.5178,6470
459756,4470000,69.7006,40.392,-69.4742,6470
457904,4470000,68.2306,40.392,-69.496,6470
461608,4470000,71.6204,40.3921,-69.4524,6470
463460,4470000,71.7203,40.3922,-69.4305,6470
435680,4470000,73.1621,40.4072,-69.758,6470
437532,4470000,72.4387,40.4074,-69.7362,6470
439384,4470000,71.4299,40.4075,-69.7144,6470
441236,4470000,70.425,40.4076,-69.6926,6470
443088,4470000,69.4918,40.4078,-69.6707,6470
444940,4470000,68.0117,40.4079,-69.6489,6470
446792,4470000,67.0557,40.408,-69.6271,6470
448644,4470000,66.5194,40.4081,-69.6053,6470
450496,4470000,66.1807,40.4082,-69.5834,6470
452348,4470000,65.1946,40.4083,-69.5616,6470
454200,4470000,65.1251,40.4084,-69.5398,6470
456052,4470000,65.8603,40.4085,-69.518,6470
457904,4470000,66.9691,40.4086,-69.4961,6470
459756,4470000,67.0131,40.4087,-69.4743,6470
461608,4470000,69.8467,40.4088,-69.4525,6470
463460,4470000,69.5092,40.4089,-69.4307,6470
465312,4470000,72.5331,40.409,-69.4088,6470
435680,4480000,73.1702,40.4239,-69.7582,6470
437532,4480000,72.5479,40.424,-69.7364,6470
439384,4480000,71.9583,40.4242,-69.7146,6470
441236,4480000,70.6413,40.4243,-69.6927,6470
443088,4480000,69.6845,40.4244,-69.6709,6470
444940,4480000,68.2689,40.4246,-69.6491,6470
446792,4480000,67.6837,40.4247,-69.6272,6470
448644,4480000,66.4402,40.4248,-69.6054,6470
450496,4480000,66.2478,40.4249,-69.5836,6470
452348,4480000,64.4665,40.425,-69.5618,6470
454200,4480000,64.5806,40.4251,-69.5399,6470
456052,4480000,65.7047,40.4252,-69.5181,6470
457904,4480000,63.9837,40.4253,-69.4963,6470
459756,4480000,66.3797,40.4254,-69.4744,6470
461608,4480000,67.2422,40.4255,-69.4526,6470
463460,4480000,68.4298,40.4256,-69.4308,6470
467164,4480000,71.284,40.4257,-69.3871,6470
465312,4480000,70.8562,40.4257,-69.4089,6470
433828,4480000,73.6251,40.4404,-69.7803,6470
435680,4480000,72.6425,40.4406,-69.7584,6470
437532,4480000,72.7255,40.4407,-69.7366,6470
439384,4480000,71.6454,40.4409,-69.7147,6470
441236,4480000,70.404,40.441,-69.6929,6470
443088,4480000,69.6855,40.4411,-69.6711,6470
444940,4480000,68.5762,40.4412,-69.6492,6470
446792,4480000,67.7683,40.4414,-69.6274,6470
448644,4480000,66.2755,40.4415,-69.6056,6470
450496,4480000,65.8792,40.4416,-69.5837,6470
452348,4480000,64.3515,40.4417,-69.5619,6470
454200,4480000,64.0199,40.4418,-69.5401,6470
456052,4480000,65.8899,40.4419,-69.5182,6470
457904,4480000,64.212,40.442,-69.4964,6470
459756,4480000,62.7543,40.4421,-69.4745,6470
461608,4480000,65.809,40.4422,-69.4527,6470
465312,4480000,68.4883,40.4423,-69.409,6470
463460,4480000,65.5302,40.4423,-69.4309,6470
467164,4480000,67.3042,40.4424,-69.3872,6470
469016,4480000,73.4619,40.4425,-69.3654,6470
417160,4480000,72.8553,40.4556,-69.977,6470
419012,4480000,72.7761,40.4558,-69.9552,6470
431976,4480000,73.4369,40.457,-69.8023,6470
433828,4480000,72.9464,40.4571,-69.7804,6470
435680,4480000,72.2555,40.4573,-69.7586,6470
437532,4480000,71.965,40.4574,-69.7368,6470
439384,4480000,71.1706,40.4575,-69.7149,6470
441236,4480000,70.7901,40.4577,-69.6931,6470
443088,4480000,70.0209,40.4578,-69.6712,6470
444940,4480000,68.9175,40.4579,-69.6494,6470
446792,4480000,67.7423,40.4581,-69.6276,6470
448644,4480000,66.2274,40.4582,-69.6057,6470
450496,4480000,66.1926,40.4583,-69.5839,6470
452348,4480000,64.6412,40.4584,-69.562,6470
454200,4480000,64.4776,40.4585,-69.5402,6470
456052,4480000,65.7651,40.4586,-69.5183,6470
457904,4480000,63.3926,40.4587,-69.4965,6470
459756,4480000,65.4667,40.4588,-69.4747,6470
461608,4480000,62.701,40.4589,-69.4528,6470
465312,4480000,66.381,40.459,-69.4091,6470
463460,4480000,66.0474,40.459,-69.431,6470
467164,4480000,68.1803,40.4591,-69.3873,6470
470868,4480000,71.6573,40.4592,-69.3436,6470
469016,4480000,71.2792,40.4592,-69.3654,6470
472720,4480000,72.4024,40.4593,-69.3218,6470
474572,4480000,73.0037,40.4594,-69.2999,6470
511612,4480000,73.621,40.4597,-68.863,6470
509760,4480000,73.6881,40.4597,-68.8849,6470
507908,4480000,73.7986,40.4597,-68.9067,6470
506056,4480000,74.1614,40.4597,-68.9286,6470
504204,4480000,75.1046,40.4597,-68.9504,6470
502352,4480000,75.2626,40.4598,-68.9723,6470
500500,4480000,74.6375,40.4598,-68.9941,6470
417160,4480000,71.0285,40.4723,-69.9772,6470
419012,4480000,71.4228,40.4725,-69.9554,6470
420864,4480000,71.5162,40.4727,-69.9336,6470
422716,4480000,71.7163,40.4728,-69.9117,6470
424568,4480000,72.1476,40.473,-69.8899,6470
426420,4480000,72.2949,40.4732,-69.868,6470
428272,4480000,72.8318,40.4733,-69.8462,6470
430124,4480000,72.5518,40.4735,-69.8243,6470
431976,4480000,72.459,40.4737,-69.8025,6470
433828,4480000,72.2318,40.4738,-69.7806,6470
435680,4480000,71.0215,40.4739,-69.7588,6470
437532,4480000,70.8692,40.4741,-69.7369,6470
439384,4480000,70.4487,40.4742,-69.7151,6470
441236,4480000,70.3969,40.4744,-69.6933,6470
443088,4480000,70.0982,40.4745,-69.6714,6470
444940,4480000,68.965,40.4746,-69.6496,6470
446792,4480000,68.2623,40.4747,-69.6277,6470
448644,4480000,66.1333,40.4749,-69.6059,6470
450496,4480000,66.3514,40.475,-69.584,6470
452348,4480000,65.12,40.4751,-69.5622,6470
454200,4480000,63.9452,40.4752,-69.5403,6470
456052,4480000,66.0054,40.4753,-69.5185,6470
457904,4480000,63.4167,40.4754,-69.4966,6470
459756,4480000,64.4726,40.4755,-69.4748,6470
463460,4480000,65.3146,40.4756,-69.4311,6470
461608,4480000,63.7988,40.4756,-69.4529,6470
465312,4480000,67.2709,40.4757,-69.4092,6470
467164,4480000,66.1313,40.4758,-69.3874,6470
470868,4480000,68.109,40.4759,-69.3437,6470
469016,4480000,68.2772,40.4759,-69.3655,6470
472720,4480000,69.0138,40.476,-69.3218,6470
476424,4480000,71.6712,40.4761,-69.2781,6470
474572,4480000,70.5185,40.4761,-69.3,6470
480128,4480000,72.9228,40.4762,-69.2344,6470
478276,4480000,73.7254,40.4762,-69.2563,6470
511612,4480000,71.4089,40.4764,-68.863,6470
509760,4480000,73.1265,40.4764,-68.8849,6470
507908,4480000,72.7256,40.4764,-68.9067,6470
506056,4480000,71.6474,40.4764,-68.9286,6470
504204,4480000,74.0137,40.4764,-68.9504,6470
502352,4480000,73.5046,40.4764,-68.9723,6470
500500,4480000,73.005,40.4764,-68.9941,6470
498648,4480000,73.8277,40.4764,-69.016,6470
417160,4480000,69.4903,40.489,-69.9775,6470
419012,4480000,69.5989,40.4892,-69.9556,6470
420864,4480000,69.7618,40.4894,-69.9338,6470
422716,4480000,70.4048,40.4895,-69.9119,6470
424568,4480000,70.7627,40.4897,-69.8901,6470
426420,4480000,69.115,40.4899,-69.8682,6470
428272,4480000,71.6459,40.49,-69.8464,6470
430124,4480000,71.9707,40.4902,-69.8245,6470
431976,4480000,71.1702,40.4903,-69.8027,6470
433828,4480000,70.8246,40.4905,-69.7808,6470
435680,4480000,70.3075,40.4906,-69.759,6470
437532,4480000,70.2908,40.4908,-69.7371,6470
439384,4480000,70.2264,40.4909,-69.7153,6470
441236,4480000,69.6382,40.491,-69.6934,6470
443088,4480000,69.0585,40.4912,-69.6716,6470
444940,4480000,68.6023,40.4913,-69.6497,6470
446792,4480000,68.2081,40.4914,-69.6279,6470
448644,4480000,66.4266,40.4915,-69.606,6470
450496,4480000,66.2655,40.4916,-69.5842,6470
452348,4480000,64.438,40.4918,-69.5623,6470
454200,4480000,63.738,40.4919,-69.5405,6470
456052,4480000,64.2215,40.492,-69.5186,6470
459756,4480000,62.5758,40.4921,-69.4749,6470
457904,4480000,61.9446,40.4921,-69.4967,6470
461608,4480000,63.2233,40.4922,-69.453,6470
463460,4480000,62.4002,40.4923,-69.4312,6470
465312,4480000,63.115,40.4924,-69.4093,6470
469016,4480000,64.0676,40.4925,-69.3656,6470
467164,4480000,61.8439,40.4925,-69.3875,6470
470868,4480000,65.5515,40.4926,-69.3438,6470
474572,4480000,68.095,40.4927,-69.3001,6470
472720,4480000,66.4884,40.4927,-69.3219,6470
478276,4480000,73.0857,40.4928,-69.2564,6470
476424,4480000,71.2298,40.4928,-69.2782,6470
481980,4480000,73.4548,40.4929,-69.2126,6470
480128,4480000,72.3629,40.4929,-69.2345,6470
511612,4480000,69.8852,40.493,-68.863,6470
509760,4480000,71.5285,40.4931,-68.8848,6470
507908,4480000,71.8942,40.4931,-68.9067,6470
506056,4480000,71.4885,40.4931,-68.9285,6470
504204,4480000,71.727,40.4931,-68.9504,6470
502352,4480000,72.8142,40.4931,-68.9723,6470
500500,4480000,72.3049,40.4931,-68.9941,6470
498648,4480000,73.6867,40.4931,-69.016,6470
496796,4480000,75.46,40.4931,-69.0378,6470
417160,4480000,67.5187,40.5057,-69.9777,6470
419012,4480000,67.922,40.5059,-69.9559,6470
420864,4480000,68.4001,40.506,-69.934,6470
422716,4480000,68.833,40.5062,-69.9122,6470
424568,4480000,69.1028,40.5064,-69.8903,6470
426420,4480000,69.1583,40.5065,-69.8685,6470
428272,4480000,69.918,40.5067,-69.8466,6470
430124,4480000,70.053,40.5069,-69.8247,6470
431976,4480000,70.1289,40.507,-69.8029,6470
433828,4480000,69.2786,40.5072,-69.781,6470
435680,4480000,68.7857,40.5073,-69.7592,6470
437532,4480000,68.9236,40.5075,-69.7373,6470
439384,4480000,68.8573,40.5076,-69.7155,6470
441236,4480000,68.732,40.5077,-69.6936,6470
443088,4480000,68.5122,40.5079,-69.6717,6470
444940,4480000,68.3879,40.508,-69.6499,6470
446792,4480000,67.2014,40.5081,-69.628,6470
448644,4480000,66.4042,40.5082,-69.6062,6470
450496,4480000,66.9211,40.5083,-69.5843,6470
452348,4480000,65.028,40.5084,-69.5624,6470
454200,4480000,63.7837,40.5085,-69.5406,6470
456052,4480000,63.2916,40.5086,-69.5187,6470
457904,4480000,61.2861,40.5087,-69.4969,6470
459756,4480000,61.252,40.5088,-69.475,6470
461608,4480000,60.4356,40.5089,-69.4532,6470
463460,4480000,60.952,40.509,-69.4313,6470
465312,4480000,59.4553,40.5091,-69.4094,6470
469016,4480000,61.0289,40.5092,-69.3657,6470
467164,4480000,59.7713,40.5092,-69.3876,6470
470868,4480000,61.5167,40.5093,-69.3439,6470
474572,4480000,66.2586,40.5094,-69.3001,6470
472720,4480000,63.8444,40.5094,-69.322,6470
478276,4480000,70.926,40.5095,-69.2564,6470
476424,4480000,69.0853,40.5095,-69.2783,6470
481980,4480000,72.697,40.5096,-69.2127,6470
480128,4480000,71.5185,40.5096,-69.2346,6470
511612,4480000,68.3108,40.5097,-68.8629,6470
483832,4480000,73.7149,40.5097,-69.1908,6470
509760,4480000,71.6544,40.5098,-68.8848,6470
507908,4480000,71.3687,40.5098,-68.9067,6470
506056,4480000,70.3958,40.5098,-68.9285,6470
504204,4480000,71.9007,40.5098,-68.9504,6470
502352,4480000,72.3804,40.5098,-68.9722,6470
500500,4480000,71.2613,40.5098,-68.9941,6470
498648,4480000,73.9414,40.5098,-69.016,6470
496796,4480000,75.0255,40.5098,-69.0378,6470
494944,4480000,74.316,40.5098,-69.0597,6470
417160,4490000,65.2036,40.5224,-69.978,6470
419012,4490000,66.0667,40.5225,-69.9561,6470
420864,4490000,66.945,40.5227,-69.9343,6470
422716,4490000,67.3629,40.5229,-69.9124,6470
424568,4490000,67.5966,40.5231,-69.8905,6470
426420,4490000,67.4432,40.5232,-69.8687,6470
428272,4490000,67.9293,40.5234,-69.8468,6470
430124,4490000,68.5852,40.5235,-69.8249,6470
431976,4490000,68.5693,40.5237,-69.8031,6470
433828,4490000,67.939,40.5239,-69.7812,6470
435680,4490000,67.2849,40.524,-69.7594,6470
437532,4490000,67.3105,40.5241,-69.7375,6470
439384,4490000,67.3341,40.5243,-69.7156,6470
441236,4490000,67.3652,40.5244,-69.6938,6470
443088,4490000,67.4497,40.5245,-69.6719,6470
444940,4490000,66.6186,40.5247,-69.65,6470
446792,4490000,66.5073,40.5248,-69.6282,6470
448644,4490000,64.3742,40.5249,-69.6063,6470
450496,4490000,64.5538,40.525,-69.5845,6470
452348,4490000,64.8238,40.5251,-69.5626,6470
454200,4490000,63.4025,40.5252,-69.5407,6470
456052,4490000,63.8204,40.5253,-69.5189,6470
457904,4490000,60.7666,40.5254,-69.497,6470
459756,4490000,59.5008,40.5255,-69.4751,6470
461608,4490000,58.3518,40.5256,-69.4533,6470
463460,4490000,58.9536,40.5257,-69.4314,6470
467164,4490000,57.2068,40.5258,-69.3877,6470
465312,4490000,60.448,40.5258,-69.4095,6470
469016,4490000,60.6015,40.5259,-69.3658,6470
472720,4490000,60.1724,40.526,-69.3221,6470
470868,4490000,59.4481,40.526,-69.3439,6470
474572,4490000,61.8054,40.5261,-69.3002,6470
478276,4490000,69.6025,40.5262,-69.2565,6470
476424,4490000,65.088,40.5262,-69.2784,6470
483832,4490000,72.2779,40.5263,-69.1909,6470
481980,4490000,69.6523,40.5263,-69.2128,6470
480128,4490000,68.6389,40.5263,-69.2346,6470
511612,4490000,67.6454,40.5264,-68.8629,6470
509760,4490000,70.0363,40.5264,-68.8848,6470
491240,4490000,75.3041,40.5264,-69.1034,6470
485684,4490000,72.9329,40.5264,-69.169,6470
507908,4490000,69.6915,40.5265,-68.9066,6470
506056,4490000,70.4759,40.5265,-68.9285,6470
504204,4490000,71.9769,40.5265,-68.9504,6470
502352,4490000,72.1857,40.5265,-68.9722,6470
500500,4490000,70.5389,40.5265,-68.9941,6470
498648,4490000,72.0817,40.5265,-69.016,6470
496796,4490000,74.2743,40.5265,-69.0378,6470
494944,4490000,74.1847,40.5265,-69.0597,6470
493092,4490000,75.8055,40.5265,-69.0816,6470
417160,4490000,63.6031,40.539,-69.9782,6470
419012,4490000,64.271,40.5392,-69.9563,6470
420864,4490000,64.8955,40.5394,-69.9345,6470
422716,4490000,65.2024,40.5396,-69.9126,6470
424568,4490000,65.8114,40.5397,-69.8907,6470
426420,4490000,66.1211,40.5399,-69.8689,6470
428272,4490000,66.194,40.5401,-69.847,6470
430124,4490000,67.0611,40.5402,-69.8251,6470
431976,4490000,67.2797,40.5404,-69.8033,6470
433828,4490000,66.7228,40.5405,-69.7814,6470
435680,4490000,65.7917,40.5407,-69.7595,6470
437532,4490000,65.4509,40.5408,-69.7377,6470
439384,4490000,65.429,40.541,-69.7158,6470
441236,4490000,65.5299,40.5411,-69.6939,6470
443088,4490000,65.9872,40.5412,-69.6721,6470
444940,4490000,65.929,40.5413,-69.6502,6470
446792,4490000,65.6544,40.5415,-69.6283,6470
448644,4490000,64.4705,40.5416,-69.6065,6470
450496,4490000,64.3638,40.5417,-69.5846,6470
452348,4490000,63.4295,40.5418,-69.5627,6470
454200,4490000,61.7992,40.5419,-69.5409,6470
456052,4490000,61.4525,40.542,-69.519,6470
457904,4490000,59.0606,40.5421,-69.4971,6470
459756,4490000,57.4777,40.5422,-69.4752,6470
461608,4490000,59.0949,40.5423,-69.4534,6470
463460,4490000,57.3451,40.5424,-69.4315,6470
467164,4490000,58.3753,40.5425,-69.3878,6470
465312,4490000,58.4868,40.5425,-69.4096,6470
469016,4490000,58.789,40.5426,-69.3659,6470
472720,4490000,58.1079,40.5427,-69.3222,6470
470868,4490000,58.5606,40.5427,-69.344,6470
476424,4490000,58.4731,40.5428,-69.2784,6470
474572,4490000,58.0541,40.5428,-69.3003,6470
480128,4490000,65.379,40.5429,-69.2347,6470
478276,4490000,63.2687,40.5429,-69.2565,6470
483832,4490000,71.1589,40.543,-69.1909,6470
481980,4490000,66.8773,40.543,-69.2128,6470
511612,4490000,66.7696,40.5431,-68.8629,6470
509760,4490000,69.8298,40.5431,-68.8847,6470
507908,4490000,69.5981,40.5431,-68.9066,6470
493092,4490000,75.318,40.5431,-69.0816,6470
491240,4490000,73.2951,40.5431,-69.1035,6470
487536,4490000,73.3021,40.5431,-69.1472,6470
485684,4490000,71.8914,40.5431,-69.1691,6470
506056,4490000,70.0742,40.5432,-68.9285,6470
504204,4490000,71.2078,40.5432,-68.9504,6470
502352,4490000,71.7829,40.5432,-68.9722,6470
500500,4490000,71.2079,40.5432,-68.9941,6470
498648,4490000,71.8211,40.5432,-69.016,6470
496796,4490000,73.2206,40.5432,-69.0378,6470
494944,4490000,74.0433,40.5432,-69.0597,6470
417160,4490000,61.6386,40.5557,-69.9785,6470
419012,4490000,62.3143,40.5559,-69.9566,6470
420864,4490000,62.5324,40.5561,-69.9347,6470
422716,4490000,63.0802,40.5563,-69.9128,6470
424568,4490000,63.7051,40.5564,-69.891,6470
426420,4490000,64.0246,40.5566,-69.8691,6470
428272,4490000,64.6733,40.5568,-69.8472,6470
430124,4490000,65.2942,40.5569,-69.8254,6470
431976,4490000,65.6317,40.5571,-69.8035,6470
433828,4490000,65.1549,40.5572,-69.7816,6470
435680,4490000,64.8413,40.5574,-69.7597,6470
437532,4490000,64.6174,40.5575,-69.7379,6470
439384,4490000,64.7474,40.5576,-69.716,6470
441236,4490000,64.8724,40.5578,-69.6941,6470
443088,4490000,64.938,40.5579,-69.6722,6470
444940,4490000,64.8798,40.558,-69.6504,6470
446792,4490000,64.6026,40.5582,-69.6285,6470
448644,4490000,62.6726,40.5583,-69.6066,6470
450496,4490000,62.66,40.5584,-69.5847,6470
452348,4490000,62.8126,40.5585,-69.5629,6470
454200,4490000,61.2445,40.5586,-69.541,6470
456052,4490000,59.1918,40.5587,-69.5191,6470
457904,4490000,56.5129,40.5588,-69.4972,6470
459756,4490000,53.882,40.5589,-69.4754,6470
461608,4490000,54.22,40.559,-69.4535,6470
465312,4490000,56.7023,40.5591,-69.4097,6470
463460,4490000,55.6366,40.5591,-69.4316,6470
467164,4490000,58.7602,40.5592,-69.3879,6470
469016,4490000,60.0012,40.5593,-69.366,6470
472720,4490000,58.8941,40.5594,-69.3222,6470
470868,4490000,59.0648,40.5594,-69.3441,6470
476424,4490000,54.6719,40.5595,-69.2785,6470
474572,4490000,55.6655,40.5595,-69.3004,6470
480128,4490000,65.8059,40.5596,-69.2347,6470
478276,4490000,59.1919,40.5596,-69.2566,6470
485684,4490000,72.0101,40.5597,-69.1691,6470
483832,4490000,69.593,40.5597,-69.191,6470
481980,4490000,66.7398,40.5597,-69.2129,6470
511612,4490000,70.902,40.5598,-68.8628,6470
509760,4490000,68.2689,40.5598,-68.8847,6470
507908,4490000,69.7719,40.5598,-68.9066,6470
506056,4490000,69.9389,40.5598,-68.9285,6470
494944,4490000,71.6255,40.5598,-69.0597,6470
493092,4490000,72.9904,40.5598,-69.0816,6470
491240,4490000,75.8532,40.5598,-69.1035,6470
487536,4490000,72.549,40.5598,-69.1472,6470
504204,4490000,70.1659,40.5599,-68.9503,6470
502352,4490000,70.785,40.5599,-68.9722,6470
500500,4490000,69.5219,40.5599,-68.9941,6470
498648,4490000,69.8171,40.5599,-69.016,6470
496796,4490000,71.2065,40.5599,-69.0379,6470
417160,4490000,59.7826,40.5724,-69.9787,6470
419012,4490000,60.064,40.5726,-69.9568,6470
420864,4490000,61.0792,40.5728,-69.9349,6470
422716,4490000,61.6319,40.5729,-69.9131,6470
424568,4490000,61.6529,40.5731,-69.8912,6470
426420,4490000,61.9793,40.5733,-69.8693,6470
428272,4490000,62.3649,40.5734,-69.8474,6470
430124,4490000,63.0485,40.5736,-69.8256,6470
431976,4490000,63.2457,40.5738,-69.8037,6470
433828,4490000,63.2419,40.5739,-69.7818,6470
435680,4490000,63.2495,40.574,-69.7599,6470
437532,4490000,63.3249,40.5742,-69.738,6470
439384,4490000,63.4127,40.5743,-69.7162,6470
441236,4490000,63.4051,40.5745,-69.6943,6470
443088,4490000,63.3942,40.5746,-69.6724,6470
444940,4490000,63.5698,40.5747,-69.6505,6470
446792,4490000,63.0126,40.5748,-69.6286,6470
448644,4490000,61.0282,40.575,-69.6068,6470
450496,4490000,62.5676,40.5751,-69.5849,6470
452348,4490000,61.2468,40.5752,-69.563,6470
454200,4490000,59.6377,40.5753,-69.5411,6470
456052,4490000,57.9712,40.5754,-69.5192,6470
465312,4490000,53.9896,40.5758,-69.4098,6470
467164,4490000,55.0554,40.5759,-69.388,6470
470868,4490000,58.3204,40.576,-69.3442,6470
469016,4490000,56.8865,40.576,-69.3661,6470
472720,4490000,61.5801,40.5761,-69.3223,6470
476424,4490000,58.6566,40.5762,-69.2786,6470
474572,4490000,55.9103,40.5762,-69.3004,6470
480128,4490000,59.903,40.5763,-69.2348,6470
478276,4490000,55.0652,40.5763,-69.2567,6470
485684,4490000,71.7707,40.5764,-69.1692,6470
483832,4490000,70.5475,40.5764,-69.191,6470
481980,4490000,65.0969,40.5764,-69.2129,6470
509760,4490000,67.3348,40.5765,-68.8847,6470
507908,4490000,66.7374,40.5765,-68.9066,6470
506056,4490000,67.4673,40.5765,-68.9285,6470
504204,4490000,68.3584,40.5765,-68.9503,6470
502352,4490000,67.4962,40.5765,-68.9722,6470
500500,4490000,67.8535,40.5765,-68.9941,6470
498648,4490000,65.8298,40.5765,-69.016,6470
496796,4490000,69.3547,40.5765,-69.0379,6470
494944,4490000,68.8974,40.5765,-69.0597,6470
493092,4490000,72.4864,40.5765,-69.0816,6470
491240,4490000,73.767,40.5765,-69.1035,6470
487536,4490000,70.6551,40.5765,-69.1473,6470
417160,4490000,57.7175,40.5891,-69.9789,6470
419012,4490000,58.092,40.5893,-69.9571,6470
420864,4490000,59.5046,40.5894,-69.9352,6470
422716,4490000,59.8274,40.5896,-69.9133,6470
424568,4490000,60.012,40.5898,-69.8914,6470
426420,4490000,60.6579,40.59,-69.8695,6470
428272,4490000,60.5103,40.5901,-69.8476,6470
430124,4490000,60.7166,40.5903,-69.8258,6470
431976,4490000,61.5534,40.5904,-69.8039,6470
433828,4490000,61.4186,40.5906,-69.782,6470
435680,4490000,61.6662,40.5907,-69.7601,6470
437532,4490000,61.5264,40.5909,-69.7382,6470
439384,4490000,61.1412,40.591,-69.7163,6470
441236,4490000,60.9323,40.5911,-69.6945,6470
443088,4490000,60.9054,40.5913,-69.6726,6470
444940,4490000,60.9439,40.5914,-69.6507,6470
446792,4490000,61.465,40.5915,-69.6288,6470
448644,4490000,61.2546,40.5916,-69.6069,6470
450496,4490000,61.1404,40.5918,-69.585,6470
452348,4490000,59.5652,40.5919,-69.5631,6470
454200,4490000,57.9288,40.592,-69.5413,6470
470868,4490000,58.1954,40.5927,-69.3443,6470
469016,4490000,54.025,40.5927,-69.3662,6470
474572,4490000,57.1587,40.5928,-69.3005,6470
472720,4490000,58.86,40.5928,-69.3224,6470
478276,4490000,54.6017,40.5929,-69.2567,6470
476424,4490000,59.8835,40.5929,-69.2786,6470
481980,4490000,59.8783,40.593,-69.213,6470
480128,4490000,57.8332,40.593,-69.2349,6470
487536,4490000,69.7783,40.5931,-69.1473,6470
485684,4490000,73.5876,40.5931,-69.1692,6470
483832,4490000,68.9033,40.5931,-69.1911,6470
509760,4490000,66.3408,40.5932,-68.8847,6470
507908,4490000,65.0374,40.5932,-68.9065,6470
506056,4490000,65.4007,40.5932,-68.9284,6470
504204,4490000,69.5793,40.5932,-68.9503,6470
502352,4490000,66.1325,40.5932,-68.9722,6470
500500,4490000,65.7513,40.5932,-68.9941,6470
498648,4490000,65.7019,40.5932,-69.016,6470
496796,4490000,65.9493,40.5932,-69.0379,6470
494944,4490000,72.7628,40.5932,-69.0598,6470
493092,4490000,73.3863,40.5932,-69.0816,6470
417160,4500000,56.8817,40.6058,-69.9792,6470
419012,4500000,57.4403,40.6059,-69.9573,6470
420864,4500000,57.9096,40.6061,-69.9354,6470
422716,4500000,58.6555,40.6063,-69.9135,6470
424568,4500000,58.8794,40.6065,-69.8916,6470
426420,4500000,58.9755,40.6066,-69.8697,6470
428272,4500000,59.3137,40.6068,-69.8479,6470
430124,4500000,58.6866,40.607,-69.826,6470
431976,4500000,58.8512,40.6071,-69.8041,6470
433828,4500000,59.3601,40.6073,-69.7822,6470
435680,4500000,59.0645,40.6074,-69.7603,6470
437532,4500000,58.0611,40.6076,-69.7384,6470
439384,4500000,58.7927,40.6077,-69.7165,6470
441236,4500000,59.4222,40.6078,-69.6946,6470
443088,4500000,59.2077,40.608,-69.6727,6470
444940,4500000,58.9014,40.6081,-69.6508,6470
446792,4500000,59.2931,40.6082,-69.629,6470
448644,4500000,59.4494,40.6083,-69.6071,6470
450496,4500000,60.4747,40.6084,-69.5852,6470
452348,4500000,59.1079,40.6085,-69.5633,6470
454200,4500000,56.7811,40.6086,-69.5414,6470
474572,4500000,59.0455,40.6095,-69.3006,6470
472720,4500000,59.1406,40.6095,-69.3225,6470
478276,4500000,60.6322,40.6096,-69.2568,6470
476424,4500000,56.8207,40.6096,-69.2787,6470
481980,4500000,60.2261,40.6097,-69.213,6470
480128,4500000,58.8815,40.6097,-69.2349,6470
487536,4500000,71.2626,40.6098,-69.1473,6470
485684,4500000,76.2927,40.6098,-69.1692,6470
483832,4500000,63.931,40.6098,-69.1911,6470
509760,4500000,64.4685,40.6099,-68.8846,6470
507908,4500000,66.1541,40.6099,-68.9065,6470
506056,4500000,65.4158,40.6099,-68.9284,6470
504204,4500000,66.2125,40.6099,-68.9503,6470
502352,4500000,66.5249,40.6099,-68.9722,6470
500500,4500000,65.116,40.6099,-68.9941,6470
498648,4500000,64.1673,40.6099,-69.016,6470
496796,4500000,66.4743,40.6099,-69.0379,6470
494944,4500000,71.3162,40.6099,-69.0598,6470
493092,4500000,71.3357,40.6099,-69.0817,6470
417160,4500000,55.0844,40.6224,-69.9794,6470
419012,4500000,55.6183,40.6226,-69.9575,6470
420864,4500000,56.3201,40.6228,-69.9356,6470
422716,4500000,57.297,40.623,-69.9137,6470
424568,4500000,57.5701,40.6232,-69.8919,6470
426420,4500000,57.0762,40.6233,-69.87,6470
428272,4500000,57.5206,40.6235,-69.8481,6470
430124,4500000,57.5573,40.6236,-69.8262,6470
431976,4500000,57.3768,40.6238,-69.8043,6470
433828,4500000,56.5183,40.624,-69.7824,6470
435680,4500000,57.6722,40.6241,-69.7605,6470
437532,4500000,57.2037,40.6242,-69.7386,6470
439384,4500000,56.3361,40.6244,-69.7167,6470
441236,4500000,56.3881,40.6245,-69.6948,6470
443088,4500000,57.1035,40.6246,-69.6729,6470
444940,4500000,56.7967,40.6248,-69.651,6470
446792,4500000,56.6561,40.6249,-69.6291,6470
448644,4500000,55.2448,40.625,-69.6072,6470
450496,4500000,56.934,40.6251,-69.5853,6470
452348,4500000,55.5115,40.6252,-69.5634,6470
478276,4500000,54.6946,40.6263,-69.2569,6470
476424,4500000,54.3569,40.6263,-69.2788,6470
483832,4500000,63.8312,40.6264,-69.1912,6470
481980,4500000,65.0435,40.6264,-69.2131,6470
480128,4500000,58.7758,40.6264,-69.235,6470
509760,4500000,66.1342,40.6265,-68.8846,6470
487536,4500000,73.6503,40.6265,-69.1474,6470
485684,4500000,71.5831,40.6265,-69.1693,6470
507908,4500000,65.1919,40.6266,-68.9065,6470
506056,4500000,63.4245,40.6266,-68.9284,6470
504204,4500000,63.9681,40.6266,-68.9503,6470
502352,4500000,67.9259,40.6266,-68.9722,6470
500500,4500000,64.4526,40.6266,-68.9941,6470
498648,4500000,62.8616,40.6266,-69.016,6470
496796,4500000,68.4732,40.6266,-69.0379,6470
494944,4500000,70.6241,40.6266,-69.0598,6470
493092,4500000,72.9412,40.6266,-69.0817,6470
424568,4500000,55.6331,40.6398,-69.8921,6470
426420,4500000,55.4953,40.64,-69.8702,6470
428272,4500000,55.9234,40.6402,-69.8483,6470
430124,4500000,56.4629,40.6403,-69.8264,6470
431976,4500000,55.5594,40.6405,-69.8045,6470
433828,4500000,55.5618,40.6406,-69.7826,6470
435680,4500000,55.6927,40.6408,-69.7607,6470
437532,4500000,55.2928,40.6409,-69.7388,6470
439384,4500000,54.2397,40.6411,-69.7169,6470
441236,4500000,53.1843,40.6412,-69.695,6470
443088,4500000,53.4542,40.6413,-69.6731,6470
480128,4500000,56.7239,40.643,-69.235,6470
478276,4500000,53.6723,40.643,-69.2569,6470
483832,4500000,63.9573,40.6431,-69.1912,6470
481980,4500000,61.5535,40.6431,-69.2131,6470
509760,4500000,64.8989,40.6432,-68.8846,6470
507908,4500000,63.9744,40.6432,-68.9065,6470
487536,4500000,71.0096,40.6432,-69.1474,6470
485684,4500000,67.7646,40.6432,-69.1693,6470
506056,4500000,63.0999,40.6433,-68.9284,6470
504204,4500000,64.6008,40.6433,-68.9503,6470
502352,4500000,65.4874,40.6433,-68.9722,6470
500500,4500000,64.6708,40.6433,-68.9941,6470
498648,4500000,63.5779,40.6433,-69.016,6470
496796,4500000,66.8627,40.6433,-69.0379,6470
494944,4500000,70.1586,40.6433,-69.0598,6470
493092,4500000,76.7881,40.6433,-69.0817,6470
480128,4500000,56.041,40.6597,-69.2351,6470
485684,4500000,65.4973,40.6598,-69.1694,6470
483832,4500000,63.3933,40.6598,-69.1913,6470
481980,4500000,59.2078,40.6598,-69.2132,6470
509760,4500000,63.8887,40.6599,-68.8845,6470
507908,4500000,64.4962,40.6599,-68.9065,6470
506056,4500000,62.3515,40.6599,-68.9284,6470
487536,4500000,65.3319,40.6599,-69.1475,6470
504204,4500000,64.0595,40.66,-68.9503,6470
502352,4500000,65.344,40.66,-68.9722,6470
500500,4500000,65.3023,40.66,-68.9941,6470
498648,4500000,63.911,40.66,-69.016,6470
496796,4500000,66.5432,40.66,-69.0379,6470
494944,4500000,73.2436,40.66,-69.0598,6470
480128,4500000,56.148,40.6764,-69.2351,6470
485684,4500000,64.4732,40.6765,-69.1694,6470
483832,4500000,60.6066,40.6765,-69.1913,6470
481980,4500000,58.0921,40.6765,-69.2132,6470
509760,4500000,65.5996,40.6766,-68.8845,6470
507908,4500000,64.4669,40.6766,-68.9064,6470
506056,4500000,64.4503,40.6766,-68.9283,6470
504204,4500000,64.044,40.6766,-68.9503,6470
496796,4500000,69.4196,40.6766,-69.0379,6470
494944,4500000,78.3834,40.6766,-69.0598,6470
489388,4500000,63.5012,40.6766,-69.1256,6470
487536,4500000,65.3853,40.6766,-69.1475,6470
502352,4500000,65.1064,40.6767,-68.9722,6470
500500,4500000,64.8009,40.6767,-68.9941,6470
498648,4500000,66.6427,40.6767,-69.016,6470
481980,4500000,56.5847,40.6931,-69.2133,6470
487536,4500000,65.7522,40.6932,-69.1475,6470
485684,4500000,67.997,40.6932,-69.1694,6470
483832,4500000,61.7153,40.6932,-69.1914,6470
509760,4500000,65.8012,40.6933,-68.8845,6470
507908,4500000,65.344,40.6933,-68.9064,6470
506056,4500000,67.4245,40.6933,-68.9283,6470
504204,4500000,64.4245,40.6933,-68.9502,6470
502352,4500000,64.1494,40.6933,-68.9722,6470
500500,4500000,67.3296,40.6933,-68.9941,6470
498648,4500000,66.3882,40.6933,-69.016,6470
496796,4500000,70.7379,40.6933,-69.0379,6470
494944,4500000,79.8708,40.6933,-69.0598,6470
489388,4500000,61.2139,40.6933,-69.1256,6470
441236,4460000,75.1565,40.3075,-69.6915,6480
443088,4460000,74.6058,40.3077,-69.6697,6480
444940,4460000,74.2319,40.3078,-69.648,6480
446792,4460000,73.921,40.3079,-69.6262,6480
448644,4460000,73.6895,40.308,-69.6044,6480
450496,4460000,75.1566,40.3081,-69.5826,6480
452348,4460000,73.994,40.3082,-69.5608,6480
454200,4460000,75.0954,40.3083,-69.539,6480
513464,4460000,93.0739,40.3095,-68.8416,6480
511612,4460000,94.6429,40.3095,-68.8634,6480
509760,4460000,94.7108,40.3095,-68.8851,6480
507908,4460000,94.02,40.3096,-68.9069,6480
506056,4460000,90.6196,40.3096,-68.9287,6480
504204,4460000,91.4105,40.3096,-68.9505,6480
502352,4460000,91.6982,40.3096,-68.9723,6480
500500,4460000,90.6383,40.3096,-68.9941,6480
437532,4460000,75.691,40.3239,-69.7353,6480
439384,4460000,74.6087,40.3241,-69.7135,6480
441236,4460000,73.7294,40.3242,-69.6917,6480
454200,4460000,73.3501,40.325,-69.5391,6480
456052,4460000,73.6259,40.3251,-69.5173,6480
457904,4460000,73.6098,40.3252,-69.4955,6480
459756,4460000,75.8582,40.3253,-69.4737,6480
461608,4460000,76.2147,40.3254,-69.4519,6480
463460,4460000,75.9568,40.3255,-69.4301,6480
467164,4460000,77.6326,40.3256,-69.3865,6480
465312,4460000,77.3304,40.3256,-69.4083,6480
469016,4460000,79.9347,40.3257,-69.3647,6480
472720,4460000,81.379,40.3258,-69.3211,6480
470868,4460000,80.9171,40.3258,-69.3429,6480
476424,4460000,84.1141,40.3259,-69.2775,6480
474572,4460000,80.9533,40.3259,-69.2993,6480
480128,4460000,83.4711,40.326,-69.2339,6480
478276,4460000,83.7505,40.326,-69.2557,6480
483832,4460000,86.7896,40.3261,-69.1903,6480
481980,4460000,85.3812,40.3261,-69.2121,6480
513464,4460000,89.7516,40.3262,-68.8415,6480
511612,4460000,89.9664,40.3262,-68.8633,6480
509760,4460000,89.3981,40.3262,-68.8851,6480
507908,4460000,88.7843,40.3262,-68.9069,6480
493092,4460000,91.1663,40.3262,-69.0813,6480
491240,4460000,90.0014,40.3262,-69.1031,6480
489388,4460000,88.573,40.3262,-69.1249,6480
487536,4460000,87.9688,40.3262,-69.1467,6480
485684,4460000,88.4675,40.3262,-69.1685,6480
506056,4460000,89.3822,40.3263,-68.9287,6480
504204,4460000,89.9864,40.3263,-68.9505,6480
502352,4460000,89.4804,40.3263,-68.9723,6480
500500,4460000,89.249,40.3263,-68.9941,6480
498648,4460000,89.2594,40.3263,-69.0159,6480
496796,4460000,89.4528,40.3263,-69.0377,6480
494944,4460000,91.013,40.3263,-69.0595,6480
435680,4470000,74.5449,40.3405,-69.7573,6480
437532,4470000,74.313,40.3406,-69.7355,6480
457904,4470000,72.1249,40.3419,-69.4956,6480
459756,4470000,73.3708,40.342,-69.4738,6480
461608,4470000,74.1932,40.3421,-69.452,6480
465312,4470000,76.4833,40.3422,-69.4084,6480
463460,4470000,74.5287,40.3422,-69.4302,6480
467164,4470000,77.239,40.3423,-69.3866,6480
469016,4470000,79.4198,40.3424,-69.3648,6480
472720,4470000,80.7342,40.3425,-69.3212,6480
470868,4470000,80.2012,40.3425,-69.343,6480
476424,4470000,81.9121,40.3426,-69.2776,6480
474572,4470000,80.633,40.3426,-69.2994,6480
480128,4470000,81.8049,40.3427,-69.234,6480
478276,4470000,82.5791,40.3427,-69.2558,6480
485684,4470000,86.4648,40.3428,-69.1686,6480
483832,4470000,85.3587,40.3428,-69.1904,6480
481980,4470000,83.9737,40.3428,-69.2122,6480
513464,4470000,88.5161,40.3429,-68.8415,6480
511612,4470000,87.0913,40.3429,-68.8633,6480
509760,4470000,87.8247,40.3429,-68.8851,6480
507908,4470000,88.3476,40.3429,-68.9069,6480
506056,4470000,86.335,40.3429,-68.9287,6480
494944,4470000,87.9504,40.3429,-69.0595,6480
493092,4470000,88.1588,40.3429,-69.0813,6480
491240,4470000,88.7851,40.3429,-69.1031,6480
489388,4470000,88.0648,40.3429,-69.125,6480
487536,4470000,88.0569,40.3429,-69.1468,6480
504204,4470000,86.1946,40.343,-68.9505,6480
502352,4470000,87.4315,40.343,-68.9723,6480
500500,4470000,86.6061,40.343,-68.9941,6480
498648,4470000,86.4633,40.343,-69.0159,6480
496796,4470000,86.6089,40.343,-69.0377,6480
435680,4470000,73.8784,40.3572,-69.7575,6480
463460,4470000,73.6674,40.3588,-69.4303,6480
461608,4470000,73.5143,40.3588,-69.4521,6480
465312,4470000,75.005,40.3589,-69.4085,6480
467164,4470000,75.6921,40.359,-69.3867,6480
470868,4470000,79.269,40.3591,-69.3431,6480
469016,4470000,77.9598,40.3591,-69.3649,6480
472720,4470000,79.674,40.3592,-69.3213,6480
476424,4470000,80.4943,40.3593,-69.2777,6480
474572,4470000,78.8846,40.3593,-69.2995,6480
480128,4470000,81.6308,40.3594,-69.234,6480
478276,4470000,81.8562,40.3594,-69.2559,6480
513464,4470000,89.5769,40.3595,-68.8414,6480
485684,4470000,84.7361,40.3595,-69.1686,6480
483832,4470000,83.4779,40.3595,-69.1904,6480
481980,4470000,81.8752,40.3595,-69.2122,6480
511612,4470000,86.1418,40.3596,-68.8632,6480
509760,4470000,86.2846,40.3596,-68.8851,6480
507908,4470000,85.7271,40.3596,-68.9069,6480
506056,4470000,84.6149,40.3596,-68.9287,6480
504204,4470000,84.714,40.3596,-68.9505,6480
502352,4470000,84.7331,40.3596,-68.9723,6480
500500,4470000,84.373,40.3596,-68.9941,6480
498648,4470000,85.4955,40.3596,-69.0159,6480
496796,4470000,84.8566,40.3596,-69.0377,6480
494944,4470000,86.3512,40.3596,-69.0596,6480
493092,4470000,87.98,40.3596,-69.0814,6480
491240,4470000,86.2748,40.3596,-69.1032,6480
489388,4470000,86.2602,40.3596,-69.125,6480
487536,4470000,86.2564,40.3596,-69.1468,6480
433828,4470000,74.6965,40.3737,-69.7795,6480
435680,4470000,73.0086,40.3738,-69.7577,6480
463460,4470000,73.1934,40.3755,-69.4304,6480
465312,4470000,74.242,40.3756,-69.4086,6480
467164,4470000,74.1198,40.3757,-69.3868,6480
470868,4470000,78.0443,40.3758,-69.3432,6480
469016,4470000,77.9838,40.3758,-69.365,6480
474572,4470000,79.7465,40.3759,-69.2995,6480
472720,4470000,79.4774,40.3759,-69.3214,6480
478276,4470000,81.4941,40.376,-69.2559,6480
476424,4470000,80.3337,40.376,-69.2777,6480
481980,4470000,81.5218,40.3761,-69.2123,6480
480128,4470000,80.8117,40.3761,-69.2341,6480
513464,4470000,84.4559,40.3762,-68.8414,6480
511612,4470000,82.8872,40.3762,-68.8632,6480
487536,4470000,84.2982,40.3762,-69.1468,6480
485684,4470000,83.0654,40.3762,-69.1686,6480
483832,4470000,82.0966,40.3762,-69.1905,6480
509760,4470000,83.1629,40.3763,-68.885,6480
507908,4470000,84.3785,40.3763,-68.9068,6480
506056,4470000,84.1452,40.3763,-68.9287,6480
504204,4470000,83.2835,40.3763,-68.9505,6480
502352,4470000,84.2374,40.3763,-68.9723,6480
500500,4470000,82.7985,40.3763,-68.9941,6480
498648,4470000,82.9309,40.3763,-69.0159,6480
496796,4470000,84.0947,40.3763,-69.0377,6480
494944,4470000,84.412,40.3763,-69.0596,6480
493092,4470000,86.9126,40.3763,-69.0814,6480
491240,4470000,85.097,40.3763,-69.1032,6480
489388,4470000,85.5631,40.3763,-69.125,6480
433828,4470000,74.1205,40.3904,-69.7797,6480
435680,4470000,72.7957,40.3905,-69.7579,6480
465312,4470000,73.8407,40.3923,-69.4087,6480
469016,4470000,76.1761,40.3924,-69.3651,6480
467164,4470000,73.2242,40.3924,-69.3869,6480
470868,4470000,77.5008,40.3925,-69.3433,6480
474572,4470000,78.4216,40.3926,-69.2996,6480
472720,4470000,79.3224,40.3926,-69.3214,6480
478276,4470000,80.0587,40.3927,-69.256,6480
476424,4470000,80.5132,40.3927,-69.2778,6480
481980,4470000,80.5204,40.3928,-69.2123,6480
480128,4470000,79.0889,40.3928,-69.2342,6480
513464,4470000,84.194,40.3929,-68.8414,6480
511612,4470000,81.2805,40.3929,-68.8632,6480
489388,4470000,83.565,40.3929,-69.125,6480
487536,4470000,82.6361,40.3929,-69.1469,6480
485684,4470000,82.6417,40.3929,-69.1687,6480
483832,4470000,81.4969,40.3929,-69.1905,6480
509760,4470000,81.2284,40.393,-68.885,6480
507908,4470000,81.6018,40.393,-68.9068,6480
506056,4470000,82.0907,40.393,-68.9286,6480
504204,4470000,81.9675,40.393,-68.9505,6480
502352,4470000,82.4848,40.393,-68.9723,6480
500500,4470000,81.0977,40.393,-68.9941,6480
498648,4470000,81.493,40.393,-69.0159,6480
496796,4470000,82.7129,40.393,-69.0378,6480
494944,4470000,82.8613,40.393,-69.0596,6480
493092,4470000,86.8938,40.393,-69.0814,6480
491240,4470000,83.1276,40.393,-69.1032,6480
433828,4470000,74.3972,40.4071,-69.7799,6480
469016,4470000,75.3664,40.4091,-69.3652,6480
467164,4470000,73.0434,40.4091,-69.387,6480
470868,4470000,76.9486,40.4092,-69.3433,6480
474572,4470000,77.443,40.4093,-69.2997,6480
472720,4470000,78.1599,40.4093,-69.3215,6480
478276,4470000,80.1254,40.4094,-69.256,6480
476424,4470000,73.6634,40.4094,-69.2779,6480
483832,4470000,80.7616,40.4095,-69.1906,6480
481980,4470000,78.7946,40.4095,-69.2124,6480
480128,4470000,78.8919,40.4095,-69.2342,6480
511612,4470000,79.378,40.4096,-68.8631,6480
509760,4470000,79.3528,40.4096,-68.885,6480
489388,4470000,82.7492,40.4096,-69.1251,6480
487536,4470000,82.1479,40.4096,-69.1469,6480
485684,4470000,81.0114,40.4096,-69.1687,6480
507908,4470000,80.6523,40.4097,-68.9068,6480
506056,4470000,79.0198,40.4097,-68.9286,6480
504204,4470000,79.8964,40.4097,-68.9505,6480
502352,4470000,80.6519,40.4097,-68.9723,6480
500500,4470000,79.0169,40.4097,-68.9941,6480
498648,4470000,79.8326,40.4097,-69.0159,6480
496796,4470000,80.6753,40.4097,-69.0378,6480
494944,4470000,81.0307,40.4097,-69.0596,6480
493092,4470000,82.9399,40.4097,-69.0814,6480
491240,4470000,81.8183,40.4097,-69.1033,6480
431976,4480000,75.1195,40.4236,-69.8019,6480
433828,4480000,74.1844,40.4238,-69.7801,6480
469016,4480000,73.9118,40.4258,-69.3653,6480
472720,4480000,75.8542,40.4259,-69.3216,6480
470868,4480000,75.3076,40.4259,-69.3434,6480
474572,4480000,75.2612,40.426,-69.2998,6480
480128,4480000,77.161,40.4261,-69.2343,6480
478276,4480000,78.7815,40.4261,-69.2561,6480
476424,4480000,76.8796,40.4261,-69.2779,6480
483832,4480000,80.2796,40.4262,-69.1906,6480
481980,4480000,78.4557,40.4262,-69.2124,6480
511612,4480000,78.1204,40.4263,-68.8631,6480
509760,4480000,77.0607,40.4263,-68.8849,6480
507908,4480000,77.6735,40.4263,-68.9068,6480
491240,4480000,80.6966,40.4263,-69.1033,6480
489388,4480000,82.643,40.4263,-69.1251,6480
487536,4480000,80.6876,40.4263,-69.1469,6480
485684,4480000,80.8265,40.4263,-69.1688,6480
506056,4480000,77.7903,40.4264,-68.9286,6480
504204,4480000,78.1207,40.4264,-68.9504,6480
502352,4480000,78.5389,40.4264,-68.9723,6480
500500,4480000,78.3936,40.4264,-68.9941,6480
498648,4480000,77.2763,40.4264,-69.0159,6480
496796,4480000,79.4919,40.4264,-69.0378,6480
494944,4480000,79.1743,40.4264,-69.0596,6480
493092,4480000,81.1236,40.4264,-69.0814,6480
415308,4480000,75.0409,40.4388,-69.9986,6480
417160,4480000,74.9353,40.4389,-69.9768,6480
419012,4480000,75.2421,40.4391,-69.9549,6480
420864,4480000,75.1367,40.4393,-69.9331,6480
430124,4480000,74.8584,40.4401,-69.8239,6480
431976,4480000,74.1905,40.4403,-69.8021,6480
472720,4480000,75.1561,40.4426,-69.3217,6480
470868,4480000,73.621,40.4426,-69.3435,6480
476424,4480000,76.5552,40.4427,-69.278,6480
474572,4480000,75.1168,40.4427,-69.2998,6480
480128,4480000,75.4115,40.4428,-69.2343,6480
478276,4480000,76.4333,40.4428,-69.2562,6480
485684,4480000,80.1173,40.4429,-69.1688,6480
483832,4480000,78.4766,40.4429,-69.1907,6480
481980,4480000,76.8093,40.4429,-69.2125,6480
511612,4480000,75.8813,40.443,-68.8631,6480
509760,4480000,75.8889,40.443,-68.8849,6480
507908,4480000,76.0262,40.443,-68.9068,6480
506056,4480000,76.1088,40.443,-68.9286,6480
493092,4480000,79.9729,40.443,-69.0815,6480
491240,4480000,79.4646,40.443,-69.1033,6480
489388,4480000,80.5812,40.443,-69.1251,6480
487536,4480000,80.6631,40.443,-69.147,6480
504204,4480000,76.1463,40.4431,-68.9504,6480
502352,4480000,76.999,40.4431,-68.9723,6480
500500,4480000,75.5229,40.4431,-68.9941,6480
498648,4480000,76.1798,40.4431,-69.0159,6480
496796,4480000,78.7437,40.4431,-69.0378,6480
494944,4480000,78.5535,40.4431,-69.0596,6480
420864,4480000,73.2324,40.456,-69.9333,6480
422716,4480000,73.3533,40.4562,-69.9115,6480
424568,4480000,73.5277,40.4563,-69.8896,6480
426420,4480000,73.9254,40.4565,-69.8678,6480
428272,4480000,74.039,40.4567,-69.846,6480
430124,4480000,73.9899,40.4568,-69.8241,6480
476424,4480000,73.6021,40.4594,-69.2781,6480
480128,4480000,73.9393,40.4595,-69.2344,6480
478276,4480000,75.2915,40.4595,-69.2562,6480
485684,4480000,78.628,40.4596,-69.1689,6480
483832,4480000,75.3449,40.4596,-69.1907,6480
481980,4480000,76.5122,40.4596,-69.2125,6480
496796,4480000,76.5202,40.4597,-69.0378,6480
494944,4480000,76.7989,40.4597,-69.0596,6480
493092,4480000,78.6239,40.4597,-69.0815,6480
491240,4480000,79.4898,40.4597,-69.1033,6480
489388,4480000,79.7162,40.4597,-69.1252,6480
487536,4480000,80.1336,40.4597,-69.147,6480
498648,4480000,74.9395,40.4598,-69.016,6480
481980,4480000,73.588,40.4762,-69.2126,6480
487536,4480000,78.8313,40.4763,-69.147,6480
485684,4480000,76.3527,40.4763,-69.1689,6480
483832,4480000,74.7476,40.4763,-69.1907,6480
496796,4480000,75.5726,40.4764,-69.0378,6480
494944,4480000,77.2121,40.4764,-69.0597,6480
493092,4480000,78.3087,40.4764,-69.0815,6480
491240,4480000,78.3108,40.4764,-69.1034,6480
489388,4480000,78.9666,40.4764,-69.1252,6480
487536,4480000,76.4181,40.493,-69.1471,6480
485684,4480000,75.0032,40.493,-69.1689,6480
483832,4480000,74.6094,40.493,-69.1908,6480
494944,4480000,76.1935,40.4931,-69.0597,6480
493092,4480000,77.8429,40.4931,-69.0815,6480
491240,4480000,76.6018,40.4931,-69.1034,6480
489388,4480000,77.1781,40.4931,-69.1252,6480
489388,4480000,76.8763,40.5097,-69.1253,6480
487536,4480000,76.0205,40.5097,-69.1471,6480
485684,4480000,75.2173,40.5097,-69.169,6480
493092,4480000,76.0164,40.5098,-69.0815,6480
491240,4480000,75.3514,40.5098,-69.1034,6480
489388,4490000,75.5518,40.5264,-69.1253,6480
487536,4490000,75.8982,40.5264,-69.1472,6480
489388,4490000,70.7618,40.5431,-69.1253,6480
489388,4490000,75.4788,40.5598,-69.1254,6480
489388,4490000,72.9107,40.5765,-69.1254,6480
491240,4490000,73.2077,40.5932,-69.1035,6480
489388,4490000,70.3704,40.5932,-69.1254,6480
489388,4500000,70.2855,40.6098,-69.1255,6480
491240,4500000,75.7847,40.6099,-69.1036,6480
489388,4500000,70.0918,40.6265,-69.1255,6480
491240,4500000,75.3339,40.6266,-69.1036,6480
491240,4500000,74.6035,40.6432,-69.1036,6480
489388,4500000,68.3908,40.6432,-69.1255,6480
493092,4500000,78.4235,40.6599,-69.0817,6480
491240,4500000,73.4432,40.6599,-69.1036,6480
489388,4500000,69.4565,40.6599,-69.1255,6480
493092,4500000,82.8969,40.6766,-69.0817,6480
491240,4500000,75.8926,40.6766,-69.1037,6480
493092,4500000,86.0986,40.6933,-69.0818,6480
491240,4500000,74.5607,40.6933,-69.1037,6480
