474574.6411,4506564.281,54.2748,40.7096,-69.301,15
476424.5636,4506569.273,56.88,40.7097,-69.2791,15
478274.4475,4506563.626,59.4294,40.7097,-69.2572,15
480124.3607,4506569.541,53.3974,40.7098,-69.2353,15
481982.6879,4506564.796,59.6638,40.7098,-69.2133,15
483832.5919,4506571.635,62.5582,40.7099,-69.1914,15
485682.4686,4506567.836,68.8672,40.7099,-69.1695,15
487532.345,4506564.497,64.9067,40.7099,-69.1476,15
489390.6839,4506572.707,62.4291,40.71,-69.1256,15
491240.5571,4506570.293,73.7051,40.71,-69.1037,15
493090.43,4506568.34,83.4154,40.71,-69.0818,15
494940.3028,4506566.848,82.8238,40.71,-69.0599,15
496798.6223,4506565.814,71.1477,40.71,-69.0379,15
498648.4949,4506565.246,65.4012,40.71,-69.016,15
500498.3675,4506565.14,69.5373,40.71,-68.9941,10
502348.2401,4506565.495,66.832,40.71,-68.9722,10
504206.5596,4506566.315,66.3612,40.71,-68.9502,10
506056.4323,4506567.595,66.4521,40.71,-68.9283,10
507906.3052,4506569.335,66.5216,40.71,-68.9064,10
509756.1782,4506571.537,65.1429,40.71,-68.8845,10
474572.5492,4508418.081,56.8928,40.7263,-69.3011,15
476422.0095,4508423.071,51.419,40.7264,-69.2792,15
478271.4312,4508417.421,63.1584,40.7264,-69.2573,15
480129.327,4508423.311,53.3804,40.7265,-69.2353,15
481978.745,4508418.586,58.0945,40.7265,-69.2134,15
483828.1626,4508414.323,62.508,40.7265,-69.1915,15
485686.0461,4508421.604,67.6948,40.7266,-69.1695,15
487535.4603,4508418.265,63.4128,40.7266,-69.1476,15
489384.8742,4508415.387,62.325,40.7266,-69.1257,15
491242.7458,4508424.061,69.4086,40.7267,-69.1037,15
493092.1565,4508422.108,77.4264,40.7267,-69.0818,15
494941.567,4508420.616,82.3244,40.7267,-69.0599,15
496799.4223,4508419.581,72.2705,40.7267,-69.0379,15
498648.8326,4508419.014,65.994,40.7267,-69.016,15
500498.243,4508418.907,68.1895,40.7267,-68.9941,10
502347.6533,4508419.262,66.4183,40.7267,-68.9722,10
504205.5085,4508420.083,66.8869,40.7267,-68.9502,10
506054.919,4508421.362,67.2155,40.7267,-68.9283,10
507904.3296,4508423.103,66.0035,40.7267,-68.9064,10
474570.4637,4510271.887,55.266,40.743,-69.3012,15
476419.4616,4510276.874,44.8731,40.7431,-69.2793,15
478276.8636,4510271.197,54.6555,40.7431,-69.2573,15
480125.8225,4510266.008,61.7838,40.7431,-69.2354,15
481983.2506,4510272.361,60.1293,40.7432,-69.2134,15
483832.2058,4510268.097,64.0885,40.7432,-69.1915,15
485681.1821,4510275.395,67.4069,40.7433,-69.1696,15
487538.5766,4510272.039,64.7947,40.7433,-69.1476,15
489387.5281,4510269.161,66.2557,40.7433,-69.1257,15
491236.4794,4510266.744,66.5639,40.7433,-69.1038,15
493093.8835,4510275.881,74.2314,40.7434,-69.0818,15
494942.8317,4510274.389,81.5402,40.7434,-69.0599,15
496791.7798,4510273.358,71.8622,40.7434,-69.038,15
498649.1704,4510272.787,64.8112,40.7434,-69.016,15
500498.1184,4510272.68,68.6871,40.7434,-68.9941,10
502355.5091,4510273.038,71.3556,40.7434,-68.9721,10
504204.4571,4510273.856,65.8006,40.7434,-68.9502,10
506053.4052,4510275.136,68.4761,40.7434,-68.9283,10
507910.7961,4510276.885,67.044,40.7434,-68.9063,10
472719.843,4512121.174,44.082,40.7596,-69.3232,15
474568.3845,4512125.698,45.9763,40.7597,-69.3013,15
476425.3252,4512119.555,56.8274,40.7597,-69.2793,15
478273.8573,4512125.003,51.6687,40.7598,-69.2574,15
480130.7942,4512119.789,55.2259,40.7598,-69.2354,15
481979.3171,4512126.162,62.2972,40.7599,-69.2135,15
483827.8098,4512121.895,64.6368,40.7599,-69.1916,15
485684.7642,4512129.174,67.692,40.76,-69.1696,15
487533.2534,4512125.833,65.2579,40.76,-69.1477,15
489390.183,4512122.94,68.0452,40.76,-69.1257,15
491238.6717,4512120.523,66.0223,40.76,-69.1038,15
493095.6009,4512118.559,70.6394,40.76,-69.0818,15
507908.829,4512119.564,65.2934,40.76,-68.9063,10
494944.0968,4512128.167,80.3372,40.7601,-69.0599,15
496792.5823,4512127.136,78.1452,40.7601,-69.038,15
498649.5084,4512126.565,70.7024,40.7601,-69.016,15
500497.9938,4512126.459,70.0886,40.7601,-68.9941,10
502354.9198,4512126.816,69.2929,40.7601,-68.9721,10
504203.4053,4512127.635,67.777,40.7601,-68.9502,10
506051.8908,4512128.914,69.2133,40.7601,-68.9283,10
472718.233,4513974.994,55.1803,40.7763,-69.3233,15
474574.7503,4513979.485,54.5742,40.7764,-69.3013,15
476422.7877,4513973.369,57.5243,40.7764,-69.2794,15
478279.2956,4513978.789,54.0969,40.7765,-69.2574,15
480127.3292,4513973.598,54.425,40.7765,-69.2355,15
481975.3894,4513979.968,63.5357,40.7766,-69.2136,15
483831.8578,4513975.681,65.6563,40.7766,-69.1916,15
485679.8875,4513971.875,65.1339,40.7766,-69.1697,15
487536.374,4513979.617,65.4501,40.7767,-69.1477,15
489384.4002,4513976.736,69.1875,40.7767,-69.1258,15
491240.8648,4513974.307,64.257,40.7767,-69.1038,15
493088.8906,4513972.351,68.9284,40.7767,-69.0819,15
494945.3548,4513970.851,78.4287,40.7767,-69.0599,15
504202.3594,4513970.318,67.564,40.7767,-68.9502,10
506058.8235,4513971.605,68.9624,40.7767,-68.9282,10
507906.8493,4513973.348,66.6962,40.7767,-68.9063,10
496793.3852,4513980.92,78.5214,40.7768,-69.038,15
498649.8464,4513980.349,72.722,40.7768,-69.016,15
500497.8691,4513980.242,71.5422,40.7768,-68.9941,10
502354.3303,4513980.6,69.3514,40.7768,-68.9721,10
472716.6295,4515828.818,56.5168,40.793,-69.3234,15
474572.6437,4515822.206,56.2974,40.793,-69.3014,15
476420.2564,4515827.188,59.5115,40.7931,-69.2795,15
478276.2993,4515832.606,44.5778,40.7932,-69.2575,15
480123.8701,4515827.412,47.4814,40.7932,-69.2356,15
481979.8767,4515822.658,59.0598,40.7932,-69.2136,15
483827.4709,4515829.49,66.0011,40.7933,-69.1917,15
485683.4741,4515825.665,59.4641,40.7933,-69.1697,15
487539.4769,4515822.307,63.724,40.7933,-69.1477,15
489387.059,4515830.526,67.0849,40.7934,-69.1258,15
491243.0586,4515828.097,64.2964,40.7934,-69.1038,15
493090.6216,4515826.141,70.4528,40.7934,-69.0819,15
494946.6208,4515824.64,78.8176,40.7934,-69.0599,15
496794.1835,4515823.609,78.2463,40.7934,-69.038,15
498650.1825,4515823.037,74.2732,40.7934,-69.016,15
500497.7452,4515822.931,72.0634,40.7934,-68.9941,10
502353.7442,4515823.289,71.3074,40.7934,-68.9721,10
504201.3069,4515824.107,69.6083,40.7934,-68.9502,10
506057.3061,4515825.394,69.2991,40.7934,-68.9282,10
507904.869,4515827.137,65.4514,40.7934,-68.9063,10
472723.4669,4517682.617,31.7408,40.8097,-69.3234,15
474570.5816,4517676.034,54.611,40.8097,-69.3015,15
476426.1656,4517680.986,56.0371,40.8098,-69.2795,15
478273.2765,4517675.327,57.7676,40.8098,-69.2576,15
480128.8511,4517681.209,56.6151,40.8099,-69.2356,15
481975.9584,4517676.475,61.2323,40.8099,-69.2137,15
483831.5238,4517683.286,67.084,40.81,-69.1917,15
485687.0619,4517679.461,65.3196,40.81,-69.1697,15
487534.1653,4517676.116,64.3138,40.81,-69.1478,15
489389.7187,4517684.321,67.7163,40.8101,-69.1258,15
491236.8189,4517681.902,68.6384,40.8101,-69.1039,15
493092.3531,4517679.935,71.5758,40.8101,-69.0819,15
494939.4529,4517678.44,80.3749,40.8101,-69.06,15
496794.9869,4517677.403,81.8913,40.8101,-69.038,15
498650.5208,4517676.832,74.5266,40.8101,-69.016,15
500497.6204,4517676.725,72.5737,40.8101,-68.9941,10
502353.1543,4517677.083,71.4897,40.8101,-68.9721,10
504200.254,4517677.902,69.2139,40.8101,-68.9502,10
506055.7881,4517679.189,74.5398,40.8101,-68.9282,10
507911.3222,4517680.941,66.4242,40.8101,-68.9062,10
474568.526,4519529.866,51.0509,40.8264,-69.3016,15
476423.6446,4519534.815,56.4063,40.8265,-69.2796,15
478278.7246,4519529.13,57.8768,40.8265,-69.2576,15
480125.4017,4519535.033,57.7461,40.8266,-69.2357,15
481980.478,4519530.277,60.7903,40.8266,-69.2137,15
483835.5782,4519537.087,67.3415,40.8267,-69.1917,15
485682.2188,4519533.278,63.205,40.8267,-69.1698,15
487537.2912,4519529.917,61.807,40.8267,-69.1478,15
489383.9312,4519527.033,66.7098,40.8267,-69.1259,15
491239.0163,4519535.702,71.3101,40.8268,-69.1039,15
493094.0852,4519533.735,67.073,40.8268,-69.0819,15
494940.7219,4519532.24,79.8085,40.8268,-69.06,15
496795.7906,4519531.203,80.3691,40.8268,-69.038,15
498650.8592,4519530.632,74.4932,40.8268,-69.016,15
500497.4957,4519530.525,73.884,40.8268,-68.9941,10
502352.5643,4519530.883,71.7256,40.8268,-68.9721,10
504207.6329,4519531.706,71.3948,40.8268,-68.9501,10
506054.2695,4519532.989,65.9727,40.8268,-68.9282,10
507909.3384,4519534.741,68.0092,40.8268,-68.9062,10
474574.9068,4521383.675,41.5869,40.8431,-69.3016,10
476421.1299,4521388.651,53.4391,40.8432,-69.2797,10
478275.7444,4521382.963,55.0281,40.8432,-69.2577,10
480130.3883,4521388.841,56.8889,40.8433,-69.2357,10
481976.5691,4521384.105,60.084,40.8433,-69.2138,10
483831.1795,4521379.812,67.1402,40.8433,-69.1918,10
485685.8111,4521387.085,66.1371,40.8434,-69.1698,10
487531.9881,4521383.737,64.5644,40.8434,-69.1479,10
489386.5948,4521380.839,67.9388,40.8434,-69.1259,10
491241.2013,4521378.407,71.5175,40.8434,-69.1039,10
493087.3879,4521387.549,70.7032,40.8435,-69.082,10
494941.9913,4521386.046,79.5061,40.8435,-69.06,10
496796.5945,4521385.009,82.9089,40.8435,-69.038,10
498651.1977,4521384.437,77.0447,40.8435,-69.016,10
500497.3708,4521384.331,76.5004,40.8435,-68.9941,10
502351.974,4521384.688,71.8851,40.8435,-68.9721,10
504206.5772,4521385.512,72.9548,40.8435,-68.9501,10
506052.7505,4521386.794,65.6723,40.8435,-68.9282,10
507907.3539,4521388.547,68.4984,40.8435,-68.9062,10
474572.8618,4523237.518,47.9937,40.8598,-69.3017,10
476427.014,4523231.364,50.5223,40.8598,-69.2797,10
478272.7704,4523236.801,52.2601,40.8599,-69.2578,10
480126.9188,4523231.576,59.6732,40.8599,-69.2358,10
481981.0939,4523237.917,64.1704,40.86,-69.2138,10
483835.2387,4523233.624,66.3326,40.86,-69.1918,10
485680.9768,4523240.913,66.3677,40.8601,-69.1699,10
487535.1182,4523237.549,65.8159,40.8601,-69.1479,10
489389.2593,4523234.651,71.3917,40.8601,-69.1259,10
491243.4002,4523232.218,72.0683,40.8601,-69.1039,10
493089.113,4523230.259,68.2753,40.8601,-69.082,10
507905.3807,4523231.257,73.6381,40.8601,-68.9062,10
494943.2611,4523239.857,77.3809,40.8602,-69.06,10
496797.3988,4523238.819,82.6163,40.8602,-69.038,10
498651.5363,4523238.248,81.7639,40.8602,-69.016,10
500497.246,4523238.141,77.6203,40.8602,-68.9941,10
502351.3835,4523238.499,78.222,40.8602,-68.9721,10
504205.5211,4523239.323,73.3992,40.8602,-68.9501,10
506059.6588,4523240.612,62.2903,40.8602,-68.9281,10
474570.8232,4525091.367,46.8044,40.8765,-69.3018,10
476424.5096,4525085.21,52.5,40.8765,-69.2798,10
478278.2282,4525090.619,54.0255,40.8766,-69.2578,10
480123.4851,4525085.417,61.8792,40.8766,-69.2359,10
481977.1944,4525091.756,65.0472,40.8767,-69.2139,10
483830.8735,4525087.46,69.4872,40.8767,-69.1919,10
485684.5522,4525083.629,65.3195,40.8767,-69.1699,10
487538.2494,4525091.366,63.4813,40.8768,-69.1479,10
489383.4989,4525088.479,71.9701,40.8768,-69.126,10
491237.174,4525086.044,73.4916,40.8768,-69.104,10
493090.849,4525084.075,68.7048,40.8768,-69.082,10
494944.5237,4525082.572,76.414,40.8768,-69.06,10
504204.4711,4525082.038,75.0189,40.8768,-68.9501,10
506058.1458,4525083.327,71.6917,40.8768,-68.9281,10
496798.2032,4525092.635,80.8452,40.8769,-69.038,10
498643.4493,4525092.065,80.8538,40.8769,-69.0161,10
500497.1211,4525091.957,76.1266,40.8769,-68.9941,10
502350.7929,4525092.315,71.8389,40.8769,-68.9721,10
476422.0115,4526939.061,49.0047,40.8932,-69.2799,10
478275.2642,4526944.468,56.088,40.8933,-69.2579,10
480128.481,4526939.24,63.3334,40.8933,-69.2359,10
481981.6973,4526934.478,66.3986,40.8933,-69.2139,10
483834.9375,4526941.282,70.3548,40.8934,-69.1919,10
485679.7266,4526937.468,67.4881,40.8934,-69.17,10
487532.9391,4526934.102,68.3115,40.8934,-69.148,10
489386.1673,4526942.301,71.5003,40.8935,-69.126,10
491239.3765,4526939.866,71.7154,40.8935,-69.104,10
493092.5856,4526937.897,71.1139,40.8935,-69.082,10
494945.7944,4526936.394,78.4446,40.8935,-69.06,10
496799.0032,4526935.356,80.5778,40.8935,-69.038,10
498643.7882,4526934.786,78.6028,40.8935,-69.0161,10
500496.9969,4526934.678,80.1677,40.8935,-68.9941,10
502350.2055,4526935.036,73.8196,40.8935,-68.9721,10
504203.4143,4526935.859,73.5979,40.8935,-68.9501,10
506056.6231,4526937.149,71.2324,40.8935,-68.9281,10
476419.5197,4528792.918,48.4047,40.9099,-69.28,10
478272.2736,4528787.222,57.9993,40.9099,-69.258,10
480125.057,4528793.092,62.4305,40.91,-69.236,10
481977.8072,4528788.327,69.6889,40.91,-69.214,10
483830.5814,4528795.129,69.2561,40.9101,-69.192,10
485683.3281,4528791.296,61.6996,40.9101,-69.17,10
487536.0745,4528787.929,65.4826,40.9101,-69.148,10
489388.8367,4528796.129,74.1925,40.9102,-69.126,10
491241.5798,4528793.693,71.5363,40.9102,-69.104,10
493094.3227,4528791.724,72.4899,40.9102,-69.082,10
494947.0655,4528790.221,77.0446,40.9102,-69.06,10
496791.3867,4528789.187,77.1336,40.9102,-69.0381,10
498644.1293,4528788.613,79.067,40.9102,-69.0161,10
500496.8719,4528788.505,80.4048,40.9102,-68.9941,10
502349.6145,4528788.863,75.2775,40.9102,-68.9721,10
504202.3571,4528789.686,75.7255,40.9102,-68.9501,10
506055.0999,4528790.976,70.5932,40.9102,-68.9281,10
476425.4535,4530646.753,41.6901,40.9266,-69.28,10
478277.7412,4530641.056,58.9644,40.9266,-69.258,10
480130.0584,4530646.926,63.6431,40.9267,-69.236,10
481982.3424,4530642.161,68.1657,40.9267,-69.214,10
483834.6504,4530648.963,71.7404,40.9268,-69.192,10
485686.9308,4530645.129,64.8185,40.9268,-69.17,10
487539.211,4530641.762,64.1193,40.9268,-69.148,10
489391.4909,4530638.861,69.7411,40.9268,-69.126,10
491235.3644,4530647.536,71.6427,40.9269,-69.1041,10
493087.6411,4530645.564,74.7643,40.9269,-69.0821,10
494939.9176,4530644.059,74.8957,40.9269,-69.0601,10
496792.1941,4530643.019,77.4513,40.9269,-69.0381,10
498644.4705,4530642.445,80.1877,40.9269,-69.0161,10
500496.7468,4530642.337,79.0743,40.9269,-68.9941,10
502349.0232,4530642.695,75.9827,40.9269,-68.9721,10
504201.2996,4530643.519,75.6973,40.9269,-68.9501,10
506053.5761,4530644.808,75.9655,40.9269,-68.9281,10
476422.9721,4532500.621,32.6156,40.9433,-69.2801,10
478274.7933,4532494.921,62.1931,40.9433,-69.2581,10
480126.6441,4532500.789,66.336,40.9434,-69.2361,10
481978.4617,4532496.021,64.7482,40.9434,-69.2141,10
483830.279,4532491.719,64.8036,40.9434,-69.1921,10
485682.1174,4532498.985,61.3084,40.9435,-69.1701,10
487533.9312,4532495.615,62.7558,40.9435,-69.1481,10
489385.7447,4532492.711,69.2793,40.9435,-69.1261,10
491237.558,4532490.273,74.681,40.9435,-69.1041,10
493089.3816,4532499.402,71.6329,40.9436,-69.0821,10
494941.1917,4532497.896,74.4823,40.9436,-69.0601,10
496793.0018,4532496.856,76.6368,40.9436,-69.0381,10
498644.8118,4532496.282,82.4281,40.9436,-69.0161,10
500496.6218,4532496.174,74.7623,40.9436,-68.9941,10
502348.4317,4532496.532,78.5548,40.9436,-68.9721,10
504200.2418,4532497.356,76.0556,40.9436,-68.9501,10
506052.0519,4532498.646,72.4628,40.9436,-68.9281,10
476420.4613,4534343.393,32.0603,40.9599,-69.2802,10
478271.8516,4534348.792,63.3611,40.96,-69.2582,10
480131.6211,4534343.533,63.1296,40.96,-69.2361,10
481983.0021,4534349.866,67.391,40.9601,-69.2141,10
483834.3528,4534345.564,61.504,40.9601,-69.1921,10
485685.7247,4534352.829,60.9415,40.9602,-69.1701,10
487537.0719,4534349.459,61.546,40.9602,-69.1481,10
489388.4189,4534346.555,66.8034,40.9602,-69.1261,10
491239.7657,4534344.117,74.1615,40.9602,-69.1041,10
493091.1122,4534342.145,72.6908,40.9602,-69.0821,10
494942.4663,4534351.739,74.2557,40.9603,-69.0601,10
496793.8098,4534350.699,78.4593,40.9603,-69.0381,10
498645.1532,4534350.125,81.5162,40.9603,-69.0161,10
500496.4966,4534350.017,79.2968,40.9603,-68.9941,10
502347.8401,4534350.375,78.059,40.9603,-68.9721,10
504207.5988,4534351.204,75.786,40.9603,-68.95,10
506058.9423,4534352.496,72.502,40.9603,-68.928,10
476426.4054,4536197.244,35.0575,40.9766,-69.2802,10
478277.329,4536202.643,64.3527,40.9767,-69.2582,10
480128.2166,4536197.406,63.3794,40.9767,-69.2362,10
481979.1309,4536203.736,65.2003,40.9768,-69.2142,10
483830.0149,4536199.432,64.957,40.9768,-69.1922,10
485680.8985,4536195.593,59.3578,40.9768,-69.1702,10
487531.8006,4536203.322,65.0059,40.9769,-69.1482,10
489391.094,4536200.403,63.9073,40.9769,-69.1261,10
491241.974,4536197.965,76.3024,40.9769,-69.1041,10
493092.8539,4536195.993,78.6966,40.9769,-69.0821,10
494943.7336,4536194.487,74.4202,40.9769,-69.0601,10
506057.4241,4536195.244,72.5958,40.9769,-68.928,2
496794.618,4536204.548,79.5318,40.977,-69.0381,10
498645.4948,4536203.974,80.1158,40.977,-69.0161,10
500496.3715,4536203.866,82.4512,40.977,-68.9941,10
502355.6613,4536204.226,81.963,40.977,-68.972,10
504206.5381,4536205.052,69.9461,40.977,-68.95,10
476423.9406,4538051.128,46.5108,40.9933,-69.2803,10
478274.3973,4538056.524,61.0137,40.9934,-69.2583,10
480124.818,4538051.285,63.2652,40.9934,-69.2363,10
481983.6492,4538046.491,65.9908,40.9934,-69.2142,10
483834.0936,4538053.287,59.9215,40.9935,-69.1922,10
485684.5103,4538049.448,58.523,40.9935,-69.1702,10
487534.9268,4538046.076,66.5143,40.9935,-69.1482,10
489385.359,4538054.27,68.7792,40.9936,-69.1262,10
491235.7722,4538051.829,73.7869,40.9936,-69.1042,10
493094.5961,4538049.847,78.1032,40.9936,-69.0821,10
494945.009,4538048.341,75.3612,40.9936,-69.0601,10
496795.4217,4538047.301,75.8307,40.9936,-69.0381,10
498645.8344,4538046.726,78.6577,40.9936,-69.0161,10
500496.247,4538046.618,80.7612,40.9936,-68.9941,10
502355.0706,4538046.979,79.511,40.9936,-68.972,10
504205.4834,4538047.805,74.2718,40.9936,-68.95,2
506055.8961,4538049.098,69.8607,40.9936,-68.928,2
472721.5254,4539906.73,47.1231,41.0099,-69.3244,21
474571.4861,4539900.09,48.9213,41.0099,-69.3024,10
476421.482,4539905.017,51.8814,41.01,-69.2804,10
478271.4389,4539899.309,57.8024,41.01,-69.2584,10
480129.8342,4539905.146,60.2506,41.0101,-69.2363,10
481979.7875,4539900.372,65.4477,41.0101,-69.2143,10
483829.7648,4539907.166,58.9509,41.0102,-69.1923,10
485679.7145,4539903.325,56.2768,41.0102,-69.1703,10
487538.0728,4539899.935,64.2609,41.0102,-69.1482,10
489388.038,4539908.13,68.1026,41.0103,-69.1262,10
491237.9842,4539905.689,72.632,41.0103,-69.1042,10
493087.9301,4539903.714,78.2078,41.0103,-69.0822,10
494946.2848,4539902.2,77.5476,41.0103,-69.0601,10
496796.2305,4539901.16,78.4744,41.0103,-69.0381,10
498646.1762,4539900.585,82.2095,41.0103,-69.0161,10
500496.1218,4539900.477,82.0084,41.0103,-68.9941,10
502354.4763,4539900.838,80.3734,41.0103,-68.972,10
504204.4219,4539901.664,75.3529,41.0103,-68.95,2
506054.3677,4539902.957,69.3818,41.0103,-68.928,2
470870.4693,4541756.638,25.0946,41.0265,-69.3465,21
472720.0074,4541760.63,47.1182,41.0266,-69.3245,21
474569.5009,4541753.987,51.5745,41.0266,-69.3025,10
476427.4364,4541758.885,52.9493,41.0267,-69.2804,10
478276.9261,4541753.176,55.3575,41.0267,-69.2584,10
480126.4454,4541759.035,59.7912,41.0268,-69.2364,10
481975.9315,4541754.259,61.3735,41.0268,-69.2144,10
483833.8484,4541761.032,58.2184,41.0269,-69.1923,10
485683.3309,4541757.19,59.2167,41.0269,-69.1703,10
487532.8131,4541753.815,66.0868,41.0269,-69.1483,10
489390.7019,4541750.894,68.2297,41.0269,-69.1262,10
491240.1969,4541759.554,77.6934,41.027,-69.1042,10
493089.6757,4541757.579,81.0668,41.027,-69.0822,10
494947.561,4541756.064,77.4855,41.027,-69.0601,10
496797.0396,4541755.024,81.977,41.027,-69.0381,10
498646.518,4541754.45,81.9378,41.027,-69.0161,10
500495.9965,4541754.342,83.6515,41.027,-68.9941,10
502353.8817,4541754.703,84.6694,41.027,-68.972,2
504203.3602,4541755.529,77.9397,41.027,-68.95,2
506052.8388,4541756.822,70.9275,41.027,-68.928,2
470869.4252,4543610.546,33.6341,41.0432,-69.3466,21
472718.4547,4543603.434,50.1714,41.0432,-69.3246,10
474567.5222,4543607.89,51.9494,41.0433,-69.3026,10
476424.9882,4543612.784,56.673,41.0434,-69.2805,10
478274.0105,4543607.074,57.9094,41.0434,-69.2585,10
480131.4672,4543612.907,57.9322,41.0435,-69.2364,10
481980.4859,4543608.131,58.4825,41.0435,-69.2144,10
483829.5042,4543603.821,52.3479,41.0435,-69.1924,10
485686.9485,4543611.061,61.5649,41.0436,-69.1703,10
487535.9634,4543607.686,69.6247,41.0436,-69.1483,10
489384.9781,4543604.776,74.4927,41.0436,-69.1263,10
491242.3971,4543602.323,80.1699,41.0436,-69.1042,10
493091.4218,4543611.449,80.1926,41.0437,-69.0822,10
494940.4331,4543609.94,79.0849,41.0437,-69.0602,10
496797.8489,4543608.894,81.9396,41.0437,-69.0381,10
498646.8601,4543608.32,79.9725,41.0437,-69.0161,10
500495.8712,4543608.212,81.5408,41.0437,-68.9941,2
502353.2869,4543608.572,85.9834,41.0437,-68.972,2
504202.298,4543609.399,79.8565,41.0437,-68.95,2
470868.3878,4545464.459,43.4259,41.0599,-69.3467,21
472716.9499,4545457.344,49.6308,41.0599,-69.3247,10
474573.9524,4545461.768,51.8963,41.06,-69.3026,10
476422.5105,4545455.589,54.4231,41.06,-69.2806,10
478279.5036,4545460.951,56.9052,41.0601,-69.2585,10
480128.058,4545455.706,61.7962,41.0601,-69.2365,10
481976.6393,4545462.028,55.2269,41.0602,-69.2145,10
483833.5927,4545457.697,55.8797,41.0602,-69.1924,10
485682.1649,4545464.954,60.7852,41.0603,-69.1704,10
487539.1148,4545461.562,69.4187,41.0603,-69.1483,10
489387.6619,4545458.652,75.3252,41.0603,-69.1263,10
491236.2088,4545456.209,82.5893,41.0603,-69.1043,10
493093.1581,4545454.223,84.1899,41.0603,-69.0822,10
494941.7124,4545463.816,83.7718,41.0604,-69.0602,10
496798.6585,4545462.769,81.5171,41.0604,-69.0381,10
498647.2022,4545462.195,80.4547,41.0604,-69.0161,10
500495.7458,4545462.087,82.7499,41.0604,-68.9941,2
502352.6919,4545462.448,82.5139,41.0604,-68.972,2
504201.2356,4545463.274,80.5863,41.0604,-68.95,2
470867.3131,4547307.276,46.9716,41.0765,-69.3468,21
472715.4516,4547311.26,55.01,41.0766,-69.3248,10
474571.9843,4547315.682,51.8567,41.0767,-69.3027,10
476420.0748,4547309.499,51.9617,41.0767,-69.2807,10
478276.5982,4547314.859,52.2258,41.0768,-69.2586,10
480124.6849,4547309.612,52.6968,41.0768,-69.2366,10
481981.199,4547315.911,53.2201,41.0769,-69.2145,10
483829.2821,4547311.598,57.6712,41.0769,-69.1925,10
485685.7654,4547307.735,63.1621,41.0769,-69.1704,10
487533.8668,4547315.457,71.5199,41.077,-69.1484,10
489390.3467,4547312.533,80.3192,41.077,-69.1263,10
491238.4259,4547310.09,84.6488,41.077,-69.1043,10
493094.9054,4547308.104,89.595,41.077,-69.0822,10
494942.9844,4547306.595,87.9731,41.077,-69.0602,10
504200.1791,4547306.054,81.81,41.077,-68.95,2
496799.4684,4547316.65,84.5254,41.0771,-69.0381,10
498647.5444,4547316.076,86.2339,41.0771,-69.0161,2
500495.6204,4547315.968,88.4008,41.0771,-68.9941,2
502352.0967,4547316.328,86.7147,41.0771,-68.972,2
469018.6592,4549168.786,45.541,41.0932,-69.3689,21
470866.2892,4549161.2,48.905,41.0932,-69.3469,21
472722.3582,4549165.15,50.2525,41.0933,-69.3248,10
474569.9842,4549158.499,53.2447,41.0933,-69.3028,10
476426.0437,4549163.388,55.4841,41.0934,-69.2807,10
478273.6988,4549168.773,55.7629,41.0935,-69.2587,10
480129.716,4549163.5,53.4945,41.0935,-69.2366,10
481977.3345,4549158.718,53.7241,41.0935,-69.2146,10
483833.3755,4549165.485,56.4585,41.0936,-69.1925,10
485680.9905,4549161.638,66.0399,41.0936,-69.1705,10
487537.0035,4549158.243,76.3142,41.0936,-69.1484,10
489384.6341,4549166.432,87.5473,41.0937,-69.1264,10
491240.6438,4549163.976,91.0473,41.0937,-69.1043,10
493088.2551,4549161.998,94.3463,41.0937,-69.0823,10
494944.2645,4549160.481,91.9909,41.0937,-69.0602,10
496791.8755,4549159.439,89.6817,41.0937,-69.0382,3
498647.8847,4549158.86,88.6319,41.0937,-69.0161,3
500495.4957,4549158.752,90.2407,41.0937,-68.9941,3
502351.5049,4549159.113,90.4085,41.0937,-68.972,2
504207.5141,4549159.945,86.9583,41.0937,-68.9499,2
469018.063,4551011.617,44.9295,41.1098,-69.369,21
470865.272,4551015.129,48.5927,41.1099,-69.347,10
472720.8709,4551019.077,50.8065,41.11,-69.3249,10
474568.0289,4551012.423,52.8969,41.11,-69.3029,10
476423.6184,4551017.31,53.5882,41.1101,-69.2808,10
478279.1687,4551011.566,53.0101,41.1101,-69.2587,10
480126.3527,4551017.416,52.0703,41.1102,-69.2367,10
481981.8994,4551012.611,54.5912,41.1102,-69.2146,10
483829.0741,4551019.397,60.781,41.1103,-69.1926,10
485684.6173,4551015.531,70.9043,41.1103,-69.1705,10
487531.764,4551012.15,83.7189,41.1103,-69.1485,10
489387.3228,4551020.324,95.8978,41.1104,-69.1264,10
491242.8624,4551017.868,97.2656,41.1104,-69.1043,10
493090.0057,4551015.89,99.0331,41.1104,-69.0823,10
494945.545,4551014.373,97.855,41.1104,-69.0602,10
496792.6881,4551013.33,96.3049,41.1104,-69.0382,3
498648.2272,4551012.752,93.0397,41.1104,-69.0161,3
500495.3702,4551012.644,94.3375,41.1104,-68.9941,3
502350.9093,4551013.005,92.5142,41.1104,-68.972,3
504206.4484,4551013.836,90.3565,41.1104,-68.9499,2
469017.5207,4552865.554,45.2007,41.1265,-69.3691,21
470864.2616,4552869.064,49.2513,41.1266,-69.3471,10
472719.3903,4552873.009,51.0625,41.1267,-69.325,10
474574.4742,4552866.323,55.1718,41.1267,-69.3029,10
476421.1994,4552871.236,53.0826,41.1268,-69.2809,10
478276.2795,4552865.49,50.3523,41.1268,-69.2588,10
480131.3893,4552871.315,52.8835,41.1269,-69.2367,10
481978.0717,4552866.53,59.1893,41.1269,-69.2147,10
483833.1478,4552862.193,65.1631,41.1269,-69.1926,10
485679.8512,4552869.445,75.8593,41.127,-69.1706,10
487534.9239,4552866.047,90.1651,41.127,-69.1485,10
489389.9963,4552863.12,97.3012,41.127,-69.1264,10
491236.6877,4552871.775,102.314,41.1271,-69.1044,10
493091.7569,4552869.787,100.191,41.1271,-69.0823,10
494946.8259,4552868.27,100.71,41.1271,-69.0602,3
496793.5009,4552867.227,98.2376,41.1271,-69.0382,3
498648.5698,4552866.649,97.0856,41.1271,-69.0161,3
500503.6386,4552866.541,95.813,41.1271,-68.994,3
502350.3135,4552866.901,94.3616,41.1271,-68.972,3
504205.3824,4552867.733,96.8714,41.1271,-68.9499,3
467162.3145,4554716.494,43.1161,41.1431,-69.3913,21
469016.9853,4554719.497,45.7602,41.1432,-69.3692,21
470871.6498,4554722.971,48.9495,41.1433,-69.3471,10
472717.8748,4554715.845,51.1183,41.1433,-69.3251,10
474572.5297,4554720.258,52.2835,41.1434,-69.303,10
476427.1785,4554725.141,49.1326,41.1435,-69.2809,10
478273.3963,4554719.419,51.6665,41.1435,-69.2589,10
480128.0055,4554714.141,56.1585,41.1435,-69.2368,10
481982.6417,4554720.434,61.476,41.1436,-69.2147,10
483828.8555,4554716.116,69.6764,41.1436,-69.1927,10
485683.4826,4554723.348,81.6621,41.1437,-69.1706,10
487538.0848,4554719.95,95.73,41.1437,-69.1485,10
489384.2949,4554717.035,99.7213,41.1437,-69.1265,10
491238.8967,4554714.576,101.593,41.1437,-69.1044,10
493093.5087,4554723.689,101.021,41.1438,-69.0823,10
494939.7155,4554722.178,103.929,41.1438,-69.0603,3
496794.314,4554721.129,101.13,41.1438,-69.0382,3
498648.9125,4554720.551,99.5583,41.1438,-69.0161,3
500503.5109,4554720.443,97.5834,41.1438,-68.994,3
502349.7175,4554720.804,93.8727,41.1438,-68.972,3
504204.316,4554721.635,99.0822,41.1438,-68.9499,3
467162.2566,4556570.445,44.8578,41.1598,-69.3914,21
469016.4568,4556573.445,48.1198,41.1599,-69.3693,10
470870.6508,4556576.916,50.8591,41.16,-69.3472,10
472716.4073,4556569.788,52.7318,41.16,-69.3252,10
474570.5916,4556574.198,47.9651,41.1601,-69.3031,10
476424.734,4556567.978,51.486,41.1601,-69.281,10
478278.909,4556573.329,54.0391,41.1602,-69.2589,10
480124.6579,4556568.073,58.0669,41.1602,-69.2369,10
481978.8235,4556574.364,65.055,41.1603,-69.2148,10
483832.9586,4556570.024,76.0437,41.1603,-69.1927,10
485687.0934,4556566.156,89.7852,41.1603,-69.1706,10
487532.857,4556573.873,98.8459,41.1604,-69.1486,10
489386.9884,4556570.943,100.652,41.1604,-69.1265,10
491241.1196,4556568.484,100.05,41.1604,-69.1044,10
493095.2506,4556566.496,111.101,41.1604,-69.0823,3
494940.9994,4556576.086,107.208,41.1605,-69.0603,3
496795.1274,4556575.037,105.199,41.1605,-69.0382,3
498649.2553,4556574.458,100.586,41.1605,-69.0161,3
500503.3831,4556574.351,99.4667,41.1605,-68.994,3
502349.1213,4556574.711,97.4789,41.1605,-68.972,3
504203.2492,4556575.543,101.653,41.1605,-68.9499,3
467162.2057,4558424.401,45.8284,41.1765,-69.3915,21
469015.9352,4558427.399,50.6685,41.1766,-69.3694,10
470869.6142,4558419.766,52.3787,41.1766,-69.3473,10
472723.334,4558423.705,48.8834,41.1767,-69.3252,10
474568.66,4558428.144,49.4132,41.1768,-69.3032,10
476422.3317,4558421.921,53.2119,41.1768,-69.2811,10
478276.0359,4558427.27,55.6743,41.1769,-69.259,10
480129.7038,4558421.988,60.7892,41.1769,-69.2369,10
481983.3988,4558428.279,70.0394,41.177,-69.2148,10
483828.6755,4558423.957,80.9669,41.177,-69.1928,10
485682.3395,4558420.086,93.3458,41.177,-69.1707,10
487536.0222,4558427.787,100.063,41.1771,-69.1486,10
489389.6829,4558424.857,101.864,41.1771,-69.1265,10
491243.3433,4558422.398,106.318,41.1771,-69.1044,3
493088.616,4558420.417,107.539,41.1771,-69.0824,3
494942.2761,4558418.897,109.335,41.1771,-69.0603,3
504202.1885,4558418.355,102.629,41.1771,-68.9499,3
496795.941,4558428.95,109.25,41.1772,-69.0382,3
498649.5982,4558428.371,103.209,41.1772,-69.0161,3
500503.2553,4558428.264,100.729,41.1772,-68.994,3
502348.5249,4558428.624,98.5705,41.1772,-68.972,3
465308.897,4560275.839,43.6617,41.1931,-69.4137,21
467162.1619,4560278.363,46.1083,41.1932,-69.3916,21
469015.3734,4560270.256,51.4632,41.1932,-69.3695,10
470868.6286,4560273.722,50.5807,41.1933,-69.3474,10
472721.8775,4560277.658,49.9031,41.1934,-69.3253,10
474575.0816,4560270.964,51.7963,41.1934,-69.3032,10
476419.9356,4560275.869,53.6498,41.1935,-69.2812,10
478273.1359,4560270.114,58.2983,41.1935,-69.2591,10
480126.366,4560275.931,64.7593,41.1936,-69.237,10
481979.5626,4560271.118,73.7846,41.1936,-69.2149,10
483832.7835,4560277.877,84.7351,41.1937,-69.1928,10
485685.9766,4560274.005,91.722,41.1937,-69.1707,10
487539.1695,4560270.604,101.53,41.1937,-69.1486,10
489383.9927,4560278.788,99.8679,41.1938,-69.1266,10
491237.1823,4560276.326,118.745,41.1938,-69.1045,3
493090.3717,4560274.336,120.465,41.1938,-69.0824,3
494943.561,4560272.816,115.009,41.1938,-69.0603,3
496796.7501,4560271.767,112.424,41.1938,-69.0382,3
498649.9392,4560271.188,104.755,41.1938,-69.0161,3
500503.1283,4560271.081,103.985,41.1938,-68.994,3
502347.9319,4560271.441,99.945,41.1938,-68.972,3
465309.3312,4562129.809,44.5901,41.2098,-69.4138,21
467162.1251,4562132.33,47.0644,41.2099,-69.3917,10
469014.8656,4562124.221,51.1024,41.2099,-69.3696,10
470867.6497,4562127.684,49.9864,41.21,-69.3475,10
472720.4277,4562131.617,53.2412,41.2101,-69.3254,10
474573.1607,4562124.92,54.116,41.2101,-69.3033,10
476425.9291,4562129.796,57.6441,41.2102,-69.2812,10
478278.6584,4562124.04,63.6202,41.2102,-69.2591,10
480131.4174,4562129.857,71.1518,41.2103,-69.237,10
481975.7597,4562125.064,79.4921,41.2103,-69.215,10
483828.5095,4562131.821,89.235,41.2104,-69.1929,10
485681.2316,4562127.947,92.2927,41.2104,-69.1708,10
487533.9534,4562124.543,95.6186,41.2104,-69.1487,10
489386.6911,4562132.712,95.1046,41.2105,-69.1266,3
491239.4096,4562130.25,127.799,41.2105,-69.1045,3
498650.2823,4562125.112,119.272,41.2105,-69.0161,3
500503.0004,4562125.004,110.834,41.2105,-68.994,3
502347.3351,4562125.365,105.253,41.2105,-68.972,3
465309.7727,4563983.784,46.0323,41.2265,-69.4139,21
467162.0454,4563975.201,47.9047,41.2265,-69.3918,10
469014.3647,4563978.19,50.0984,41.2266,-69.3697,10
470866.6776,4563981.651,55.0142,41.2267,-69.3476,10
472718.9428,4563974.48,59.9496,41.2267,-69.3255,10
474571.2462,4563978.882,57.5282,41.2268,-69.3034,10
476423.5435,4563983.755,62.9034,41.2269,-69.2813,10
478275.8015,4563977.997,69.6506,41.2269,-69.2592,10
480128.0894,4563983.811,77.2764,41.227,-69.2371,10
481980.3437,4563978.995,86.8868,41.227,-69.215,10
483832.5978,4563974.65,89.634,41.227,-69.1929,10
485684.8733,4563981.877,92.1962,41.2271,-69.1708,10
487537.1239,4563978.473,93.2171,41.2271,-69.1487,3
489389.3742,4563975.54,96.4957,41.2271,-69.1266,3
491241.6377,4563984.18,127.716,41.2272,-69.1045,3
502355.1193,4563979.297,113.987,41.2272,-68.9719,3
463458.3638,4565835.72,41.0656,41.2431,-69.4361,21
465310.1686,4565826.663,46.8861,41.2431,-69.414,21
467162.0228,4565829.179,48.635,41.2432,-69.3919,10
469013.8707,4565832.166,54.1016,41.2433,-69.3698,10
470865.7123,4565835.623,56.1024,41.2434,-69.3477,10
472717.5061,4565828.45,58.3077,41.2434,-69.3256,10
474569.3382,4565832.849,63.5983,41.2435,-69.3035,10
476421.1281,4565826.618,69.5186,41.2435,-69.2814,10
478272.9507,4565831.959,75.5037,41.2436,-69.2593,10
480124.737,4565826.669,82.7579,41.2436,-69.2372,10
481976.5503,4565832.952,89.7906,41.2437,-69.2151,10
483828.3329,4565828.604,90.5193,41.2437,-69.193,10
485680.1371,4565835.829,92.0857,41.2438,-69.1709,10
487531.9163,4565832.423,94.7716,41.2438,-69.1488,3
489383.6953,4565829.488,98.9978,41.2438,-69.1267,3
491235.4741,4565827.023,136.684,41.2438,-69.1046,3
463459.2355,4567678.608,43.7671,41.2597,-69.4362,21
465310.6245,4567680.649,48.126,41.2598,-69.4141,10
467162.0072,4567683.162,49.4004,41.2599,-69.392,10
469013.3836,4567686.146,54.6417,41.26,-69.3699,10
470864.7093,4567678.499,58.4486,41.26,-69.3478,10
472716.076,4567682.425,63.9301,41.2601,-69.3257,10
474567.4365,4567686.821,68.7569,41.2602,-69.3036,10
476427.132,4567680.56,74.8395,41.2602,-69.2814,10
478278.4831,4567685.901,80.3533,41.2603,-69.2593,10
480129.7978,4567680.611,87.6229,41.2603,-69.2372,10
481981.1396,4567686.893,91.7978,41.2604,-69.2151,10
483832.4507,4567682.545,92.5021,41.2604,-69.193,10
485683.7615,4567678.668,94.9062,41.2604,-69.1709,3
487535.0911,4567686.363,97.0453,41.2605,-69.1488,3
489386.3986,4567683.428,100.637,41.2605,-69.1267,3
463460.1703,4569532.602,39.7156,41.2764,-69.4363,21
465311.0877,4569534.641,45.466,41.2765,-69.4142,10
467161.9987,4569537.151,45.7788,41.2766,-69.3921,10
469012.9034,4569540.132,53.4595,41.2767,-69.37,10
470863.7574,4569532.482,63.2526,41.2767,-69.3479,10
472723.0274,4569536.374,69.5857,41.2768,-69.3257,10
474573.9162,4569540.77,75.442,41.2769,-69.3036,10
476424.763,4569534.536,81.5052,41.2769,-69.2815,10
478275.6424,4569539.874,84.037,41.277,-69.2594,10
480126.4854,4569534.581,92.2512,41.277,-69.2373,10
481977.3556,4569540.861,93.3521,41.2771,-69.2152,10
483828.195,4569536.511,93.8102,41.2771,-69.1931,3
485687.409,4569532.614,97.4165,41.2771,-69.1709,3
487538.2669,4569540.309,99.8224,41.2772,-69.1488,3
489389.1027,4569537.374,106.749,41.2772,-69.1267,3
463461.1125,4571386.601,38.9456,41.2931,-69.4364,21
465311.5581,4571388.637,43.4879,41.2932,-69.4143,10
467161.9972,4571391.145,46.5121,41.2933,-69.3922,10
469012.3828,4571383.022,50.1741,41.2933,-69.3701,10
470871.1851,4571386.437,65.6924,41.2934,-69.3479,10
472721.6083,4571390.36,73.2237,41.2935,-69.3258,10
474571.9865,4571383.652,79.6245,41.2935,-69.3037,10
476422.4003,4571388.516,84.8831,41.2936,-69.2816,10
478272.7747,4571382.75,89.0105,41.2936,-69.2595,10
480131.5518,4571388.534,96.043,41.2937,-69.2373,10
481981.9226,4571383.712,96.3081,41.2937,-69.2152,10
483832.3177,4571390.462,98.0122,41.2938,-69.1931,3
485682.685,4571386.583,102.822,41.2938,-69.171,3
487533.052,4571383.174,110.527,41.2938,-69.1489,3
461603.7115,4573239.088,34.4071,41.3097,-69.4587,21
463462.0621,4573240.606,35.5372,41.3098,-69.4365,21
465312.0357,4573242.64,39.2659,41.3099,-69.4144,10
467162.0029,4573245.144,45.5707,41.31,-69.3923,10
469011.9165,4573237.018,47.8806,41.31,-69.3702,10
470870.2446,4573240.431,62.8984,41.3101,-69.348,10
472720.1958,4573244.351,76.838,41.3102,-69.3259,10
474570.1021,4573237.64,84.32,41.3102,-69.3038,10
476420.0438,4573242.502,89.8959,41.3103,-69.2817,10
478278.3169,4573236.709,93.3814,41.3103,-69.2595,10
480128.2492,4573242.515,98.3688,41.3104,-69.2374,10
481978.148,4573237.69,101.199,41.3104,-69.2153,3
483828.0712,4573244.438,103.164,41.3105,-69.1932,3
485686.3371,4573240.54,111.523,41.3105,-69.171,3
461605.1428,4575093.101,33.4313,41.3264,-69.4588,21
463463.0191,4575094.616,34.0329,41.3265,-69.4366,10
465312.5205,4575096.647,36.9477,41.3266,-69.4145,10
467161.9654,4575088.047,43.8902,41.3266,-69.3924,10
469011.457,4575091.02,48.1667,41.3267,-69.3703,10
470869.3109,4575094.43,57.8538,41.3268,-69.3481,10
472718.7483,4575087.246,79.1219,41.3268,-69.326,10
474568.2241,4575091.634,86.3948,41.3269,-69.3039,10
476426.0621,4575096.466,92.5312,41.327,-69.2817,10
478275.4924,4575090.697,96.7034,41.327,-69.2596,10
480124.9527,4575096.501,99.9455,41.3271,-69.2375,10
481982.7478,4575091.653,106.117,41.3271,-69.2153,3
461606.5816,4576947.12,32.0255,41.3431,-69.4589,21
463455.6171,4576948.674,31.671,41.3432,-69.4368,10
465312.9595,4576939.558,36.1816,41.3432,-69.4146,10
467161.9852,4576942.057,42.2927,41.3433,-69.3925,10
469019.3709,4576944.992,48.8785,41.3434,-69.3703,10
470868.3839,4576948.435,56.3283,41.3435,-69.3482,10
472717.349,4576941.248,80.8861,41.3435,-69.3261,10
474574.7188,4576945.604,92.1914,41.3436,-69.3039,10
476423.6801,4576939.362,97.5617,41.3436,-69.2818,10
478272.6741,4576944.692,102.077,41.3437,-69.2597,10
480129.998,4576939.368,108.315,41.3437,-69.2375,3
459759.4586,4578800.063,34.4169,41.3597,-69.4811,21
461607.9692,4578790.042,31.0426,41.3597,-69.459,21
463456.5351,4578791.594,32.683,41.3598,-69.4369,10
465313.4588,4578793.577,37.32,41.3599,-69.4147,10
467162.012,4578796.073,36.8886,41.36,-69.3926,10
469018.9231,4578799.004,51.0573,41.3601,-69.3704,10
470867.4191,4578791.344,55.537,41.3601,-69.3483,10
472715.9563,4578795.255,79.989,41.3602,-69.3262,10
474572.8516,4578799.609,96.0326,41.3603,-69.304,10
476421.3403,4578793.364,105.488,41.3603,-69.2819,10
478278.2261,4578798.666,109.793,41.3604,-69.2597,3
459752.9613,4580643.04,33.7129,41.3763,-69.4813,21
461609.4231,4580644.071,32.889,41.3764,-69.4591,10
463457.5164,4580645.62,35.1018,41.3765,-69.437,10
465313.9654,4580647.6,39.0345,41.3766,-69.4148,10
467162.0459,4580650.094,38.9802,41.3767,-69.3927,10
469018.4823,4580653.023,52.4487,41.3768,-69.3705,10
470866.5057,4580645.359,57.7553,41.3768,-69.3484,10
472722.9323,4580649.237,76.6152,41.3769,-69.3262,10
474570.9518,4580642.518,101.115,41.3769,-69.3041,10
476427.369,4580647.344,112.298,41.377,-69.2819,10
478275.4179,4580652.671,117.15,41.3771,-69.2598,3
459754.8977,4582497.077,33.6662,41.393,-69.4814,21
461610.8846,4582498.106,36.4607,41.3931,-69.4592,10
463458.505,4582499.652,37.2634,41.3932,-69.4371,10
465314.4791,4582501.629,39.4973,41.3933,-69.4149,10
467162.0869,4582504.12,41.942,41.3934,-69.3928,10
469018.0009,4582495.944,53.039,41.3934,-69.3706,10
470865.599,4582499.38,60.1793,41.3935,-69.3485,10
472721.5507,4582503.255,75.1519,41.3936,-69.3263,10
474569.0974,4582496.533,102.709,41.3936,-69.3042,10
476425.0397,4582501.357,115,41.3937,-69.282,3
457901.3234,4584350.57,35.0238,41.4096,-69.5037,21
459756.8417,4584351.12,34.6795,41.4097,-69.4815,21
461603.9957,4584352.19,36.7191,41.4098,-69.4594,10
463459.5011,4584353.689,37.9228,41.4099,-69.4372,10
465315.0002,4584355.663,39.6525,41.41,-69.415,10
467162.0847,4584347.05,44.9189,41.41,-69.3929,10
469017.5739,4584349.973,54.9457,41.4101,-69.3707,10
470864.699,4584353.406,62.6771,41.4102,-69.3486,10
472720.1339,4584346.177,78.89,41.4102,-69.3264,10
474575.6073,4584350.525,106.422,41.4103,-69.3042,3
476422.7167,4584355.375,106.664,41.4104,-69.2821,3
478278.1444,4584349.571,129.535,41.4104,-69.2599,3
457903.7505,4586204.621,35.0012,41.4263,-69.5038,21
459758.7935,4586205.168,38.2526,41.4264,-69.4816,10
461605.4744,4586206.235,38.3601,41.4265,-69.4595,10
463460.5046,4586207.731,40.8798,41.4266,-69.4373,10
465315.4752,4586198.601,40.9572,41.4266,-69.4151,10
467162.1398,4586201.087,47.4439,41.4267,-69.393,10
469017.1538,4586204.008,56.6367,41.4268,-69.3708,10
470863.8059,4586207.438,66.5872,41.4269,-69.3487,10
472718.7655,4586200.206,80.0737,41.4269,-69.3265,10
474573.7636,4586204.551,103.376,41.427,-69.3043,3
476420.3638,4586198.297,101.726,41.427,-69.2822,3
478275.3524,4586203.592,125.381,41.4271,-69.26,3
457906.1854,4588058.677,35.3492,41.443,-69.5039,21
459752.3994,4588059.268,38.1481,41.4431,-69.4818,10
461606.9607,4588060.286,39.3628,41.4432,-69.4596,10
463461.4594,4588050.678,43.5472,41.4432,-69.4374,10
465307.6571,4588052.687,43.175,41.4433,-69.4153,10
467162.202,4588055.129,50.0926,41.4434,-69.3931,10
469016.7407,4588058.047,59.5932,41.4435,-69.3709,10
470871.2283,4588050.339,70.2685,41.4435,-69.3487,10
472717.4037,4588054.24,79.0519,41.4436,-69.3266,3
474571.9265,4588058.583,93.2187,41.4437,-69.3044,3
476426.4068,4588052.299,97.5349,41.4437,-69.2822,3
478272.5666,4588057.618,110.212,41.4438,-69.2601,3
456054.5295,4589912.673,35.289,41.4596,-69.5262,21
457900.2767,4589912.788,37.3913,41.4597,-69.5041,21
459754.307,4589902.225,39.6253,41.4597,-69.4819,10
461608.3955,4589903.24,40.7289,41.4598,-69.4597,10
463462.4776,4589904.731,42.6131,41.4599,-69.4375,10
465308.2019,4589906.737,45.865,41.46,-69.4154,10
467162.2713,4589909.177,54.3311,41.4601,-69.3932,10
469016.3344,4589912.092,64.2618,41.4602,-69.371,10
470870.3465,4589904.382,75.8162,41.4602,-69.3488,3
472716.0485,4589908.28,81.6917,41.4603,-69.3267,3
474570.0957,4589912.62,89.5241,41.4604,-69.3045,3
476424.1006,4589906.334,97.6024,41.4604,-69.2823,3
478278.1383,4589911.625,115.284,41.4605,-69.2601,3
456049.039,4591755.693,36.4953,41.4762,-69.5264,21
457902.6648,4591755.753,39.3296,41.4763,-69.5042,10
459756.284,4591756.29,42.084,41.4764,-69.482,10
461609.8969,4591757.302,43.3473,41.4765,-69.4598,10
463463.5033,4591758.79,46.2412,41.4766,-69.4376,10
465308.754,4591760.793,52.0418,41.4767,-69.4155,10
467162.3477,4591763.23,59.4458,41.4768,-69.3933,10
469015.8875,4591755.041,71.3229,41.4768,-69.3711,10
470869.4715,4591758.429,79.1214,41.4769,-69.3489,3
472723.0492,4591762.293,84.1597,41.477,-69.3267,3
474568.2324,4591755.561,91.3226,41.477,-69.3046,3
476421.8006,4591760.374,101.481,41.4771,-69.2824,3
444941.2005,4593608.246,30.0807,41.4922,-69.6596,21
446794.4748,4593616.554,31.0199,41.4924,-69.6374,21
448647.6576,4593614.235,32.1064,41.4925,-69.6152,21
450492.4865,4593612.449,32.5498,41.4926,-69.5931,21
452345.6561,4593611.08,32.865,41.4927,-69.5709,21
454198.8191,4593610.186,34.7136,41.4928,-69.5487,21
456051.9755,4593609.768,37.4569,41.4929,-69.5265,21
457905.1254,4593609.826,40.7884,41.493,-69.5043,10
459758.2688,4593610.359,44.0198,41.4931,-69.4821,10
461611.4058,4593611.369,46.8447,41.4932,-69.4599,10
463456.1892,4593612.896,52.4942,41.4933,-69.4378,10
465309.3134,4593614.854,56.9611,41.4934,-69.4156,10
467162.3807,4593606.187,62.7052,41.4934,-69.3934,10
469015.4951,4593609.097,76.2689,41.4935,-69.3712,3
470868.6032,4593612.482,81.8056,41.4936,-69.349,3
472721.7051,4593616.344,86.4521,41.4937,-69.3268,3
474574.7616,4593609.579,92.6774,41.4937,-69.3046,3
476419.5069,4593614.419,107.024,41.4938,-69.2825,3
443085.9308,4595465.684,29.0388,41.5088,-69.682,10
444938.6539,4595462.409,31.1954,41.5089,-69.6598,10
446791.3703,4595459.609,31.2407,41.509,-69.6376,10
448644.159,4595468.387,34.415,41.5092,-69.6154,10
450496.8591,4595466.539,35.8226,41.5093,-69.5932,10
452349.5527,4595465.166,35.978,41.5094,-69.571,10
454202.2396,4595464.27,38.2063,41.5095,-69.5488,10
456054.92,4595463.849,41.2427,41.5096,-69.5266,10
457907.5939,4595463.904,45.9281,41.5097,-69.5044,10
459751.9163,4595464.481,47.5189,41.5098,-69.4823,10
461604.5773,4595465.485,52.2312,41.5099,-69.4601,10
463457.2318,4595466.965,57.754,41.51,-69.4379,10
465309.88,4595468.921,62.6028,41.5101,-69.4157,10
467162.4713,4595460.251,67.0612,41.5101,-69.3935,10
469015.1097,4595463.158,77.7206,41.5102,-69.3713,10
470867.7418,4595466.541,86.5117,41.5103,-69.3491,10
472720.3256,4595459.298,90.9481,41.5103,-69.3269,10
474572.9481,4595463.632,99.3015,41.5104,-69.3047,10
443083.8736,4597319.858,29.3287,41.5255,-69.6822,10
444936.1205,4597316.577,31.056,41.5256,-69.66,10
446788.3607,4597313.772,32.4291,41.5257,-69.6378,10
448640.5942,4597311.443,36.0527,41.5258,-69.6156,10
450492.8973,4597320.691,38.2795,41.526,-69.5934,10
452345.1147,4597319.314,41.1029,41.5261,-69.5712,10
454197.3255,4597318.412,43.6478,41.5262,-69.549,10
456049.5297,4597317.986,47.0565,41.5263,-69.5268,10
457901.7274,4597318.036,50.6934,41.5264,-69.5046,10
459753.9187,4597318.562,52.708,41.5265,-69.4824,10
461606.1035,4597319.563,56.5261,41.5266,-69.4602,10
463458.2818,4597321.04,60.2721,41.5267,-69.438,10
465310.4004,4597311.891,66.4093,41.5267,-69.4158,10
467162.5689,4597314.32,70.8419,41.5268,-69.3936,10
469014.7311,4597317.225,82.693,41.5269,-69.3714,10
470866.8871,4597320.605,90.2426,41.527,-69.3492,10
472718.9947,4597313.359,100.794,41.527,-69.327,10
441238.303,4599166.628,27.7658,41.542,-69.7045,10
443090.0831,4599162.869,30.0411,41.5421,-69.6823,10
444941.9413,4599170.687,33.7628,41.5423,-69.6601,10
446793.7052,4599167.879,33.2745,41.5424,-69.6379,10
448645.4623,4599165.546,37.9846,41.5425,-69.6157,10
450497.2128,4599163.69,41.2742,41.5426,-69.5935,10
452348.9567,4599162.309,43.801,41.5427,-69.5713,10
454200.7646,4599172.507,47.8001,41.5429,-69.5491,10
456052.4925,4599172.078,51.2609,41.543,-69.5269,10
457904.2139,4599172.125,53.8385,41.5431,-69.5047,10
459755.9288,4599172.647,55.6082,41.5432,-69.4825,10
461607.5781,4599162.544,60.5007,41.5432,-69.4603,10
463459.283,4599164.018,65.8409,41.5433,-69.4381,10
465310.9815,4599165.969,70.2113,41.5434,-69.4159,10
467162.6737,4599168.395,78.276,41.5435,-69.3937,10
469014.3596,4599171.297,88.1903,41.5436,-69.3715,10
470865.9943,4599163.572,97.1239,41.5436,-69.3493,10
441236.7469,4601020.818,28.4907,41.5587,-69.7047,10
443088.0506,4601017.053,31.2749,41.5588,-69.6825,10
444939.4324,4601024.866,35.5219,41.559,-69.6603,10
446790.7197,4601022.052,37.3491,41.5591,-69.6381,10
448642.0004,4601019.715,41.3399,41.5592,-69.6159,10
450493.2744,4601017.853,46.4254,41.5593,-69.5937,10
452344.5418,4601016.467,48.5452,41.5594,-69.5715,10
454195.8026,4601015.558,51.28,41.5595,-69.5493,10
456055.3956,4601015.073,52.92,41.5596,-69.527,10
457906.6433,4601015.117,55.1042,41.5597,-69.5048,10
459757.8846,4601015.637,59.9342,41.5598,-69.4826,10
461609.1194,4601016.632,65.7838,41.5599,-69.4604,10
463460.3478,4601018.104,69.1726,41.56,-69.4382,10
465311.5698,4601020.051,75.1182,41.5601,-69.416,10
467162.7855,4601022.475,85.2502,41.5602,-69.3938,10
469013.9471,4601014.272,97.1915,41.5602,-69.3716,10
439384.2773,4602868.157,29.5458,41.5752,-69.7271,10
441235.2045,4602875.013,31.248,41.5754,-69.7049,10
443086.0315,4602871.242,34.7096,41.5755,-69.6827,10
444936.8518,4602867.948,38.2786,41.5756,-69.6605,10
446787.7474,4602876.231,44.4668,41.5758,-69.6383,10
448646.888,4602873.829,48.822,41.5759,-69.616,10
450497.6854,4602871.964,52.7831,41.576,-69.5938,10
452348.4761,4602870.576,56.3555,41.5761,-69.5716,10
454199.2603,4602869.663,59.1717,41.5762,-69.5494,10
456050.0379,4602869.226,58.7794,41.5763,-69.5272,10
457900.809,4602869.265,61.7742,41.5764,-69.505,10
459751.5736,4602869.78,66.0174,41.5765,-69.4828,10
461610.6683,4602870.726,71.9349,41.5766,-69.4605,10
463461.42,4602872.195,74.9551,41.5767,-69.4383,10
465312.1654,4602874.14,81.8718,41.5768,-69.4161,10
467162.9045,4602876.56,93.9041,41.5769,-69.3939,10
439383.2252,4604722.362,31.9145,41.5919,-69.7273,10
441233.585,4604718.111,34.4396,41.592,-69.7051,10
443084.0259,4604725.437,39.0144,41.5922,-69.6829,10
444942.7039,4604722.074,44.3786,41.5923,-69.6606,10
446793.0406,4604719.252,50.5501,41.5924,-69.6384,10
448643.4499,4604728.008,55.2443,41.5926,-69.6162,10
450493.7704,4604726.138,58.8381,41.5927,-69.594,10
452344.0844,4604724.745,61.7934,41.5928,-69.5718,10
454202.7261,4604723.774,65.2041,41.5929,-69.5495,10
456053.0269,4604723.334,69.4624,41.593,-69.5273,10
457903.3212,4604723.37,71.6316,41.5931,-69.5051,10
459753.609,4604723.882,74.7536,41.5932,-69.4829,10
461603.8904,4604724.87,81.7572,41.5933,-69.4607,10
463462.4997,4604726.291,87.4094,41.5934,-69.4384,10
465312.7683,4604728.233,94.8192,41.5935,-69.4162,10
467162.9798,4604719.549,106.833,41.5935,-69.394,10
437532.2008,4606570.204,30.0278,41.6084,-69.7497,10
439382.1869,4606576.573,35.0196,41.6086,-69.7275,10
441232.0698,4606572.316,38.5287,41.6087,-69.7053,10
443090.3661,4606579.571,45.8603,41.6089,-69.683,10
444940.2326,4606576.269,52.8139,41.609,-69.6608,10
446790.0923,4606573.442,58.3191,41.6091,-69.6386,10
448639.9454,4606571.091,61.5038,41.6092,-69.6164,10
450498.2006,4606580.26,65.7642,41.6094,-69.5941,10
452348.0375,4606578.864,69.189,41.6095,-69.5719,10
454197.8679,4606577.943,73.241,41.6096,-69.5497,10
456047.6918,4606577.498,75.9067,41.6097,-69.5275,10
457905.8413,4606577.48,79.5242,41.6098,-69.5052,10
459755.6522,4606577.989,83.1845,41.6099,-69.483,10
461605.4566,4606578.974,90.449,41.61,-69.4608,10
463463.5867,4606580.393,96.2323,41.6101,-69.4385,10
465313.3248,4606571.23,108.89,41.6101,-69.4163,10
435682.2312,4608429.64,32.8834,41.625,-69.7721,10
437531.6534,4608424.426,32.0257,41.6251,-69.7499,10
439381.1625,4608430.79,39.2543,41.6253,-69.7277,10
441238.8984,4608426.459,44.9449,41.6254,-69.7054,10
443088.2973,4608422.675,53.5845,41.6255,-69.6832,10
444937.7746,4608430.469,60.4506,41.6257,-69.661,10
446795.4874,4608427.575,65.0362,41.6258,-69.6387,10
448644.8633,4608425.221,67.1256,41.6259,-69.6165,10
450494.2326,4608423.343,73.7232,41.626,-69.5943,10
452343.669,4608433.043,77.3688,41.6262,-69.5721,10
454201.3523,4608432.064,79.5153,41.6263,-69.5498,10
456050.6991,4608431.616,83.5249,41.6264,-69.5276,10
457900.0393,4608431.644,88.3364,41.6265,-69.5054,10
459757.703,4608432.102,91.7623,41.6266,-69.4831,10
461606.971,4608421.982,99.4406,41.6266,-69.4609,10
463456.2947,4608423.44,110.4,41.6267,-69.4387,10
433824.7927,4610278.543,31.1418,41.6415,-69.7946,10
435682.175,4610283.873,35.1318,41.6417,-69.7723,10
437531.1199,4610278.653,37.9745,41.6418,-69.7501,10
439380.1517,4610285.011,44.992,41.642,-69.7279,10
441237.4082,4610280.675,53.5998,41.6421,-69.7056,10
443086.3299,4610276.886,60.8426,41.6422,-69.6834,10
444943.658,4610284.611,65.4595,41.6424,-69.6611,10
446792.5633,4610281.775,71.8771,41.6425,-69.6389,10
448641.4619,4610279.416,76.0985,41.6426,-69.6167,10
450498.682,4610277.476,80.6941,41.6427,-69.5944,10
452347.5674,4610276.071,83.3741,41.6428,-69.5722,10
454196.4462,4610275.142,86.7921,41.6429,-69.55,10
456053.6464,4610274.638,91.0069,41.643,-69.5277,10
457902.5122,4610274.663,98.5036,41.6431,-69.5055,10
459759.6994,4610275.118,103.284,41.6432,-69.4832,10
461608.5523,4610276.097,111.745,41.6433,-69.461,10
433825.2302,4612132.786,34.1129,41.6582,-69.7948,10
435682.0334,4612127.008,37.7248,41.6583,-69.7725,10
437530.6004,4612132.885,43.1135,41.6585,-69.7503,10
439387.387,4612128.066,53.3243,41.6586,-69.728,10
441235.9317,4612134.897,60.6255,41.6588,-69.7058,10
443084.3759,4612131.102,68.6347,41.6589,-69.6836,10
444941.1393,4612127.72,73.3334,41.659,-69.6613,10
446789.6523,4612135.981,80.0828,41.6592,-69.6391,10
448646.3994,4612133.557,84.4489,41.6593,-69.6168,10
450494.814,4612131.671,88.9245,41.6594,-69.5946,10
452351.5478,4612130.206,92.4383,41.6595,-69.5723,10
454199.9492,4612129.274,97.8424,41.6596,-69.5501,10
456048.344,4612128.818,104.278,41.6597,-69.5279,10
457905.0581,4612128.79,110.761,41.6598,-69.5056,10
459753.44,4612129.288,113.089,41.6599,-69.4834,10
431977.5701,4613982.117,31.8694,41.6747,-69.8172,10
433825.6819,4613987.035,37.9981,41.6749,-69.795,10
435682.0054,4613981.251,44.2521,41.675,-69.7727,10
437530.0948,4613987.123,53.7998,41.6752,-69.7505,10
439386.4016,4613982.298,61.3974,41.6753,-69.7282,10
441234.3778,4613978.022,71.3275,41.6754,-69.706,10
443090.7591,4613985.258,80.3963,41.6756,-69.6837,10
444938.719,4613981.936,83.4946,41.6757,-69.6615,10
446794.9959,4613979.029,87.4935,41.6758,-69.6392,10
448643.0218,4613987.763,94,41.676,-69.617,10
450499.2825,4613985.815,106.071,41.6761,-69.5947,10
452347.2129,4613984.402,120.139,41.6762,-69.5725,10
430122.5453,4615832.022,31.1426,41.6912,-69.8397,10
431978.5138,4615836.377,36.9204,41.6914,-69.8174,10
433826.0454,4615830.186,43.7688,41.6915,-69.7952,10
435681.9914,4615835.5,53.5532,41.6917,-69.7729,10
437529.5063,4615830.264,61.1408,41.6918,-69.7507,10
439385.43,4615836.536,70.6474,41.692,-69.7284,10
441232.9285,4615832.254,80.1159,41.6921,-69.7062,10
443088.8299,4615839.485,86.3941,41.6923,-69.6839,10
444936.312,4615836.158,91.8749,41.6924,-69.6617,10
446792.109,4615833.245,104.5,41.6925,-69.6394,10
448639.5777,4615830.873,126.201,41.6926,-69.6172,10
430123.9835,4617686.292,33.5366,41.7079,-69.8399,10
431979.4719,4617690.641,40.7014,41.7081,-69.8176,10
433826.5256,4617684.445,51.9286,41.7082,-69.7954,10
435681.9916,4617689.753,60.7227,41.7084,-69.7731,10
437529.0286,4617684.512,70.8604,41.7085,-69.7509,10
439384.4722,4617690.779,81.6485,41.7087,-69.7286,10
441231.4928,4617686.492,88.3964,41.7088,-69.7064,10
443086.826,4617682.615,97.6808,41.7089,-69.6841,10
444942.2378,4617690.321,116.411,41.7091,-69.6618,10
428270.4152,4619536.705,27.0117,41.7244,-69.8624,10
430125.4362,4619540.568,36.8593,41.7246,-69.8401,10
431972.127,4619544.99,49.1545,41.7248,-69.8179,10
433827.02,4619538.71,60.9889,41.7249,-69.7956,10
435682.0058,4619544.013,69.4457,41.7251,-69.7733,10
437528.5647,4619538.766,81.2331,41.7252,-69.7511,10
439383.5282,4619545.027,89.8901,41.7254,-69.7288,10
441238.388,4619540.667,104.751,41.7255,-69.7065,10
428272.3628,4621390.991,29.9273,41.7411,-69.8626,10
430126.9035,4621394.849,42.6315,41.7413,-69.8403,10
431973.0106,4621388.163,58.256,41.7414,-69.8181,10
433827.5287,4621392.98,72.6108,41.7416,-69.7958,10
435681.9344,4621387.175,80.7446,41.7417,-69.7735,10
437528.1149,4621393.025,89.2209,41.7419,-69.7513,10
439382.5039,4621388.179,107.732,41.742,-69.729,10
428274.3252,4623245.283,33.5519,41.7578,-69.8628,21
430120.0722,4623249.216,51.8297,41.758,-69.8406,21
431974.014,4623242.444,68.9136,41.7581,-69.8183,21
433828.0517,4623247.255,78.3932,41.7583,-69.796,21
435681.9768,4623241.444,89.7102,41.7584,-69.7737,21
437527.6789,4623247.289,104.325,41.7586,-69.7515,21
