441239.1534,4462117.007,75.1565,40.3075,-69.6915,21
443091.8104,4462124.971,74.6058,40.3077,-69.6697,21
444935.8763,4462122.353,74.2319,40.3078,-69.648,21
446788.4331,4462120.127,73.921,40.3079,-69.6262,21
448640.9832,4462118.357,73.6895,40.308,-69.6044,21
450493.5265,4462117.043,75.1566,40.3081,-69.5826,21
452346.0632,4462116.185,73.994,40.3082,-69.5608,21
454198.5933,4462115.783,75.0954,40.3083,-69.539,21
509763.4068,4462115.945,94.7108,40.3095,-68.8851,21
511607.3231,4462118.563,94.6429,40.3095,-68.8634,21
513459.737,4462121.648,93.0739,40.3095,-68.8416,21
500501.3404,4462120.728,90.6383,40.3096,-68.9941,21
502353.7506,4462121.08,91.6982,40.3096,-68.9723,21
504206.1608,4462121.887,91.4105,40.3096,-68.9505,21
506058.5712,4462123.15,90.6196,40.3096,-68.9287,21
507910.9817,4462124.87,94.02,40.3096,-68.9069,21
437532.2911,4463967.351,75.691,40.3239,-69.7353,21
439384.5139,4463974.398,74.6087,40.3241,-69.7135,21
441236.6375,4463970.8,73.7294,40.3242,-69.6917,21
443088.7543,4463967.659,72.8023,40.3243,-69.6699,17
444940.9455,4463976.073,72.7905,40.3245,-69.6481,17
446793.0459,4463973.844,72.5799,40.3246,-69.6263,17
448645.1396,4463972.071,71.6365,40.3247,-69.6045,17
450497.2266,4463970.753,73.8704,40.3248,-69.5827,17
452349.3069,4463969.892,73.1301,40.3249,-69.5609,17
454201.3807,4463969.487,73.3501,40.325,-69.5391,21
456053.4479,4463969.538,73.6259,40.3251,-69.5173,21
457905.5086,4463970.045,73.6098,40.3252,-69.4955,21
459757.5628,4463971.008,75.8582,40.3253,-69.4737,21
461609.6106,4463972.427,76.2147,40.3254,-69.4519,21
463461.652,4463974.302,75.9568,40.3255,-69.4301,21
465313.6871,4463976.633,77.3304,40.3256,-69.4083,21
467165.6674,4463968.32,77.6326,40.3256,-69.3865,21
469017.6926,4463971.563,79.9347,40.3257,-69.3647,21
470869.7117,4463975.262,80.9171,40.3258,-69.3429,21
472721.6843,4463968.318,81.379,40.3258,-69.3211,21
474573.6938,4463972.929,80.9533,40.3259,-69.2993,21
476425.6625,4463966.896,84.1141,40.3259,-69.2775,21
478277.6626,4463972.419,83.7505,40.326,-69.2557,21
480129.6275,4463967.299,83.4711,40.326,-69.2339,21
481981.6184,4463973.734,85.3812,40.3261,-69.2121,21
483833.5796,4463969.525,86.7896,40.3261,-69.1903,21
485685.5615,4463976.872,88.4675,40.3262,-69.1685,21
487537.5193,4463973.576,87.9688,40.3262,-69.1467,21
489389.4767,4463970.735,88.573,40.3262,-69.1249,21
491241.4339,4463968.35,90.0014,40.3262,-69.1031,21
493093.3909,4463966.422,91.1663,40.3262,-69.0813,21
507909.0445,4463967.409,88.7843,40.3262,-68.9069,10
509761.0016,4463969.585,89.3981,40.3262,-68.8851,10
511612.9589,4463972.216,89.9664,40.3262,-68.8633,10
513464.9165,4463975.303,89.7516,40.3262,-68.8415,10
494945.3552,4463976.049,91.013,40.3263,-69.0595,21
496797.3091,4463975.032,89.4528,40.3263,-69.0377,21
498649.263,4463974.472,89.2594,40.3263,-69.0159,21
500501.2169,4463974.367,89.249,40.3263,-68.9941,21
502353.1707,4463974.719,89.4804,40.3263,-68.9723,10
504205.1247,4463975.526,89.9864,40.3263,-68.9505,10
506057.0787,4463976.789,89.3822,40.3263,-68.9287,10
435679.0178,4465825.676,74.5449,40.3405,-69.7573,21
437530.7016,4465821.161,74.313,40.3406,-69.7355,21
439382.4678,4465828.202,73.0038,40.3408,-69.7137,17
441234.135,4465824.599,72.0427,40.3409,-69.6919,17
443085.7953,4465821.452,71.9099,40.341,-69.6701,17
444937.4487,4465818.761,71.6432,40.3411,-69.6483,17
446789.174,4465827.626,71.2937,40.3413,-69.6265,17
448640.8112,4465825.847,70.511,40.3414,-69.6047,17
450492.4417,4465824.525,72.1745,40.3415,-69.5829,17
452344.0656,4465823.658,71.0111,40.3416,-69.5611,17
454195.6829,4465823.248,72.205,40.3417,-69.5393,17
456055.7869,4465823.244,72.1731,40.3418,-69.5174,17
457907.3911,4465823.748,72.1249,40.3419,-69.4956,16
459758.9889,4465824.708,73.3708,40.342,-69.4738,16
461610.5802,4465826.123,74.1932,40.3421,-69.452,16
463462.1651,4465827.996,74.5287,40.3422,-69.4302,16
465313.6925,4465819.224,76.4833,40.3422,-69.4084,16
467165.2675,4465822.008,77.239,40.3423,-69.3866,16
469016.8363,4465825.248,79.4198,40.3424,-69.3648,16
470868.3988,4465828.945,80.2012,40.3425,-69.343,16
472719.915,4465821.997,80.7342,40.3425,-69.3212,16
474571.468,4465826.606,80.633,40.3426,-69.2994,16
476422.9802,4465820.57,81.9121,40.3426,-69.2776,16
478274.5238,4465826.091,82.5791,40.3427,-69.2558,16
480126.0322,4465820.968,81.8049,40.3427,-69.234,16
481977.5666,4465827.4,83.9737,40.3428,-69.2122,16
483829.0714,4465823.189,85.3587,40.3428,-69.1904,16
485680.5757,4465819.434,86.4648,40.3428,-69.1686,16
487532.0981,4465827.235,88.0569,40.3429,-69.1468,16
489383.599,4465824.392,88.0648,40.3429,-69.125,16
491243.5928,4465821.995,88.7851,40.3429,-69.1031,16
493095.0933,4465820.066,88.1588,40.3429,-69.0813,16
494946.5936,4465818.594,87.9504,40.3429,-69.0595,16
506055.5946,4465819.334,86.335,40.3429,-68.9287,16
507907.095,4465821.054,88.3476,40.3429,-68.9069,16
509758.5956,4465823.229,87.8247,40.3429,-68.8851,16
511610.0964,4465825.861,87.0913,40.3429,-68.8633,16
513461.5975,4465828.949,88.5161,40.3429,-68.8415,16
496798.0986,4465828.677,86.6089,40.343,-69.0377,16
498649.596,4465828.116,86.4633,40.343,-69.0159,16
500501.0933,4465828.011,86.6061,40.343,-68.9941,16
502352.5907,4465828.363,87.4315,40.343,-68.9723,16
504204.0881,4465829.17,86.1946,40.343,-68.9505,16
435677.8986,4467679.497,73.8784,40.3572,-69.7575,21
437529.1257,4467674.976,73.196,40.3573,-69.7357,17
439380.3458,4467670.911,72.0571,40.3574,-69.7139,17
441231.6459,4467678.402,71.0707,40.3576,-69.6921,17
443091.3409,4467675.186,70.5709,40.3577,-69.6702,17
444942.5377,4467672.491,70.0726,40.3578,-69.6484,17
446793.7277,4467670.253,70.1201,40.3579,-69.6266,17
448644.9869,4467679.571,69.6852,40.3581,-69.6048,17
450496.1608,4467678.245,70.5606,40.3582,-69.583,17
452347.328,4467677.376,70.8586,40.3583,-69.5612,17
454198.4886,4467676.962,71.3662,40.3584,-69.5394,17
456049.6427,4467677.005,70.705,40.3585,-69.5176,17
457900.7903,4467677.503,71.5999,40.3586,-69.4958,16
459751.9314,4467678.458,72.9199,40.3587,-69.474,16
461611.5572,4467679.826,73.5143,40.3588,-69.4521,16
463462.6315,4467670.595,73.6674,40.3588,-69.4303,16
465313.7562,4467672.92,75.005,40.3589,-69.4085,16
467164.8746,4467675.701,75.6921,40.359,-69.3867,16
469015.9867,4467678.939,77.9598,40.3591,-69.3649,16
470867.0496,4467671.532,79.269,40.3591,-69.3431,16
472718.1522,4467675.682,79.674,40.3592,-69.3213,16
474569.2486,4467680.288,78.8846,40.3593,-69.2995,16
476420.304,4467674.25,80.4943,40.3593,-69.2777,16
478271.3911,4467679.768,81.8562,40.3594,-69.2559,16
480130.9338,4467674.619,81.6308,40.3594,-69.234,16
481982.0117,4467681.052,81.8752,40.3595,-69.2122,16
483833.0597,4467676.84,83.4779,40.3595,-69.1904,16
485684.1074,4467673.085,84.7361,40.3595,-69.1686,16
513466.7883,4467671.515,89.5769,40.3595,-68.8414,16
487535.1731,4467680.885,86.2564,40.3596,-69.1468,16
489386.2174,4467678.042,86.2602,40.3596,-69.125,16
491237.2615,4467675.655,86.2748,40.3596,-69.1032,16
493088.3053,4467673.724,87.98,40.3596,-69.0814,16
494939.349,4467672.249,86.3512,40.3596,-69.0596,16
496798.8835,4467671.226,84.8566,40.3596,-69.0377,16
498649.927,4467670.666,85.4955,40.3596,-69.0159,16
500500.9705,4467670.561,84.373,40.3596,-68.9941,16
502352.0139,4467670.913,84.7331,40.3596,-68.9723,16
504203.0574,4467671.72,84.714,40.3596,-68.9505,16
506054.1011,4467672.984,84.6149,40.3596,-68.9287,16
507905.1448,4467674.703,85.7271,40.3596,-68.9069,16
509756.1888,4467676.879,86.2846,40.3596,-68.8851,16
511615.724,4467679.524,86.1418,40.3596,-68.8632,16
433825.9181,4469527.206,74.6965,40.3737,-69.7795,21
435676.6982,4469522.223,73.0086,40.3738,-69.7577,21
437527.5635,4469528.796,72.5508,40.374,-69.7359,17
439386.8162,4469524.657,71.5696,40.3741,-69.714,17
441237.6594,4469532.145,70.3648,40.3743,-69.6922,17
443088.4063,4469528.989,69.8424,40.3744,-69.6704,17
444939.1463,4469526.289,68.732,40.3745,-69.6486,17
446789.8795,4469524.046,68.6789,40.3746,-69.6268,17
448640.606,4469522.259,67.9979,40.3747,-69.605,17
450491.399,4469532.027,68.8084,40.3749,-69.5832,17
452350.5986,4469531.098,69.2322,40.375,-69.5613,17
454201.3024,4469530.682,66.9551,40.3751,-69.5395,17
456051.9997,4469530.721,69.8384,40.3752,-69.5177,17
457902.6905,4469531.217,70.1348,40.3753,-69.4959,16
459753.3748,4469532.168,71.1037,40.3754,-69.4741,16
461603.9959,4469522.477,72.858,40.3754,-69.4523,16
463463.1592,4469524.299,73.1934,40.3755,-69.4304,16
465313.8271,4469526.622,74.242,40.3756,-69.4086,16
467164.4887,4469529.4,74.1198,40.3757,-69.3868,16
469015.144,4469532.635,77.9838,40.3758,-69.365,16
470865.7501,4469525.226,78.0443,40.3758,-69.3432,16
472716.3958,4469529.372,79.4774,40.3759,-69.3214,16
474575.4869,4469522.847,79.7465,40.3759,-69.2995,16
476426.1231,4469527.908,80.3337,40.376,-69.2777,16
478276.7212,4469522.326,81.4941,40.376,-69.2559,16
480127.3482,4469528.299,80.8117,40.3761,-69.2341,16
481977.9426,4469523.629,81.5218,40.3761,-69.2123,16
483828.5605,4469530.515,82.0966,40.3762,-69.1905,16
485687.6403,4469526.741,83.0654,40.3762,-69.1686,16
487538.2308,4469523.441,84.2982,40.3762,-69.1468,16
511612.8746,4469522.08,82.8872,40.3762,-68.8632,16
513463.4649,4469525.171,84.4559,40.3762,-68.8414,16
489388.8367,4469531.698,85.5631,40.3763,-69.125,16
491239.424,4469529.31,85.097,40.3763,-69.1032,16
493090.011,4469527.379,86.9126,40.3763,-69.0814,16
494940.5979,4469525.904,84.412,40.3763,-69.0596,16
496799.6735,4469524.881,84.0947,40.3763,-69.0377,16
498650.2602,4469524.321,82.9309,40.3763,-69.0159,16
500500.8468,4469524.216,82.7985,40.3763,-68.9941,16
502351.4335,4469524.567,84.2374,40.3763,-68.9723,16
504202.0202,4469525.375,83.2835,40.3763,-68.9505,16
506052.607,4469526.639,84.1452,40.3763,-68.9287,16
507911.6829,4469528.368,84.3785,40.3763,-68.9068,16
509762.27,4469530.546,83.1629,40.3763,-68.885,16
433825.2836,4471381.042,74.1205,40.3904,-69.7797,21
435675.6066,4471376.054,72.7957,40.3905,-69.7579,17
437534.5023,4471382.551,72.0334,40.3907,-69.736,17
439384.8087,4471378.477,71.1733,40.3908,-69.7142,17
441235.1081,4471374.86,70.2174,40.3909,-69.6924,17
443085.4849,4471382.798,69.1149,40.3911,-69.6706,17
444935.7679,4471380.093,68.2236,40.3912,-69.6488,17
446794.5313,4471377.784,67.9398,40.3913,-69.6269,17
448644.8009,4471375.993,66.442,40.3914,-69.6051,17
450495.0637,4471374.659,67.8721,40.3915,-69.5833,17
452345.3904,4471384.88,67.3833,40.3917,-69.5615,17
454195.6373,4471384.458,68.0373,40.3918,-69.5397,17
456054.3647,4471384.443,66.4973,40.3919,-69.5178,17
457904.5985,4471384.935,68.2306,40.392,-69.496,16
459754.7663,4471374.784,69.7006,40.392,-69.4742,16
461604.9899,4471376.189,71.6204,40.3921,-69.4524,16
463463.6942,4471378.009,71.7203,40.3922,-69.4305,16
465313.9051,4471380.328,73.8407,40.3923,-69.4087,16
467164.1098,4471383.104,73.2242,40.3924,-69.3869,16
469014.2623,4471375.236,76.1761,40.3924,-69.3651,16
470864.4573,4471378.924,77.5008,40.3925,-69.3433,16
472723.133,4471383.037,79.3224,40.3926,-69.3214,16
474573.278,4471376.54,78.4216,40.3926,-69.2996,16
476423.4573,4471381.598,80.5132,40.3927,-69.2778,16
478273.5984,4471376.013,80.0587,40.3927,-69.256,16
480123.7685,4471381.984,79.0889,40.3928,-69.2342,16
481982.3928,4471377.291,80.5204,40.3928,-69.2123,16
483832.5537,4471384.177,81.4969,40.3929,-69.1905,16
485682.6876,4471380.419,82.6417,40.3929,-69.1687,16
487532.8211,4471377.117,82.6361,40.3929,-69.1469,16
489391.4412,4471374.259,83.565,40.3929,-69.125,16
511610.007,4471375.741,81.2805,40.3929,-68.8632,16
513460.1404,4471378.832,84.194,40.3929,-68.8414,16
491241.5872,4471382.971,83.1276,40.393,-69.1032,16
493091.7173,4471381.039,86.8938,40.393,-69.0814,16
494941.8472,4471379.564,82.8613,40.393,-69.0596,16
496791.977,4471378.545,82.7129,40.393,-69.0378,16
498650.5935,4471377.981,81.493,40.393,-69.0159,16
500500.7232,4471377.876,81.0977,40.393,-68.9941,16
502350.8529,4471378.228,82.4848,40.393,-68.9723,16
504200.9826,4471379.035,81.9675,40.393,-68.9505,16
506059.5993,4471380.306,82.0907,40.393,-68.9286,16
507909.7293,4471382.028,81.6018,40.393,-68.9068,16
509759.8594,4471384.207,81.2284,40.393,-68.885,16
433824.6631,4473234.885,74.3972,40.4071,-69.7799,21
435683.0141,4473229.818,73.1621,40.4072,-69.758,17
437532.9655,4473236.382,72.4387,40.4074,-69.7362,17
439382.8147,4473232.303,71.4299,40.4075,-69.7144,17
441232.657,4473228.679,70.425,40.4076,-69.6926,17
443091.0618,4473236.548,69.4918,40.4078,-69.6707,17
444940.8877,4473233.839,68.0117,40.4079,-69.6489,17
446790.7069,4473231.587,67.0557,40.408,-69.6271,17
448640.5193,4473229.791,66.5194,40.4081,-69.6053,17
450498.81,4473228.395,66.1807,40.4082,-69.5834,17
452348.6091,4473227.514,65.1946,40.4083,-69.5616,17
454198.4016,4473227.089,65.1251,40.4084,-69.5398,17
456048.1876,4473227.12,65.8603,40.4085,-69.518,17
457906.452,4473227.56,66.9691,40.4086,-69.4961,16
459756.2249,4473228.505,67.0131,40.4087,-69.4743,16
461605.9915,4473229.907,69.8467,40.4088,-69.4525,16
463455.7516,4473231.765,69.5092,40.4089,-69.4307,16
465313.9903,4473234.041,72.5331,40.409,-69.4088,16
467163.7379,4473236.813,73.0434,40.4091,-69.387,16
469013.4333,4473228.942,75.3664,40.4091,-69.3652,16
470871.6559,4473232.595,76.9486,40.4092,-69.3433,16
472721.3876,4473236.738,78.1599,40.4093,-69.3215,16
474571.0755,4473230.238,77.443,40.4093,-69.2997,16
476420.7977,4473235.294,73.6634,40.4094,-69.2779,16
478278.9665,4473229.682,80.1254,40.4094,-69.256,16
480128.6794,4473235.652,78.8919,40.4095,-69.2342,16
481978.3597,4473230.979,78.7946,40.4095,-69.2124,16
483828.0396,4473226.762,80.7616,40.4095,-69.1906,16
485686.2251,4473234.085,81.0114,40.4096,-69.1687,16
487535.9015,4473230.783,82.1479,40.4096,-69.1469,16
489385.5776,4473227.937,82.7492,40.4096,-69.1251,16
509757.4624,4473226.773,79.3528,40.4096,-68.885,16
511615.6232,4473229.421,79.378,40.4096,-68.8631,16
491235.2665,4473236.647,81.8183,40.4097,-69.1033,16
493093.4241,4473234.705,82.9399,40.4097,-69.0814,16
494943.0969,4473233.23,81.0307,40.4097,-69.0596,16
496792.7696,4473232.211,80.6753,40.4097,-69.0378,16
498650.9269,4473231.646,79.8326,40.4097,-69.0159,16
500500.5995,4473231.542,79.0169,40.4097,-68.9941,16
502350.272,4473231.893,80.6519,40.4097,-68.9723,16
504199.9446,4473232.701,79.8964,40.4097,-68.9505,16
506058.1021,4473233.972,79.0198,40.4097,-68.9286,16
507907.775,4473235.694,80.6523,40.4097,-68.9068,16
431974.5402,4475083.089,75.1195,40.4236,-69.8019,21
433824.0566,4475088.732,74.1844,40.4238,-69.7801,21
435681.9483,4475083.66,73.1702,40.4239,-69.7582,17
437531.3499,4475079.118,72.5479,40.424,-69.7364,17
439380.8343,4475086.133,71.9583,40.4242,-69.7146,17
441238.7024,4475082.438,70.6413,40.4243,-69.6927,17
443088.0806,4475079.268,69.6845,40.4244,-69.6709,17
444937.5335,4475087.654,68.2689,40.4246,-69.6491,17
446795.3783,4475085.336,67.6837,40.4247,-69.6272,17
448644.7334,4475083.536,66.4402,40.4248,-69.6054,17
450494.0819,4475082.193,66.2478,40.4249,-69.5836,17
452343.4237,4475081.307,64.4665,40.425,-69.5618,17
454201.2418,4475080.825,64.5806,40.4251,-69.5399,17
456050.5705,4475080.853,65.7047,40.4252,-69.5181,17
457899.8927,4475081.337,63.9837,40.4253,-69.4963,16
459757.6912,4475082.232,66.3797,40.4254,-69.4744,16
461607.0005,4475083.631,67.2422,40.4255,-69.4526,16
463456.3034,4475085.486,68.4298,40.4256,-69.4308,16
465314.0827,4475087.758,70.8562,40.4257,-69.4089,16
467163.3243,4475079.428,71.284,40.4257,-69.3871,16
469012.6111,4475082.654,73.9118,40.4258,-69.3653,16
470870.3744,4475086.304,75.3076,40.4259,-69.3434,16
472719.6084,4475079.345,75.8542,40.4259,-69.3216,16
474568.8794,4475083.942,75.2612,40.426,-69.2998,16
476426.627,4475088.968,76.8796,40.4261,-69.2779,16
478275.8537,4475083.38,78.7815,40.4261,-69.2561,16
480125.0799,4475078.248,77.161,40.4261,-69.2343,16
481982.8151,4475084.652,78.4557,40.4262,-69.2124,16
483832.0377,4475080.435,80.2796,40.4262,-69.1906,16
485681.2811,4475087.774,80.8265,40.4263,-69.1688,16
487538.9829,4475084.455,80.6876,40.4263,-69.1469,16
489388.2017,4475081.609,82.643,40.4263,-69.1251,16
491237.4203,4475079.218,80.6966,40.4263,-69.1033,16
507905.8317,4475078.266,77.6735,40.4263,-68.9068,16
509763.5328,4475080.455,77.0607,40.4263,-68.8849,16
511612.7516,4475083.093,78.1204,40.4263,-68.8631,16
493095.1316,4475088.377,81.1236,40.4264,-69.0814,16
494944.3471,4475086.901,79.1743,40.4264,-69.0596,16
496793.5625,4475085.882,79.4919,40.4264,-69.0378,16
498651.2604,4475085.317,77.2763,40.4264,-69.0159,16
500500.4757,4475085.213,78.3936,40.4264,-68.9941,16
502349.691,4475085.564,78.5389,40.4264,-68.9723,16
504207.389,4475086.377,78.1207,40.4264,-68.9504,16
506056.6044,4475087.643,77.7903,40.4264,-68.9286,16
415307.2371,4476940.329,75.0409,40.4388,-69.9986,21
417156.2797,4476930.753,74.9353,40.4389,-69.9768,21
419013.9161,4476932.642,75.2421,40.4391,-69.9549,21
420863.0583,4476935.081,75.1367,40.4393,-69.9331,21
430125.3336,4476931.765,74.8584,40.4401,-69.8239,21
431974.4051,4476936.947,74.1905,40.4403,-69.8021,21
433823.3661,4476931.485,73.6251,40.4404,-69.7803,17
435680.8963,4476937.507,72.6425,40.4406,-69.7584,17
437529.8404,4476932.96,72.7255,40.4407,-69.7366,17
439387.3484,4476939.901,71.6454,40.4409,-69.7147,17
441236.276,4476936.269,70.404,40.441,-69.6929,17
443085.1968,4476933.093,69.6855,40.4411,-69.6711,17
444942.5916,4476930.311,68.5762,40.4412,-69.6492,17
446791.5776,4476939.15,67.7683,40.4414,-69.6274,17
448640.4753,4476937.345,66.2755,40.4415,-69.6056,17
450497.8472,4476935.941,65.8792,40.4416,-69.5837,17
452346.7315,4476935.051,64.3515,40.4417,-69.5619,17
454195.6093,4476934.617,64.0199,40.4418,-69.5401,17
456052.9613,4476934.59,65.8899,40.4419,-69.5182,17
457901.8261,4476935.072,64.212,40.442,-69.4964,16
459759.1651,4476935.964,62.7543,40.4421,-69.4745,16
461608.0169,4476937.36,65.809,40.4422,-69.4527,16
463456.8624,4476939.212,65.5302,40.4423,-69.4309,16
465314.1308,4476930.381,68.4883,40.4423,-69.409,16
467162.9664,4476933.148,67.3042,40.4424,-69.3872,16
469011.7957,4476936.372,73.4619,40.4425,-69.3654,16
470869.0995,4476940.018,73.621,40.4426,-69.3435,16
472717.876,4476933.056,75.1561,40.4426,-69.3217,16
474575.1702,4476937.622,75.1168,40.4427,-69.2998,16
476423.9428,4476931.575,76.5552,40.4427,-69.278,16
478272.747,4476937.084,76.4333,40.4428,-69.2562,16
480129.9964,4476931.927,75.4115,40.4428,-69.2343,16
481978.7914,4476938.351,76.8093,40.4429,-69.2125,16
483827.5565,4476934.131,78.4766,40.4429,-69.1907,16
485684.8019,4476930.351,80.1173,40.4429,-69.1688,16
487533.5848,4476938.146,80.6631,40.443,-69.147,16
489390.8267,4476935.286,80.5812,40.443,-69.1251,16
491239.5879,4476932.895,79.4646,40.443,-69.1033,16
493088.3489,4476930.961,79.9729,40.443,-69.0815,16
506055.1151,4476930.22,76.1088,40.443,-68.9286,16
507903.876,4476931.942,76.0262,40.443,-68.9068,16
509761.1176,4476934.132,75.8889,40.443,-68.8849,16
511609.8789,4476936.77,75.8813,40.443,-68.8631,16
494945.5977,4476940.578,78.5535,40.4431,-69.0596,16
496794.3557,4476939.558,78.7437,40.4431,-69.0378,16
498651.5941,4476938.994,76.1798,40.4431,-69.0159,16
500500.3519,4476938.889,75.5229,40.4431,-68.9941,16
502349.1097,4476939.241,76.999,40.4431,-68.9723,16
504206.3482,4476940.053,76.1463,40.4431,-68.9504,16
417159.8257,4478784.664,72.8553,40.4556,-69.977,17
419008.5233,4478786.639,72.7761,40.4558,-69.9552,17
420865.6871,4478788.981,73.2324,40.456,-69.9333,21
422714.3591,4478791.87,73.3533,40.4562,-69.9115,21
424571.3854,4478784.031,73.5277,40.4563,-69.8896,21
426420.0346,4478787.836,73.9254,40.4565,-69.8678,21
428268.6711,4478792.097,74.039,40.4567,-69.846,21
430125.6703,4478785.635,73.9899,40.4568,-69.8241,21
431974.2843,4478790.811,73.4369,40.457,-69.8023,17
433831.2665,4478785.269,72.9464,40.4571,-69.7804,17
435679.8582,4478791.36,72.2555,40.4573,-69.7586,17
437528.3447,4478786.807,71.965,40.4574,-69.7368,17
439385.3032,4478782.642,71.1706,40.4575,-69.7149,17
441233.8631,4478790.104,70.7901,40.4577,-69.6931,17
443090.805,4478786.859,70.0209,40.4578,-69.6712,17
444939.2614,4478784.136,68.9175,40.4579,-69.6494,17
446787.7899,4478792.969,67.7423,40.4581,-69.6276,17
448644.7087,4478791.101,66.2274,40.4582,-69.6057,17
450493.1421,4478789.75,66.1926,40.4583,-69.5839,17
452350.0476,4478788.8,64.6412,40.4584,-69.562,17
454198.4678,4478788.364,64.4776,40.4585,-69.5402,17
456055.3602,4478788.334,65.7651,40.4586,-69.5183,17
457903.7673,4478788.812,63.3926,40.4587,-69.4965,16
459752.168,4478789.746,65.4667,40.4588,-69.4747,16
461609.0409,4478791.094,62.701,40.4589,-69.4528,16
463457.4287,4478792.943,66.0474,40.459,-69.431,16
465314.2374,4478784.11,66.381,40.459,-69.4091,16
467162.6154,4478786.874,68.1803,40.4591,-69.3873,16
469019.4657,4478790.059,71.2792,40.4592,-69.3654,16
470867.7881,4478782.638,71.6573,40.4592,-69.3436,16
472716.1502,4478786.774,72.4024,40.4593,-69.3218,16
474572.9847,4478791.336,73.0037,40.4594,-69.2999,16
476421.2997,4478785.287,73.6021,40.4594,-69.2781,16
478278.1248,4478790.769,75.2915,40.4595,-69.2562,16
480126.436,4478785.634,73.9393,40.4595,-69.2344,16
481983.2519,4478792.035,76.5122,40.4596,-69.2125,16
483831.5594,4478787.814,75.3449,40.4596,-69.1907,16
485679.8666,4478784.051,78.628,40.4596,-69.1689,16
487536.6704,4478791.829,80.1336,40.4597,-69.147,16
489384.9742,4478788.98,79.7162,40.4597,-69.1252,16
491241.7562,4478786.577,79.4898,40.4597,-69.1033,16
493090.0596,4478784.643,78.6239,40.4597,-69.0815,16
494946.8413,4478783.159,76.7989,40.4597,-69.0596,16
496795.1443,4478782.14,76.5202,40.4597,-69.0378,16
504205.3133,4478782.635,75.1046,40.4597,-68.9504,16
506053.6164,4478783.902,74.1614,40.4597,-68.9286,16
507910.3982,4478785.633,73.7986,40.4597,-68.9067,16
509758.7016,4478787.815,73.6881,40.4597,-68.8849,16
511615.4838,4478790.465,73.621,40.4597,-68.863,16
498643.4494,4478792.677,74.9395,40.4598,-69.016,16
500500.228,4478792.571,74.6375,40.4598,-68.9941,16
502348.5283,4478792.922,75.2626,40.4598,-68.9723,16
417163.3872,4480638.581,71.0285,40.4723,-69.9772,17
419011.627,4480640.55,71.4228,40.4725,-69.9554,17
420859.8541,4480642.975,71.5162,40.4727,-69.9336,17
422716.4306,4480634.669,71.7163,40.4728,-69.9117,17
424564.6348,4480638.009,72.1476,40.473,-69.8899,17
426421.3032,4480641.722,72.2949,40.4732,-69.868,17
428269.3756,4480634.878,72.8318,40.4733,-69.8462,17
430126.0213,4480639.51,72.5518,40.4735,-69.8243,17
431974.1776,4480644.681,72.459,40.4737,-69.8025,17
433830.7,4480639.132,72.2318,40.4738,-69.7806,17
435678.7385,4480634.118,71.0215,40.4739,-69.7588,17
437535.3395,4480640.589,70.8692,40.4741,-69.7369,17
439383.3614,4480636.489,70.4487,40.4742,-69.7151,17
441231.4636,4480643.946,70.3969,40.4744,-69.6933,17
443087.9457,4480640.694,70.0982,40.4745,-69.6714,17
444935.9443,4480637.966,68.965,40.4746,-69.6496,17
446792.4127,4480635.634,68.2623,40.4747,-69.6277,17
448640.4741,4480644.921,66.1333,40.4749,-69.6059,17
450496.9264,4480643.508,66.3514,40.475,-69.584,17
452344.8954,4480642.609,65.12,40.4751,-69.5622,17
454201.3344,4480642.115,63.9452,40.4752,-69.5403,17
456049.2904,4480642.132,66.0054,40.4753,-69.5185,17
457905.7163,4480642.557,63.4167,40.4754,-69.4966,16
459753.6592,4480643.489,64.4726,40.4755,-69.4748,16
461610.0723,4480644.833,63.7988,40.4756,-69.4529,16
463457.9482,4480635.58,65.3146,40.4756,-69.4311,16
465314.3512,4480637.843,67.2709,40.4757,-69.4092,16
467162.2715,4480640.605,66.1313,40.4758,-69.3874,16
469018.6619,4480643.787,68.2772,40.4759,-69.3655,16
470866.5265,4480636.363,68.109,40.4759,-69.3437,16
472722.9073,4480640.465,69.0138,40.476,-69.3218,16
474570.8056,4480645.056,70.5185,40.4761,-69.3,16
476427.1392,4480638.977,71.6712,40.4761,-69.2781,16
478275.0281,4480644.483,73.7254,40.4762,-69.2563,16
480131.3579,4480639.323,72.9228,40.4762,-69.2344,16
481979.2108,4480634.644,73.588,40.4762,-69.2126,16
483835.5637,4480641.503,74.7476,40.4763,-69.1907,16
485683.4132,4480637.739,76.3527,40.4763,-69.1689,16
487539.7386,4480634.417,78.8313,40.4763,-69.147,16
489387.6032,4480642.668,78.9666,40.4764,-69.1252,16
491235.449,4480640.275,78.3108,40.4764,-69.1034,16
493091.7709,4480638.33,78.3087,40.4764,-69.0815,16
494939.6164,4480636.852,77.2121,40.4764,-69.0597,16
496795.9381,4480635.827,75.5726,40.4764,-69.0378,16
498643.7833,4480635.264,73.8277,40.4764,-69.016,16
500500.1049,4480635.158,73.005,40.4764,-68.9941,16
502347.9501,4480635.509,73.5046,40.4764,-68.9723,16
504204.2718,4480636.322,74.0137,40.4764,-68.9504,16
506052.1172,4480637.589,71.6474,40.4764,-68.9286,16
507908.4391,4480639.321,72.7256,40.4764,-68.9067,16
509756.2848,4480641.502,73.1265,40.4764,-68.8849,16
511612.6071,4480644.153,71.4089,40.4764,-68.863,16
417158.4892,4482492.596,69.4903,40.489,-69.9775,17
419014.7461,4482494.465,69.5989,40.4892,-69.9556,17
420862.5153,4482496.884,69.7618,40.4894,-69.9338,17
422718.6318,4482488.572,70.4048,40.4895,-69.9119,17
424566.3781,4482491.907,70.7627,40.4897,-69.8901,17
426422.5865,4482495.614,69.115,40.4899,-69.8682,17
428270.2009,4482488.764,71.6459,40.49,-69.8464,17
430126.3867,4482493.391,71.9707,40.4902,-69.8245,17
431973.9842,4482487.455,71.1702,40.4903,-69.8027,17
433830.1475,4482493.001,70.8246,40.4905,-69.7808,17
435677.7281,4482487.981,70.3075,40.4906,-69.759,17
437533.8692,4482494.446,70.2908,40.4908,-69.7371,17
439381.4331,4482490.341,70.2264,40.4909,-69.7153,17
441237.4648,4482486.625,69.6382,40.491,-69.6934,17
443085.0995,4482494.535,69.0585,40.4912,-69.6716,17
444941.1148,4482491.739,68.6023,40.4913,-69.6497,17
446788.6487,4482489.464,68.2081,40.4914,-69.6279,17
448644.6505,4482487.587,66.4266,40.4915,-69.606,17
450492.171,4482486.227,66.2655,40.4916,-69.5842,17
452348.2301,4482496.369,64.438,40.4918,-69.5623,17
454195.7347,4482495.924,63.738,40.4919,-69.5405,17
456051.7072,4482495.886,64.2215,40.492,-69.5186,17
457907.6731,4482496.308,61.9446,40.4921,-69.4967,16
459755.0984,4482486.137,62.5758,40.4921,-69.4749,16
461611.0542,4482487.478,63.2233,40.4922,-69.453,16
463458.5291,4482489.322,62.4002,40.4923,-69.4312,16
465314.4722,4482491.582,63.115,40.4924,-69.4093,16
467161.9345,4482494.341,61.8439,40.4925,-69.3875,16
469017.819,4482486.42,64.0676,40.4925,-69.3656,16
470865.2717,4482490.094,65.5515,40.4926,-69.3438,16
472721.1925,4482494.193,66.4884,40.4927,-69.3219,16
474568.5951,4482487.681,68.095,40.4927,-69.3001,16
476424.5064,4482492.7,71.2298,40.4928,-69.2782,16
478271.9052,4482487.103,73.0857,40.4928,-69.2564,16
480127.8072,4482493.04,72.3629,40.4929,-69.2345,16
481983.6765,4482488.338,73.4548,40.4929,-69.2126,16
483831.0951,4482495.215,74.6094,40.493,-69.1908,16
485686.9609,4482491.433,75.0032,40.493,-69.1689,16
487534.3521,4482488.124,76.4181,40.493,-69.1471,16
511609.7466,4482486.747,69.8852,40.493,-68.863,16
489390.233,4482496.361,77.1781,40.4931,-69.1252,16
491237.6209,4482493.968,76.6018,40.4931,-69.1034,16
493093.4828,4482492.023,77.8429,40.4931,-69.0815,16
494940.8704,4482490.545,76.1935,40.4931,-69.0597,16
496796.7321,4482489.52,75.46,40.4931,-69.0378,16
498644.1194,4482488.956,73.6867,40.4931,-69.016,16
500499.981,4482488.85,72.3049,40.4931,-68.9941,16
502347.3683,4482489.202,72.8142,40.4931,-68.9723,16
504203.2299,4482490.015,71.727,40.4931,-68.9504,16
506059.0917,4482491.288,71.4885,40.4931,-68.9285,16
507906.4793,4482493.014,71.8942,40.4931,-68.9067,16
509762.3413,4482495.206,71.5285,40.4931,-68.8848,16
417162.0837,4484346.524,67.5187,40.5057,-69.9777,17
419009.4077,4484348.478,67.922,40.5059,-69.9559,17
420865.0741,4484339.699,68.4001,40.506,-69.934,17
422712.3752,4484342.569,68.833,40.5062,-69.9122,17
424568.1362,4484345.81,69.1028,40.5064,-69.8903,17
426415.3025,4484338.495,69.1583,40.5065,-69.8685,17
428271.0408,4484342.655,69.918,40.5067,-69.8466,17
430126.7665,4484347.276,70.053,40.5069,-69.8247,17
431973.9059,4484341.335,70.1289,40.507,-69.8029,17
433829.6091,4484346.875,69.2786,40.5072,-69.781,17
435676.7316,4484341.849,68.7857,40.5073,-69.7592,17
437532.4126,4484348.309,68.9236,40.5075,-69.7373,17
439379.5184,4484344.198,68.8573,40.5076,-69.7155,17
441235.09,4484340.477,68.732,40.5077,-69.6936,17
443090.7392,4484348.317,68.5122,40.5079,-69.6717,17
444937.8218,4484345.58,68.3879,40.508,-69.6499,17
446793.3701,4484343.239,67.2014,40.5081,-69.628,17
448640.4392,4484341.417,66.4042,40.5082,-69.6062,17
450495.9741,4484339.996,66.9211,40.5083,-69.5843,17
452351.5023,4484339.035,65.028,40.5084,-69.5624,17
454198.5516,4484338.587,63.7837,40.5085,-69.5406,17
456054.0666,4484338.545,63.2916,40.5086,-69.5187,17
457901.1028,4484339.012,61.2861,40.5087,-69.4969,16
459756.6049,4484339.89,61.252,40.5088,-69.475,16
461603.6282,4484341.272,60.4356,40.5089,-69.4532,16
463459.1174,4484343.069,60.952,40.509,-69.4313,16
465314.6003,4484345.327,59.4553,40.5091,-69.4094,16
467161.6046,4484348.082,59.7713,40.5092,-69.3876,16
469017.0289,4484340.159,61.0289,40.5092,-69.3657,16
470864.0235,4484343.83,61.5167,40.5093,-69.3439,16
472719.4841,4484347.926,63.8444,40.5094,-69.322,16
474574.9009,4484341.383,66.2586,40.5094,-69.3001,16
476421.8799,4484346.428,69.0853,40.5095,-69.2783,16
478277.2927,4484340.804,70.926,40.5095,-69.2564,16
480124.2624,4484346.763,71.5185,40.5096,-69.2346,16
481979.6716,4484342.059,72.697,40.5096,-69.2127,16
483835.1043,4484348.915,73.7149,40.5097,-69.1908,16
485682.0377,4484345.148,75.2173,40.5097,-69.169,16
487537.443,4484341.823,76.0205,40.5097,-69.1471,16
489384.3758,4484338.971,76.8763,40.5097,-69.1253,16
511615.3401,4484340.458,68.3108,40.5097,-68.8629,16
491239.7936,4484347.666,75.3514,40.5098,-69.1034,16
493095.1953,4484345.721,76.0164,40.5098,-69.0815,16
494942.1248,4484344.243,74.316,40.5098,-69.0597,16
496797.5263,4484343.217,75.0255,40.5098,-69.0378,16
498644.4556,4484342.654,73.9414,40.5098,-69.016,16
500499.857,4484342.548,71.2613,40.5098,-68.9941,16
502355.2584,4484342.902,72.3804,40.5098,-68.9722,16
504202.1877,4484343.713,71.9007,40.5098,-68.9504,16
506057.5893,4484344.986,70.3958,40.5098,-68.9285,16
507904.5188,4484346.712,71.3687,40.5098,-68.9067,16
509759.9207,4484348.905,71.6544,40.5098,-68.8848,16
417157.223,4486200.55,65.2036,40.5224,-69.978,17
419012.4391,4486191.304,66.0667,40.5225,-69.9561,17
420859.2948,4486193.709,66.945,40.5227,-69.9343,17
422714.6084,4486196.484,67.3629,40.5229,-69.9124,17
424569.9092,4486199.719,67.5966,40.5231,-69.8905,17
426416.6172,4486192.398,67.4432,40.5232,-69.8687,17
428271.8953,4486196.552,67.9293,40.5234,-69.8468,17
430127.0568,4486190.067,68.5852,40.5235,-69.8249,17
431973.8418,4486195.22,68.5693,40.5237,-69.8031,17
433829.0847,4486200.755,67.939,40.5239,-69.7812,17
435675.749,4486195.723,67.2849,40.524,-69.7594,17
437530.8768,4486191.077,67.3105,40.5241,-69.7375,17
439386.0878,4486197.992,67.3341,40.5243,-69.7156,17
441232.7286,4486194.335,67.3652,40.5244,-69.6938,17
443087.8329,4486191.069,67.4497,40.5245,-69.6719,17
444943.0122,4486199.364,66.6186,40.5247,-69.65,17
446789.6299,4486197.08,66.5073,40.5248,-69.6282,17
448644.7111,4486195.195,64.3742,40.5249,-69.6063,17
450491.3154,4486193.826,64.5538,40.525,-69.5845,17
452346.3833,4486192.86,64.8238,40.5251,-69.5626,17
454201.4446,4486192.354,63.4025,40.5252,-69.5407,17
456048.0291,4486192.36,63.8204,40.5253,-69.5189,17
457903.0773,4486192.774,60.7666,40.5254,-69.497,16
459758.119,4486193.648,59.5008,40.5255,-69.4751,16
461604.6841,4486195.027,58.3518,40.5256,-69.4533,16
463459.713,4486196.821,58.9536,40.5257,-69.4314,16
465314.7356,4486199.076,60.448,40.5258,-69.4095,16
467161.2329,4486190.729,57.2068,40.5258,-69.3877,16
469016.2456,4486193.903,60.6015,40.5259,-69.3658,16
470871.2521,4486197.538,59.4481,40.526,-69.3439,16
472717.7418,4486190.565,60.1724,40.526,-69.3221,16
474572.7387,4486195.119,61.8054,40.5261,-69.3002,16
476419.2595,4486200.161,65.088,40.5262,-69.2784,16
478274.212,4486194.534,69.6025,40.5262,-69.2565,16
480129.1936,4486200.469,68.6389,40.5263,-69.2346,16
481975.6723,4486195.784,69.6523,40.5263,-69.2128,16
483830.6207,4486191.538,72.2779,40.5263,-69.1909,16
485685.59,4486198.852,72.9329,40.5264,-69.169,16
487532.0649,4486195.541,75.8982,40.5264,-69.1472,16
489387.0096,4486192.675,75.5518,40.5264,-69.1253,16
491241.954,4486190.269,75.3041,40.5264,-69.1034,16
509757.5138,4486191.508,70.0363,40.5264,-68.8848,16
511612.4583,4486194.162,67.6454,40.5264,-68.8629,16
493088.4384,4486199.432,75.8055,40.5265,-69.0816,16
494943.3797,4486197.946,74.1847,40.5265,-69.0597,16
496798.3209,4486196.921,74.2743,40.5265,-69.0378,16
498644.7919,4486196.357,72.0817,40.5265,-69.016,16
500499.733,4486196.251,70.5389,40.5265,-68.9941,16
502354.6741,4486196.605,72.1857,40.5265,-68.9722,16
504201.1452,4486197.416,71.9769,40.5265,-68.9504,16
506056.0864,4486198.69,70.4759,40.5265,-68.9285,16
507911.0278,4486200.424,69.6915,40.5265,-68.9066,16
417160.7274,4488043.387,63.6031,40.539,-69.9782,17
419015.6062,4488045.236,64.271,40.5392,-69.9563,17
420862.0036,4488047.635,64.8955,40.5394,-69.9345,17
422716.8567,4488050.403,65.2024,40.5396,-69.9126,17
424571.5848,4488042.532,65.8114,40.5397,-69.8907,17
426417.9466,4488046.306,66.1211,40.5399,-69.8689,17
428272.7642,4488050.454,66.194,40.5401,-69.847,17
430127.4653,4488043.963,67.0611,40.5402,-69.8251,17
431973.7919,4488049.111,67.2797,40.5404,-69.8033,17
433828.476,4488043.54,66.7228,40.5405,-69.7814,17
435683.2487,4488049.53,65.7917,40.5407,-69.7595,17
437529.4476,4488044.951,65.4509,40.5408,-69.7377,17
439384.1982,4488051.86,65.429,40.541,-69.7158,17
441238.8489,4488048.13,65.5299,40.5411,-69.6939,17
443085.0244,4488044.926,65.9872,40.5412,-69.6721,17
444939.6615,4488042.115,65.929,40.5413,-69.6502,17
446794.3708,4488050.866,65.6544,40.5415,-69.6283,17
448640.5234,4488049.035,64.4705,40.5416,-69.6065,17
450495.1374,4488047.605,64.3638,40.5417,-69.5846,17
452349.7449,4488046.636,63.4295,40.5418,-69.5627,17
454195.8775,4488046.179,61.7992,40.5419,-69.5409,17
456050.4718,4488046.13,61.4525,40.542,-69.519,17
457905.0595,4488046.54,59.0606,40.5421,-69.4971,16
459759.6408,4488047.412,57.4777,40.5422,-69.4752,16
461605.7475,4488048.788,59.0949,40.5423,-69.4534,16
463460.3159,4488050.579,57.3451,40.5424,-69.4315,16
465314.878,4488052.831,58.4868,40.5425,-69.4096,16
467160.9169,4488044.481,58.3753,40.5425,-69.3878,16
469015.4692,4488047.653,58.789,40.5426,-69.3659,16
470870.0152,4488051.285,58.5606,40.5427,-69.344,16
472716.0465,4488044.309,58.1079,40.5427,-69.3222,16
474570.583,4488048.86,58.0541,40.5428,-69.3003,16
476425.0783,4488042.773,58.4731,40.5428,-69.2784,16
478279.6054,4488048.246,63.2687,40.5429,-69.2565,16
480125.629,4488043.102,65.379,40.5429,-69.2347,16
481980.1468,4488049.495,66.8773,40.543,-69.2128,16
483834.6347,4488045.248,71.1589,40.543,-69.1909,16
485680.6756,4488052.578,71.8914,40.5431,-69.1691,16
487535.16,4488049.251,73.3021,40.5431,-69.1472,16
489389.6442,4488046.384,70.7618,40.5431,-69.1253,16
491235.6602,4488043.988,73.2951,40.5431,-69.1035,16
493090.1439,4488042.041,75.318,40.5431,-69.0816,16
507909.0756,4488043.033,69.5981,40.5431,-68.9066,16
509763.5594,4488045.229,69.8298,40.5431,-68.8847,16
511609.5755,4488047.872,66.7696,40.5431,-68.8629,16
494944.635,4488051.655,74.0433,40.5432,-69.0597,16
496799.1157,4488050.629,73.2206,40.5432,-69.0378,16
498645.1283,4488050.066,71.8211,40.5432,-69.016,16
500499.6089,4488049.96,71.2079,40.5432,-68.9941,16
502354.0895,4488050.314,71.7829,40.5432,-68.9722,16
504200.1022,4488051.125,71.2078,40.5432,-68.9504,16
506054.583,4488052.398,70.0742,40.5432,-68.9285,16
417155.9038,4489897.424,61.6386,40.5557,-69.9785,17
419010.3221,4489899.265,62.3143,40.5559,-69.9566,17
420864.7275,4489901.566,62.5324,40.5561,-69.9347,17
422719.12,4489904.328,63.0802,40.5563,-69.9128,17
424564.921,4489896.537,63.7051,40.5564,-69.891,17
426419.2907,4489900.219,64.0246,40.5566,-69.8691,17
428273.6477,4489904.362,64.6733,40.5568,-69.8472,17
430119.4218,4489897.944,65.2942,40.5569,-69.8254,17
431973.7563,4489903.007,65.6317,40.5571,-69.8035,17
433827.9797,4489897.43,65.1549,40.5572,-69.7816,17
435682.2918,4489903.414,64.8413,40.5574,-69.7597,17
437528.0322,4489898.83,64.6174,40.5575,-69.7379,17
439382.2319,4489894.634,64.7474,40.5576,-69.716,17
441236.5122,4489901.998,64.8724,40.5578,-69.6941,17
443090.6954,4489898.724,64.938,40.5579,-69.6722,17
444936.4056,4489895.972,64.8798,40.558,-69.6504,17
446790.6544,4489904.718,64.6026,40.5582,-69.6285,17
448644.8145,4489902.823,62.6726,40.5583,-69.6066,17
450498.968,4489901.39,62.66,40.5584,-69.5847,17
452344.6487,4489900.472,62.8126,40.5585,-69.5629,17
454198.7889,4489899.958,61.2445,40.5586,-69.541,17
456052.9225,4489899.905,59.1918,40.5587,-69.5191,17
457907.0496,4489900.313,56.5129,40.5588,-69.4972,15
459752.7042,4489901.227,53.882,40.5589,-69.4754,15
461606.8184,4489902.555,54.22,40.559,-69.4535,15
463460.9262,4489904.343,55.6366,40.5591,-69.4316,15
465314.976,4489895.492,56.7023,40.5591,-69.4097,15
467160.608,4489898.239,58.7602,40.5592,-69.3879,15
469014.6996,4489901.407,60.0012,40.5593,-69.366,15
470868.785,4489905.037,59.0648,40.5594,-69.3441,15
472722.8237,4489898.027,58.8941,40.5594,-69.3222,15
474568.4336,4489902.607,55.6655,40.5595,-69.3004,15
476422.4683,4489896.516,54.6719,40.5595,-69.2785,15
478276.5347,4489901.987,59.1919,40.5596,-69.2566,15
480130.5656,4489896.818,65.8059,40.5596,-69.2347,15
481976.157,4489903.231,66.7398,40.5597,-69.2129,15
483830.1843,4489898.982,69.593,40.5597,-69.191,15
485684.2111,4489895.193,72.0101,40.5597,-69.1691,15
487538.2563,4489902.966,72.549,40.5598,-69.1472,15
489383.8139,4489900.111,75.4788,40.5598,-69.1254,15
491237.8372,4489897.703,75.8532,40.5598,-69.1035,15
493091.8603,4489895.755,72.9904,40.5598,-69.0816,15
494945.8832,4489894.269,71.6255,40.5598,-69.0597,15
506053.088,4489895.012,69.9389,40.5598,-68.9285,10
507907.111,4489896.747,69.7719,40.5598,-68.9066,10
509761.1342,4489898.943,68.2689,40.5598,-68.8847,10
511615.1576,4489901.599,70.902,40.5598,-68.8628,10
496791.4449,4489904.347,71.2065,40.5599,-69.0379,15
498645.4649,4489903.78,69.8171,40.5599,-69.016,15
500499.4848,4489903.673,69.5219,40.5599,-68.9941,10
502353.5048,4489904.028,70.785,40.5599,-68.9722,10
504207.5248,4489904.843,70.1659,40.5599,-68.9503,10
417159.5644,4491751.373,59.7826,40.5724,-69.9787,17
419013.5219,4491753.207,60.064,40.5726,-69.9568,17
420867.4665,4491755.502,61.0792,40.5728,-69.9349,17
422712.8188,4491747.246,61.6319,40.5729,-69.9131,17
424566.7406,4491750.461,61.6529,40.5731,-69.8912,17
426420.6495,4491754.137,61.9793,40.5733,-69.8693,17
428274.439,4491747.174,62.3649,40.5734,-69.8474,17
430119.8611,4491751.851,63.0485,40.5736,-69.8256,17
431973.7348,4491756.908,63.2457,40.5738,-69.8037,17
433827.4975,4491751.326,63.2419,40.5739,-69.7818,17
435681.253,4491746.204,63.2495,40.574,-69.7599,17
437535.0947,4491752.643,63.3249,40.5742,-69.738,17
439380.3694,4491748.512,63.4127,40.5743,-69.7162,17
441234.189,4491755.872,63.4051,40.5745,-69.6943,17
443087.9114,4491752.592,63.3942,40.5746,-69.6724,17
444941.6269,4491749.772,63.5698,40.5747,-69.6505,17
446795.3358,4491747.414,63.0126,40.5748,-69.6286,17
448640.6503,4491756.675,61.0282,40.575,-69.6068,17
450494.3429,4491755.236,62.5676,40.5751,-69.5849,17
452348.0289,4491754.258,61.2468,40.5752,-69.563,17
454201.7083,4491753.742,59.6377,40.5753,-69.5411,17
456055.3811,4491753.685,57.9712,40.5754,-69.5192,17
457900.5835,4491754.138,55.7896,40.5755,-69.4974,15
459754.2433,4491755.002,53.9199,40.5756,-69.4755,15
461607.8968,4491756.326,52.1052,40.5757,-69.4536,15
463461.4894,4491747.011,54.6816,40.5757,-69.4317,15
465315.1328,4491749.257,53.9896,40.5758,-69.4098,15
467160.306,4491752.002,55.0554,40.5759,-69.388,15
469013.9369,4491755.168,56.8865,40.576,-69.3661,15
470867.5181,4491747.694,58.3204,40.576,-69.3442,15
472721.1393,4491751.782,61.5801,40.5761,-69.3223,15
474574.7544,4491756.33,55.9103,40.5762,-69.3004,15
476419.8645,4491750.266,58.6566,40.5762,-69.2786,15
478273.4701,4491755.734,55.0652,40.5763,-69.2567,15
480127.0402,4491750.562,59.903,40.5763,-69.2348,15
481980.6367,4491756.952,65.0969,40.5764,-69.2129,15
483834.2031,4491752.702,70.5475,40.5764,-69.191,15
485679.3054,4491748.93,71.7707,40.5764,-69.1692,15
487532.8898,4491756.7,70.6551,40.5765,-69.1473,15
489386.4525,4491753.831,72.9107,40.5765,-69.1254,15
491240.015,4491751.422,73.767,40.5765,-69.1035,15
493093.5772,4491749.475,72.4864,40.5765,-69.0816,15
494947.1393,4491747.988,68.8974,40.5765,-69.0597,15
496792.2376,4491746.966,69.3547,40.5765,-69.0379,15
498645.7995,4491746.399,65.8298,40.5765,-69.016,15
500499.3614,4491746.293,67.8535,40.5765,-68.9941,10
502352.9233,4491746.647,67.4962,40.5765,-68.9722,10
504206.4853,4491747.463,68.3584,40.5765,-68.9503,10
506051.5836,4491748.732,67.4673,40.5765,-68.9285,10
507905.1458,4491750.467,66.7374,40.5765,-68.9066,10
509758.7082,4491752.663,67.3348,40.5765,-68.8847,10
417163.2405,4493605.326,57.7175,40.5891,-69.9789,17
419008.2748,4493607.247,58.092,40.5893,-69.9571,17
420861.6406,4493598.433,59.5046,40.5894,-69.9352,17
422715.1142,4493601.182,59.8274,40.5896,-69.9133,17
424568.575,4493604.391,60.012,40.5898,-69.8914,17
426422.023,4493608.061,60.6579,40.59,-69.8695,17
428275.3515,4493601.092,60.5103,40.5901,-69.8476,17
430120.3148,4493605.764,60.7166,40.5903,-69.8258,17
431973.6263,4493599.715,61.5534,40.5904,-69.8039,17
433827.0293,4493605.227,61.4186,40.5906,-69.782,17
435680.3239,4493600.099,61.6662,40.5907,-69.7601,17
437533.7046,4493606.533,61.5264,40.5909,-69.7382,17
439386.9826,4493602.328,61.1412,40.591,-69.7163,17
441231.7916,4493598.65,60.9323,40.5911,-69.6945,17
443085.1406,4493606.465,60.9054,40.5913,-69.6726,17
444938.3952,4493603.64,60.9439,40.5914,-69.6507,17
446791.6431,4493601.276,61.465,40.5915,-69.6288,17
448644.8842,4493599.373,61.2546,40.5916,-69.6069,17
450498.1924,4493609.032,61.1404,40.5918,-69.585,17
452351.4174,4493608.051,59.5652,40.5919,-69.5631,17
454196.174,4493607.583,57.9288,40.592,-69.5413,17
456049.3859,4493607.521,55.5126,40.5921,-69.5194,17
457902.5913,4493607.921,54.7991,40.5922,-69.4975,15
459755.7901,4493608.782,54.716,40.5923,-69.4756,15
461608.9254,4493599.003,52.338,40.5923,-69.4537,15
463462.1142,4493600.785,52.991,40.5924,-69.4318,15
465315.2967,4493603.029,53.7944,40.5925,-69.4099,15
467160.0111,4493605.77,53.0904,40.5926,-69.3881,15
469013.181,4493608.933,54.025,40.5927,-69.3662,15
470866.3013,4493601.457,58.1954,40.5927,-69.3443,15
472719.4615,4493605.542,58.86,40.5928,-69.3224,15
474572.5778,4493598.987,57.1587,40.5928,-69.3005,15
476425.7286,4493603.994,59.8835,40.5929,-69.2786,15
478278.8409,4493598.361,54.6017,40.5929,-69.2567,15
480123.5207,4493604.312,57.8332,40.593,-69.2349,15
481976.6294,4493599.599,59.8783,40.593,-69.213,15
483829.7617,4493606.447,68.9033,40.5931,-69.1911,15
485682.8668,4493602.656,73.5876,40.5931,-69.1692,15
487535.9716,4493599.325,69.7783,40.5931,-69.1473,15
489389.092,4493607.556,70.3704,40.5932,-69.1254,15
491242.1935,4493605.147,73.2077,40.5932,-69.1035,15
493095.2948,4493603.2,73.3863,40.5932,-69.0816,15
494939.9343,4493601.719,72.7628,40.5932,-69.0598,15
496793.0353,4493600.691,65.9493,40.5932,-69.0379,15
498646.1363,4493600.123,65.7019,40.5932,-69.016,15
500499.2372,4493600.017,65.7513,40.5932,-68.9941,10
502352.3382,4493600.372,66.1325,40.5932,-68.9722,10
504205.4392,4493601.187,69.5793,40.5932,-68.9503,10
506058.5403,4493602.464,65.4007,40.5932,-68.9284,10
507911.6415,4493604.201,65.0374,40.5932,-68.9065,10
509756.2813,4493606.388,66.3408,40.5932,-68.8847,10
417158.4719,4495459.379,56.8817,40.6058,-69.9792,17
419011.3866,4495450.099,57.4403,40.6059,-69.9573,17
420864.412,4495452.38,57.9096,40.6061,-69.9354,17
422717.4245,4495455.123,58.6555,40.6063,-69.9135,17
424570.4243,4495458.326,58.8794,40.6065,-69.8916,17
426423.3016,4495450.89,58.9755,40.6066,-69.8697,17
428267.8185,4495455.097,59.3137,40.6068,-69.8479,17
430120.7829,4495459.682,58.6866,40.607,-69.826,17
431973.6332,4495453.627,58.8512,40.6071,-69.8041,17
433826.5752,4495459.133,59.3601,40.6073,-69.7822,17
435679.4087,4495454,59.0645,40.6074,-69.7603,17
437532.3283,4495460.428,58.0611,40.6076,-69.7384,17
439385.1451,4495456.217,58.7927,40.6077,-69.7165,17
441237.9551,4495452.467,59.4222,40.6078,-69.6946,17
443090.843,4495460.278,59.2077,40.608,-69.6727,17
444943.6365,4495457.45,58.9014,40.6081,-69.6508,17
446787.9634,4495455.144,59.2931,40.6082,-69.629,17
448640.7434,4495453.236,59.4494,40.6083,-69.6071,17
450493.5167,4495451.788,60.4747,40.6084,-69.5852,17
452346.2834,4495450.802,59.1079,40.6085,-69.5633,17
454199.0435,4495450.277,56.7811,40.6086,-69.5414,17
456051.7971,4495450.213,57.9532,40.6087,-69.5195,17
457904.5441,4495450.609,54.9813,40.6088,-69.4976,15
459757.2846,4495451.467,53.3184,40.6089,-69.4757,15
461610.0187,4495452.785,52.3438,40.609,-69.4538,15
463462.7464,4495454.565,50.9448,40.6091,-69.4319,15
465315.4678,4495456.805,51.0692,40.6092,-69.41,15
467159.7232,4495459.544,51.1885,40.6093,-69.3882,15
469012.3858,4495451.604,53.0692,40.6093,-69.3663,15
470865.0911,4495455.225,54.9944,40.6094,-69.3444,15
472717.7903,4495459.307,59.1406,40.6095,-69.3225,15
474570.4454,4495452.75,59.0455,40.6095,-69.3006,15
476423.1351,4495457.754,56.8207,40.6096,-69.2787,15
478275.7863,4495452.118,60.6322,40.6096,-69.2568,15
480128.4667,4495458.044,58.8815,40.6097,-69.2349,15
481981.1142,4495453.331,60.2261,40.6097,-69.213,15
483833.7854,4495460.179,63.931,40.6098,-69.1911,15
485686.4294,4495456.387,76.2927,40.6098,-69.1692,15
487539.0731,4495453.056,71.2626,40.6098,-69.1473,15
489383.257,4495450.199,70.2855,40.6098,-69.1255,15
491235.9132,4495458.888,75.7847,40.6099,-69.1036,15
493088.5534,4495456.938,71.3357,40.6099,-69.0817,15
494941.1934,4495455.449,71.3162,40.6099,-69.0598,15
496793.8333,4495454.421,66.4743,40.6099,-69.0379,15
498646.4732,4495453.853,64.1673,40.6099,-69.016,15
500499.113,4495453.747,65.116,40.6099,-68.9941,10
502351.7528,4495454.102,66.5249,40.6099,-68.9722,10
504204.3927,4495454.917,66.2125,40.6099,-68.9503,10
506057.0327,4495456.194,65.4158,40.6099,-68.9284,10
507909.6728,4495457.931,66.1541,40.6099,-68.9065,10
509762.3131,4495460.13,64.4685,40.6099,-68.8846,10
417162.0575,4497302.243,55.0844,40.6224,-69.9794,17
419014.6345,4497304.057,55.6183,40.6226,-69.9575,17
420867.1986,4497306.333,56.3201,40.6228,-69.9356,17
422719.7499,4497309.069,57.297,40.623,-69.9137,17
424563.8304,4497312.352,57.5701,40.6232,-69.8919,17
426416.2464,4497304.908,57.0762,40.6233,-69.87,17
428268.7622,4497309.026,57.5206,40.6235,-69.8481,17
430121.1611,4497302.504,57.5573,40.6236,-69.8262,17
431973.6544,4497307.544,57.3768,40.6238,-69.8043,17
433826.1351,4497313.044,56.5183,40.624,-69.7824,17
435678.5074,4497307.906,57.6722,40.6241,-69.7605,17
437530.8726,4497303.228,57.2037,40.6242,-69.7386,17
439383.3213,4497310.112,56.3361,40.6244,-69.7167,17
441235.67,4497306.357,56.3881,40.6245,-69.6948,17
443088.0118,4497303.062,57.1035,40.6246,-69.6729,17
444940.4289,4497311.329,56.7967,40.6248,-69.651,17
446792.7544,4497308.956,56.6561,40.6249,-69.6291,17
448645.0731,4497307.045,55.2448,40.625,-69.6072,17
450497.3852,4497305.594,56.934,40.6251,-69.5853,17
452349.6906,4497304.605,55.5115,40.6252,-69.5634,17
454201.9894,4497304.077,53.449,40.6253,-69.5415,17
456054.2817,4497304.009,55.9524,40.6254,-69.5196,17
457906.5674,4497304.403,53.5993,40.6255,-69.4977,15
459758.8467,4497305.257,53.1764,40.6256,-69.4758,15
461611.1195,4497306.573,54.8284,40.6257,-69.4539,15
463463.386,4497308.35,50.5815,40.6258,-69.432,15
465315.646,4497310.587,48.7341,40.6259,-69.4101,15
467159.3933,4497302.223,48.6532,40.6259,-69.3883,15
469011.6436,4497305.38,49.9514,40.626,-69.3664,15
470863.8877,4497308.998,51.3489,40.6261,-69.3445,15
472716.1256,4497313.078,55.9636,40.6262,-69.3226,15
474568.3194,4497306.518,60.4901,40.6262,-69.3007,15
476420.5478,4497311.519,54.3569,40.6263,-69.2788,15
478272.7378,4497305.881,54.6946,40.6263,-69.2569,15
480124.9569,4497311.805,58.7758,40.6264,-69.235,15
481977.1431,4497307.089,65.0435,40.6264,-69.2131,15
483829.329,4497302.834,63.8312,40.6264,-69.1912,15
485681.5358,4497310.14,71.5831,40.6265,-69.1693,15
487533.7182,4497306.807,73.6503,40.6265,-69.1474,15
489385.9003,4497303.935,70.0918,40.6265,-69.1255,15
509759.897,4497302.765,66.1342,40.6265,-68.8846,10
491238.0953,4497312.624,75.3339,40.6266,-69.1036,15
493090.2742,4497310.674,72.9412,40.6266,-69.0817,15
494942.453,4497309.184,70.6241,40.6266,-69.0598,15
496794.6316,4497308.156,68.4732,40.6266,-69.0379,15
498646.8102,4497307.589,62.8616,40.6266,-69.016,15
500498.9887,4497307.483,64.4526,40.6266,-68.9941,10
502351.1673,4497307.837,67.9259,40.6266,-68.9722,10
504203.3459,4497308.653,63.9681,40.6266,-68.9503,10
506055.5246,4497309.929,63.4245,40.6266,-68.9284,10
507907.7035,4497311.667,65.1919,40.6266,-68.9065,10
417157.3261,4499156.306,53.2015,40.6391,-69.9797,17
419009.4417,4499158.113,53.741,40.6393,-69.9578,17
420861.5445,4499160.38,54.6068,40.6395,-69.9359,17
422713.6344,4499163.108,55.0611,40.6397,-69.914,17
424565.5989,4499155.198,55.6331,40.6398,-69.8921,17
426417.6661,4499158.848,55.4953,40.64,-69.8702,17
428269.7205,4499162.96,55.9234,40.6402,-69.8483,17
430121.658,4499156.432,56.4629,40.6403,-69.8264,17
431973.6899,4499161.466,55.5594,40.6405,-69.8045,17
433825.6104,4499155.861,55.5618,40.6406,-69.7826,17
435677.62,4499161.817,55.6927,40.6408,-69.7607,17
437529.5238,4499157.134,55.2928,40.6409,-69.7388,17
439381.5111,4499164.012,54.2397,40.6411,-69.7169,17
441233.3983,4499160.251,53.1843,40.6412,-69.695,17
443085.2787,4499156.951,53.4542,40.6413,-69.6731,17
444937.1523,4499154.112,53.2688,40.6414,-69.6512,17
446789.0985,4499162.835,53.279,40.6416,-69.6293,17
448640.9558,4499160.918,52.2129,40.6417,-69.6074,17
450492.8064,4499159.462,52.745,40.6418,-69.5855,17
452344.6504,4499158.468,50.6515,40.6419,-69.5636,17
454196.4878,4499157.934,50.5068,40.642,-69.5417,17
456048.3187,4499157.861,55.0067,40.6421,-69.5198,17
457900.143,4499158.25,55.1328,40.6422,-69.4979,15
459751.9609,4499159.099,54.4314,40.6423,-69.476,15
461603.7723,4499160.41,53.1889,40.6424,-69.4541,15
463455.5773,4499162.181,51.0041,40.6425,-69.4322,15
465307.376,4499164.414,47.8301,40.6426,-69.4103,15
467167.5748,4499155.97,45.7097,40.6426,-69.3883,15
469019.3637,4499159.126,39.9551,40.6427,-69.3664,15
470871.1464,4499162.744,42.6679,40.6428,-69.3445,15
472722.8821,4499155.723,48.0219,40.6428,-69.3226,15
474574.6552,4499160.262,52.4638,40.6429,-69.3007,15
476426.387,4499154.163,53.3756,40.6429,-69.2788,15
478278.1507,4499159.625,53.6723,40.643,-69.2569,15
480129.8787,4499154.447,56.7239,40.643,-69.235,15
481981.6332,4499160.831,61.5535,40.6431,-69.2131,15
483833.3576,4499156.576,63.9573,40.6431,-69.1912,15
485685.103,4499163.882,67.7646,40.6432,-69.1693,15
487536.824,4499160.548,71.0096,40.6432,-69.1474,15
489388.5446,4499157.676,68.3908,40.6432,-69.1255,15
491240.2651,4499155.265,74.6035,40.6432,-69.1036,15
507905.7452,4499154.308,63.9744,40.6432,-68.9065,10
509757.4655,4499156.507,64.8989,40.6432,-68.8846,10
493091.9956,4499164.415,76.7881,40.6433,-69.0817,15
494943.713,4499162.925,70.1586,40.6433,-69.0598,15
496795.4302,4499161.897,66.8627,40.6433,-69.0379,15
498647.1473,4499161.33,63.5779,40.6433,-69.016,15
500498.8644,4499161.223,64.6708,40.6433,-68.9941,10
502350.5815,4499161.578,65.4874,40.6433,-68.9722,10
504202.2987,4499162.394,64.6008,40.6433,-68.9503,10
506054.016,4499163.67,63.0999,40.6433,-68.9284,10
417161.0683,4501010.281,49.8243,40.6558,-69.9799,17
419012.7224,4501012.081,50.6811,40.656,-69.958,17
420864.3636,4501014.343,51.7174,40.6562,-69.9361,17
422715.9919,4501017.065,52.1139,40.6564,-69.9142,17
424567.4948,4501009.149,53.1053,40.6565,-69.8923,17
426419.1004,4501012.793,53.0083,40.6567,-69.8704,17
428270.6933,4501016.899,54.3086,40.6569,-69.8485,17
430122.1692,4501010.366,54.5208,40.657,-69.8266,17
431973.7395,4501015.394,54.0525,40.6572,-69.8047,17
433825.1985,4501009.783,53.5103,40.6573,-69.7828,17
435676.7465,4501015.734,53.202,40.6575,-69.7609,17
437528.1887,4501011.045,53.4842,40.6576,-69.739,17
439379.624,4501006.817,52.4002,40.6577,-69.7171,17
441239.5937,4501014.084,51.3277,40.6579,-69.6951,17
443091.0125,4501010.781,50.9811,40.658,-69.6732,17
444942.4244,4501007.939,51.3394,40.6581,-69.6513,17
446793.9091,4501016.658,50.6095,40.6583,-69.6294,17
448645.3048,4501014.738,49.7441,40.6584,-69.6075,17
450496.6939,4501013.279,49.5391,40.6585,-69.5856,17
452348.0763,4501012.281,48.5262,40.6586,-69.5637,17
454199.4521,4501011.744,47.9716,40.6587,-69.5418,17
456050.8213,4501011.669,47.123,40.6588,-69.5199,17
457902.1841,4501012.054,48.4133,40.6589,-69.498,15
459753.5403,4501012.901,50.7739,40.659,-69.4761,15
461604.8902,4501014.208,53.8773,40.6591,-69.4542,15
463456.2336,4501015.977,55.3047,40.6592,-69.4323,15
465307.5189,4501007.106,52.5779,40.6592,-69.4104,15
467167.3058,4501009.759,45.1862,40.6593,-69.3884,15
469018.6331,4501012.913,49.3829,40.6594,-69.3665,15
470869.9542,4501016.528,47.5698,40.6595,-69.3446,15
472721.2283,4501009.504,50.8372,40.6595,-69.3227,15
474572.5399,4501014.041,46.437,40.6596,-69.3008,15
476423.8101,4501007.939,51.9637,40.6596,-69.2789,15
478275.1122,4501013.398,55.6842,40.6597,-69.257,15
480126.3786,4501008.218,56.041,40.6597,-69.2351,15
481977.6715,4501014.6,59.2078,40.6598,-69.2132,15
483828.9343,4501010.342,63.3933,40.6598,-69.1913,15
485680.1968,4501006.545,65.4973,40.6598,-69.1694,15
487531.4775,4501014.31,65.3319,40.6599,-69.1475,15
489391.1898,4501011.423,69.4565,40.6599,-69.1255,15
491242.4487,4501009.011,73.4432,40.6599,-69.1036,15
493093.7073,4501007.061,78.4235,40.6599,-69.0817,15
506052.5159,4501006.316,62.3515,40.6599,-68.9284,10
507903.7745,4501008.054,64.4962,40.6599,-68.9065,10
509763.4865,4501010.264,63.8887,40.6599,-68.8845,10
494944.9734,4501016.672,73.2436,40.66,-69.0598,15
496796.229,4501015.643,66.5432,40.66,-69.0379,15
498647.4846,4501015.076,63.911,40.66,-69.016,15
500498.7401,4501014.969,65.3023,40.66,-68.9941,10
502349.9956,4501015.324,65.344,40.66,-68.9722,10
504201.2512,4501016.14,64.0595,40.66,-68.9503,10
419007.5666,4502866.148,48.8352,40.6727,-69.9583,17
420867.1978,4502868.311,49.5693,40.6729,-69.9363,17
422718.249,4502859.927,49.4101,40.673,-69.9144,17
424569.4056,4502863.105,50.1203,40.6732,-69.8925,17
426420.5495,4502866.744,51.4323,40.6734,-69.8706,17
428271.5735,4502859.744,52.4358,40.6735,-69.8487,17
430122.6948,4502864.305,53.1977,40.6737,-69.8268,17
431973.7018,4502858.227,52.8182,40.6738,-69.8049,17
433824.8006,4502863.711,52.0916,40.674,-69.783,17
435675.7908,4502858.555,51.9598,40.6741,-69.7611,17
437535.3189,4502864.89,51.4831,40.6743,-69.7391,17
439386.2924,4502860.659,49.9168,40.6744,-69.7172,17
441237.3468,4502867.99,49.2292,40.6746,-69.6953,17
443088.3039,4502864.681,48.946,40.6747,-69.6734,17
444939.2541,4502861.833,49.0075,40.6748,-69.6515,17
446790.1976,4502859.447,48.677,40.6749,-69.6296,17
448641.211,4502868.622,48.7867,40.6751,-69.6077,17
450492.1383,4502867.157,48.2929,40.6752,-69.5858,17
452351.5104,4502866.1,48.0031,40.6753,-69.5638,17
454202.4244,4502865.56,47.3977,40.6754,-69.5419,17
456053.3319,4502865.481,46.9716,40.6755,-69.52,17
457904.2329,4502865.864,46.3144,40.6756,-69.4981,15
459755.1275,4502866.707,47.2625,40.6757,-69.4762,15
461606.0156,4502868.012,50.2272,40.6758,-69.4543,15
463456.8427,4502858.677,51.183,40.6758,-69.4324,15
465307.7208,4502860.904,51.6034,40.6759,-69.4105,15
467167.0439,4502863.555,43.9512,40.676,-69.3885,15
469017.9094,4502866.706,50.3954,40.6761,-69.3666,15
470868.7252,4502859.218,51.5873,40.6761,-69.3447,21
472719.5811,4502863.291,54.6739,40.6762,-69.3228,15
474570.4309,4502867.826,53.2951,40.6763,-69.3009,15
476421.2394,4502861.721,51.234,40.6763,-69.279,15
478272.0797,4502867.177,53.3352,40.6764,-69.2571,15
480131.3356,4502861.972,56.148,40.6764,-69.2351,15
481982.1667,4502868.353,58.0921,40.6765,-69.2132,15
483832.9678,4502864.095,60.6066,40.6765,-69.1913,15
485683.7685,4502860.298,64.4732,40.6765,-69.1694,15
487534.5875,4502868.062,65.3853,40.6766,-69.1475,15
489385.3848,4502865.187,63.5012,40.6766,-69.1256,15
491236.1819,4502862.773,75.8926,40.6766,-69.1037,15
493095.4299,4502860.812,82.8969,40.6766,-69.0817,15
494946.2267,4502859.323,78.3834,40.6766,-69.0598,15
496797.0233,4502858.294,69.4196,40.6766,-69.0379,15
504200.2096,4502858.791,64.044,40.6766,-68.9503,10
506059.4574,4502860.075,64.4503,40.6766,-68.9283,10
507910.2542,4502861.815,64.4669,40.6766,-68.9064,10
509761.0512,4502864.016,65.5996,40.6766,-68.8845,10
498647.8219,4502868.827,66.6427,40.6767,-69.016,15
500498.6157,4502868.721,64.8009,40.6767,-68.9941,10
502349.4095,4502869.076,65.1064,40.6767,-68.9722,10
424571.3313,4504717.067,48.2462,40.6899,-69.8927,17
426422.0133,4504720.7,48.7168,40.6901,-69.8708,17
428272.5754,4504713.694,50.1319,40.6902,-69.8489,17
430123.2348,4504718.249,50.9707,40.6904,-69.827,17
431973.7799,4504712.166,51.6532,40.6905,-69.8051,17
433824.4168,4504717.644,50.1928,40.6907,-69.7832,17
435683.3946,4504712.41,50.9036,40.6908,-69.7612,17
437534.0092,4504718.812,51.4051,40.691,-69.7393,17
439384.5208,4504714.575,48.889,40.6911,-69.7174,17
441235.0256,4504710.8,47.2717,40.6912,-69.6955,17
443085.6085,4504718.586,48.0742,40.6914,-69.6736,17
444936.0969,4504715.733,48.1557,40.6915,-69.6517,17
446795.0277,4504713.281,47.4176,40.6916,-69.6297,17
448645.5026,4504711.352,47.9988,40.6917,-69.6078,17
461607.091,4504710.721,46.1997,40.6924,-69.4544,21
474568.2903,4504710.515,51.6477,40.6929,-69.301,15
476427.1239,4504715.481,57.4078,40.693,-69.279,15
478277.5024,4504720.937,51.6007,40.6931,-69.2571,15
480127.8452,4504715.754,58.7299,40.6931,-69.2352,15
481978.1875,4504711.032,56.5847,40.6931,-69.2133,15
483828.5536,4504717.872,61.7153,40.6932,-69.1914,15
485687.3414,4504714.056,67.997,40.6932,-69.1694,15
487537.6799,4504710.719,65.7522,40.6932,-69.1475,15
489388.0339,4504718.945,61.2139,40.6933,-69.1256,15
491238.3691,4504716.53,74.5607,40.6933,-69.1037,15
493088.7041,4504714.577,86.0986,40.6933,-69.0818,15
494947.488,4504713.08,79.8708,40.6933,-69.0598,15
496797.8227,4504712.051,70.7379,40.6933,-69.0379,15
498648.1574,4504711.484,66.3882,40.6933,-69.016,15
500498.492,4504711.377,67.3296,40.6933,-68.9941,10
502348.8266,4504711.732,64.1494,40.6933,-68.9722,10
504207.6103,4504712.553,64.4245,40.6933,-68.9502,10
506057.9451,4504713.832,67.4245,40.6933,-68.9283,10
507908.28,4504715.572,65.344,40.6933,-68.9064,10
509758.6151,4504717.774,65.8012,40.6933,-68.8845,10
428273.5918,4506567.649,47.9627,40.7069,-69.8491,17
430123.7892,4506572.199,48.7146,40.7071,-69.8272,17
431973.8722,4506566.11,48.9445,40.7072,-69.8053,17
433824.0471,4506571.582,47.2325,40.7074,-69.7834,17
435682.5607,4506566.342,47.3201,40.7075,-69.7614,17
437532.7134,4506572.739,47.7823,40.7077,-69.7395,17
439382.7629,4506568.497,46.6986,40.7078,-69.7176,17
441232.8056,4506564.716,47.05,40.7079,-69.6957,17
443091.3738,4506572.432,45.8424,40.7081,-69.6737,17
