506056,4550000,80.4689,41.0604,-68.9279
507908,4550000,74.3289,41.077,-68.9059
506056,4550000,78.72,41.077,-68.9279
509760,4550000,72.4984,41.0937,-68.8838
507908,4550000,78.9283,41.0937,-68.9058
506056,4550000,83.5798,41.0937,-68.9279
511612,4550000,75.7263,41.1103,-68.8617
509760,4550000,77.9023,41.1104,-68.8838
507908,4550000,84.3635,41.1104,-68.9058
506056,4550000,88.4852,41.1104,-68.9279
513464,4550000,75.3758,41.127,-68.8396
511612,4550000,78.962,41.127,-68.8617
509760,4550000,86.1475,41.1271,-68.8837
507908,4550000,86.1644,41.1271,-68.9058
506056,4550000,90.8989,41.1271,-68.9279
515316,4550000,77.1068,41.1436,-68.8175
513464,4550000,79.5132,41.1437,-68.8396
511612,4550000,82.2962,41.1437,-68.8616
509760,4550000,88.8574,41.1437,-68.8837
507908,4550000,93.3685,41.1438,-68.9058
506056,4550000,94.0125,41.1438,-68.9278
515316,4560000,80.5351,41.1603,-68.8174
513464,4560000,83.6341,41.1604,-68.8395
511612,4560000,87.1917,41.1604,-68.8616
509760,4560000,92.2829,41.1604,-68.8837
507908,4560000,96.4643,41.1604,-68.9057
506056,4560000,97.7666,41.1605,-68.9278
517168,4560000,82.5037,41.177,-68.7953
515316,4560000,84.2732,41.177,-68.8174
513464,4560000,85.1963,41.177,-68.8395
511612,4560000,90.0495,41.1771,-68.8616
509760,4560000,92.9204,41.1771,-68.8836
507908,4560000,97.0134,41.1771,-68.9057
506056,4560000,100.402,41.1771,-68.9278
517168,4560000,79.1316,41.1937,-68.7953
515316,4560000,85.8176,41.1937,-68.8174
513464,4560000,87.4778,41.1937,-68.8394
511612,4560000,91.0403,41.1938,-68.8615
509760,4560000,94.0082,41.1938,-68.8836
507908,4560000,97.8663,41.1938,-68.9057
506056,4560000,100.574,41.1938,-68.9278
504204,4560000,101.436,41.1938,-68.9499
519020,4560000,70.8384,41.2103,-68.7731
517168,4560000,80.2502,41.2103,-68.7952
515316,4560000,85.1662,41.2104,-68.8173
513464,4560000,90.5424,41.2104,-68.8394
511612,4560000,94.4216,41.2104,-68.8615
509760,4560000,96.9005,41.2105,-68.8836
507908,4560000,99.1106,41.2105,-68.9057
506056,4560000,101.56,41.2105,-68.9278
504204,4560000,99.6199,41.2105,-68.9499
519020,4560000,71.7604,41.227,-68.7731
517168,4560000,83.1241,41.227,-68.7952
515316,4560000,87.4619,41.2271,-68.8173
513464,4560000,94.5044,41.2271,-68.8394
511612,4560000,96.2949,41.2271,-68.8615
509760,4560000,98.802,41.2271,-68.8836
507908,4560000,100.173,41.2272,-68.9057
506056,4560000,105.33,41.2272,-68.9277
504204,4560000,104.228,41.2272,-68.9498
519020,4570000,74.4505,41.2437,-68.773
517168,4570000,86.088,41.2437,-68.7951
515316,4570000,91.9677,41.2437,-68.8172
513464,4570000,96.8256,41.2438,-68.8393
511612,4570000,99.0429,41.2438,-68.8614
509760,4570000,102.98,41.2438,-68.8835
507908,4570000,102.426,41.2439,-68.9056
506056,4570000,107.816,41.2439,-68.9277
504204,4570000,111.439,41.2439,-68.9498
520872,4570000,76.9134,41.2603,-68.7508
519020,4570000,77.9423,41.2603,-68.773
517168,4570000,91.2657,41.2604,-68.7951
515316,4570000,95.6776,41.2604,-68.8172
513464,4570000,98.7042,41.2605,-68.8393
511612,4570000,100.089,41.2605,-68.8614
509760,4570000,101.985,41.2605,-68.8835
507908,4570000,107.309,41.2605,-68.9056
522724,4570000,76.8932,41.2769,-68.7287
520872,4570000,80.6992,41.277,-68.7508
519020,4570000,83.8308,41.277,-68.7729
517168,4570000,95.6973,41.2771,-68.795
515316,4570000,96.3868,41.2771,-68.8171
513464,4570000,98.0216,41.2771,-68.8392
511612,4570000,103.143,41.2772,-68.8614
509760,4570000,109.804,41.2772,-68.8835
526428,4570000,74.4862,41.2935,-68.6844
524576,4570000,77.6767,41.2936,-68.7065
522724,4570000,81.084,41.2936,-68.7286
520872,4570000,84.8026,41.2937,-68.7507
519020,4570000,88.2805,41.2937,-68.7728
517168,4570000,95.8259,41.2938,-68.795
515316,4570000,98.8158,41.2938,-68.8171
513464,4570000,104.812,41.2938,-68.8392
511612,4570000,112.894,41.2939,-68.8613
528280,4570000,74.9264,41.3101,-68.6622
526428,4570000,77.877,41.3102,-68.6843
524576,4570000,82.7641,41.3102,-68.7064
522724,4570000,85.9508,41.3103,-68.7285
520872,4570000,89.9669,41.3103,-68.7507
519020,4570000,93.9983,41.3104,-68.7728
517168,4570000,98.3403,41.3104,-68.7949
515316,4570000,107.437,41.3105,-68.817
513464,4570000,114.836,41.3105,-68.8392
531984,4580000,73.6711,41.3267,-68.6178
530132,4580000,75.9166,41.3267,-68.6399
528280,4580000,78.3002,41.3268,-68.6621
526428,4580000,83.4929,41.3269,-68.6842
524576,4580000,87.1316,41.3269,-68.7063
522724,4580000,90.9976,41.327,-68.7285
520872,4580000,95.5505,41.327,-68.7506
519020,4580000,99.3395,41.3271,-68.7727
517168,4580000,107.892,41.3271,-68.7949
535688,4580000,70.3238,41.3432,-68.5734
533836,4580000,71.156,41.3433,-68.5956
531984,4580000,75.3749,41.3433,-68.6177
530132,4580000,79.8901,41.3434,-68.6398
528280,4580000,84.046,41.3435,-68.662
526428,4580000,87.058,41.3436,-68.6841
524576,4580000,92.0367,41.3436,-68.7063
522724,4580000,95.8326,41.3437,-68.7284
520872,4580000,99.7331,41.3437,-68.7505
519020,4580000,108.482,41.3438,-68.7727
537540,4580000,75.0911,41.3598,-68.5512
535688,4580000,74.1891,41.3599,-68.5733
533836,4580000,74.8669,41.36,-68.5955
531984,4580000,77.4119,41.36,-68.6176
530132,4580000,83.9985,41.3601,-68.6398
528280,4580000,88.1644,41.3602,-68.6619
526428,4580000,92.0198,41.3602,-68.684
524576,4580000,95.3487,41.3603,-68.7062
522724,4580000,97.007,41.3603,-68.7283
520872,4580000,105.961,41.3604,-68.7505
541244,4580000,74.353,41.3763,-68.5068
539392,4580000,76.6002,41.3764,-68.5289
537540,4580000,77.9865,41.3765,-68.5511
535688,4580000,78.1187,41.3766,-68.5732
533836,4580000,78.8514,41.3766,-68.5954
531984,4580000,82.9363,41.3767,-68.6175
530132,4580000,87.4476,41.3768,-68.6397
528280,4580000,91.228,41.3768,-68.6618
526428,4580000,96.3597,41.3769,-68.684
524576,4580000,97.0243,41.377,-68.7061
522724,4580000,101.448,41.377,-68.7283
543096,4580000,75.2878,41.3929,-68.4845
541244,4580000,78.3117,41.393,-68.5067
539392,4580000,79.1518,41.3931,-68.5288
537540,4580000,81.1468,41.3932,-68.551
535688,4580000,83.0095,41.3932,-68.5731
533836,4580000,84.3577,41.3933,-68.5953
531984,4580000,87.7,41.3934,-68.6174
530132,4580000,90.6466,41.3935,-68.6396
528280,4580000,94.7653,41.3935,-68.6617
526428,4580000,99.1785,41.3936,-68.6839
524576,4580000,99.2474,41.3937,-68.706
522724,4580000,106.516,41.3937,-68.7282
544948,4580000,75.1802,41.4095,-68.4622
543096,4580000,78.1926,41.4096,-68.4844
541244,4580000,82.1542,41.4097,-68.5065
539392,4580000,83.8271,41.4097,-68.5287
537540,4580000,85.9499,41.4098,-68.5508
535688,4580000,86.9579,41.4099,-68.573
533836,4580000,89.1291,41.41,-68.5952
531984,4580000,91.4487,41.4101,-68.6173
530132,4580000,93.5226,41.4101,-68.6395
528280,4580000,96.6099,41.4102,-68.6616
526428,4580000,99.2589,41.4103,-68.6838
524576,4580000,101.119,41.4103,-68.706
546800,4590000,73.6887,41.426,-68.4399
544948,4590000,78.5281,41.4261,-68.4621
543096,4590000,80.0381,41.4262,-68.4842
541244,4590000,84.9338,41.4263,-68.5064
539392,4590000,86.3619,41.4264,-68.5286
537540,4590000,87.1259,41.4265,-68.5507
535688,4590000,89.1415,41.4266,-68.5729
533836,4590000,91.7671,41.4267,-68.5951
531984,4590000,92.074,41.4268,-68.6172
530132,4590000,94.2456,41.4268,-68.6394
528280,4590000,97.9603,41.4269,-68.6616
526428,4590000,97.9644,41.427,-68.6837
524576,4590000,105.236,41.427,-68.7059
546800,4590000,74.1197,41.4427,-68.4398
544948,4590000,80.3992,41.4428,-68.4619
543096,4590000,80.5268,41.4429,-68.4841
541244,4590000,85.7116,41.443,-68.5063
539392,4590000,89.3923,41.4431,-68.5284
537540,4590000,90.493,41.4432,-68.5506
535688,4590000,91.7631,41.4433,-68.5728
533836,4590000,94.2331,41.4434,-68.595
531984,4590000,93.3328,41.4434,-68.6171
530132,4590000,93.925,41.4435,-68.6393
528280,4590000,99.4447,41.4436,-68.6615
526428,4590000,101.078,41.4436,-68.6836
546800,4590000,74.6922,41.4594,-68.4396
544948,4590000,80.4249,41.4595,-68.4618
543096,4590000,84.839,41.4596,-68.484
541244,4590000,87.9836,41.4597,-68.5062
539392,4590000,91.2706,41.4598,-68.5283
537540,4590000,91.4262,41.4599,-68.5505
535688,4590000,93.7943,41.46,-68.5727
533836,4590000,93.8452,41.46,-68.5949
531984,4590000,94.3036,41.4601,-68.617
530132,4590000,95.7588,41.4602,-68.6392
528280,4590000,104.124,41.4603,-68.6614
546800,4590000,77.248,41.4761,-68.4395
544948,4590000,82.5146,41.4762,-68.4617
543096,4590000,87.0291,41.4763,-68.4838
541244,4590000,90.1416,41.4764,-68.506
539392,4590000,92.1818,41.4765,-68.5282
537540,4590000,93.9389,41.4766,-68.5504
535688,4590000,94.4567,41.4766,-68.5726
533836,4590000,95.3351,41.4767,-68.5947
531984,4590000,98.4754,41.4768,-68.6169
530132,4590000,99.8593,41.4769,-68.6391
528280,4590000,108.677,41.4769,-68.6613
546800,4590000,77.4879,41.4928,-68.4393
544948,4590000,85.2663,41.4929,-68.4615
543096,4590000,89.2141,41.493,-68.4837
541244,4590000,88.3928,41.4931,-68.5059
539392,4590000,95.5418,41.4932,-68.5281
537540,4590000,96.0376,41.4932,-68.5503
535688,4590000,94.901,41.4933,-68.5725
533836,4590000,96.7063,41.4934,-68.5946
531984,4590000,103.681,41.4935,-68.6168
530132,4590000,109.708,41.4936,-68.639
544948,4600000,81.9072,41.5095,-68.4614
543096,4600000,89.9303,41.5096,-68.4836
541244,4600000,94.8192,41.5097,-68.5058
539392,4600000,98.1197,41.5098,-68.528
537540,4600000,99.2483,41.5099,-68.5502
535688,4600000,100.463,41.51,-68.5723
533836,4600000,103.322,41.5101,-68.5945
531984,4600000,109.921,41.5102,-68.6167
544948,4600000,77.7465,41.5262,-68.4613
543096,4600000,85.9861,41.5263,-68.4834
541244,4600000,95.1596,41.5264,-68.5056
539392,4600000,98.3934,41.5265,-68.5278
537540,4600000,101.87,41.5266,-68.55
535688,4600000,106.734,41.5267,-68.5722
533836,4600000,110.748,41.5268,-68.5944
544948,4600000,71.9237,41.5429,-68.4611
543096,4600000,81.7588,41.543,-68.4833
541244,4600000,93.7486,41.5431,-68.5055
539392,4600000,98.7535,41.5432,-68.5277
537540,4600000,104.494,41.5433,-68.5499
535688,4600000,111.41,41.5434,-68.5721
544948,4600000,74.3649,41.5596,-68.461
543096,4600000,85.108,41.5597,-68.4832
541244,4600000,95.0053,41.5598,-68.5054
539392,4600000,104.13,41.5599,-68.5276
537540,4600000,114.153,41.56,-68.5498
544948,4600000,74.4051,41.5763,-68.4608
543096,4600000,88.238,41.5764,-68.483
541244,4600000,101.806,41.5765,-68.5053
539392,4600000,113.279,41.5766,-68.5275
537540,4600000,123.762,41.5766,-68.5497
544948,4600000,75.5732,41.5929,-68.4607
543096,4600000,93.7395,41.593,-68.4829
541244,4600000,111.24,41.5931,-68.5051
539392,4600000,121.977,41.5932,-68.5274
544948,4610000,76.5676,41.6096,-68.4606
543096,4610000,96.7669,41.6097,-68.4828
541244,4610000,121.575,41.6098,-68.505
544948,4610000,80.9113,41.6263,-68.4604
543096,4610000,113.266,41.6264,-68.4826
546800,4610000,58.4024,41.6429,-68.438
544948,4610000,96.9935,41.643,-68.4603
546800,4610000,71.9064,41.6596,-68.4379
528280,4540000,49.2636,41.0098,-68.6637
526428,4540000,65.7986,41.0099,-68.6857
524576,4540000,63.0052,41.01,-68.7077
522724,4540000,59.0458,41.01,-68.7298
520872,4540000,67.2675,41.0101,-68.7518
519020,4540000,61.2887,41.0101,-68.7738
517168,4540000,58.6318,41.0101,-68.7958
515316,4540000,62.519,41.0102,-68.8179
513464,4540000,72.0213,41.0102,-68.8399
511612,4540000,67.4577,41.0102,-68.8619
509760,4540000,69.5662,41.0103,-68.8839
507908,4540000,66.8328,41.0103,-68.906
528280,4540000,59.1165,41.0265,-68.6636
526428,4540000,64.9788,41.0266,-68.6856
524576,4540000,62.358,41.0266,-68.7077
522724,4540000,65.0008,41.0267,-68.7297
520872,4540000,62.5155,41.0267,-68.7517
519020,4540000,61.252,41.0268,-68.7738
517168,4540000,58.162,41.0268,-68.7958
515316,4540000,62.3208,41.0269,-68.8178
513464,4540000,66.8357,41.0269,-68.8398
511612,4540000,69.646,41.0269,-68.8619
509760,4540000,67.7229,41.027,-68.8839
507908,4540000,73.9898,41.027,-68.9059
528280,4540000,57.1621,41.0432,-68.6635
526428,4540000,62.1926,41.0433,-68.6856
524576,4540000,62.5235,41.0433,-68.7076
522724,4540000,66.2384,41.0434,-68.7296
520872,4540000,64.4103,41.0434,-68.7517
519020,4540000,65.0653,41.0435,-68.7737
517168,4540000,56.2075,41.0435,-68.7957
515316,4540000,58.3908,41.0436,-68.8178
513464,4540000,66.2636,41.0436,-68.8398
511612,4540000,70.6191,41.0436,-68.8618
509760,4540000,68.9745,41.0436,-68.8839
507908,4540000,68.6184,41.0437,-68.9059
506056,4540000,73.3442,41.0437,-68.9279
530132,4550000,61.5151,41.0598,-68.6414
528280,4550000,59.4299,41.0599,-68.6634
526428,4550000,61.2652,41.0599,-68.6855
524576,4550000,56.3571,41.06,-68.7075
522724,4550000,64.589,41.0601,-68.7296
520872,4550000,66.2788,41.0601,-68.7516
519020,4550000,65.6283,41.0602,-68.7736
517168,4550000,59.6675,41.0602,-68.7957
515316,4550000,58.3641,41.0602,-68.8177
513464,4550000,67.7584,41.0603,-68.8398
511612,4550000,68.8449,41.0603,-68.8618
509760,4550000,68.67,41.0603,-68.8838
507908,4550000,71.9202,41.0603,-68.9059
530132,4550000,60.8358,41.0765,-68.6413
528280,4550000,60.8389,41.0766,-68.6634
526428,4550000,63.2341,41.0766,-68.6854
524576,4550000,64.5992,41.0767,-68.7074
522724,4550000,67.5854,41.0767,-68.7295
520872,4550000,65.7395,41.0768,-68.7515
519020,4550000,65.1599,41.0768,-68.7736
517168,4550000,63.3497,41.0769,-68.7956
515316,4550000,60.8794,41.0769,-68.8177
513464,4550000,68.3495,41.0769,-68.8397
511612,4550000,70.3312,41.077,-68.8618
509760,4550000,69.0035,41.077,-68.8838
531984,4550000,56.559,41.0931,-68.6192
530132,4550000,60.8313,41.0932,-68.6412
528280,4550000,65.5871,41.0933,-68.6633
526428,4550000,65.0621,41.0933,-68.6853
524576,4550000,64.108,41.0934,-68.7074
522724,4550000,59.777,41.0934,-68.7294
520872,4550000,66.9647,41.0935,-68.7515
519020,4550000,67.9952,41.0935,-68.7735
517168,4550000,61.9093,41.0936,-68.7956
515316,4550000,63.7431,41.0936,-68.8176
513464,4550000,70.0899,41.0936,-68.8397
511612,4550000,74.1447,41.0937,-68.8617
533836,4550000,56.5536,41.1097,-68.597
531984,4550000,53.7708,41.1098,-68.6191
530132,4550000,62.3515,41.1099,-68.6411
528280,4550000,64.5605,41.1099,-68.6632
526428,4550000,62.9784,41.11,-68.6852
524576,4550000,59.0264,41.1101,-68.7073
522724,4550000,59.3822,41.1101,-68.7294
520872,4550000,69.1365,41.1102,-68.7514
519020,4550000,69.011,41.1102,-68.7735
517168,4550000,67.6157,41.1102,-68.7955
515316,4550000,68.3533,41.1103,-68.8176
513464,4550000,72.3442,41.1103,-68.8396
533836,4550000,57.6811,41.1264,-68.5969
531984,4550000,55.2951,41.1265,-68.619
530132,4550000,66.4648,41.1266,-68.641
528280,4550000,65.1981,41.1266,-68.6631
526428,4550000,62.2314,41.1267,-68.6852
524576,4550000,60.8994,41.1267,-68.7072
522724,4550000,61.6006,41.1268,-68.7293
520872,4550000,68.3282,41.1268,-68.7514
519020,4550000,73.407,41.1269,-68.7734
517168,4550000,70.2216,41.1269,-68.7955
515316,4550000,73.3868,41.127,-68.8175
535688,4550000,56.2141,41.143,-68.5747
533836,4550000,59.0689,41.1431,-68.5968
531984,4550000,60.8413,41.1432,-68.6189
530132,4550000,60.9319,41.1432,-68.6409
528280,4550000,62.3857,41.1433,-68.663
526428,4550000,62.3448,41.1434,-68.6851
524576,4550000,61.926,41.1434,-68.7072
522724,4550000,59.6479,41.1435,-68.7292
520872,4550000,69.4855,41.1435,-68.7513
519020,4550000,74.9918,41.1436,-68.7734
517168,4550000,76.298,41.1436,-68.7954
537540,4560000,54.6164,41.1596,-68.5526
535688,4560000,58.3475,41.1597,-68.5746
533836,4560000,60.2053,41.1598,-68.5967
531984,4560000,58.4558,41.1598,-68.6188
530132,4560000,58.983,41.1599,-68.6409
528280,4560000,60.6935,41.16,-68.6629
526428,4560000,64.4462,41.16,-68.685
524576,4560000,64.328,41.1601,-68.7071
522724,4560000,58.5569,41.1602,-68.7292
520872,4560000,64.8064,41.1602,-68.7512
519020,4560000,74.9831,41.1603,-68.7733
517168,4560000,77.7502,41.1603,-68.7954
539392,4560000,58.3769,41.1762,-68.5304
537540,4560000,61.1801,41.1763,-68.5524
535688,4560000,60.616,41.1764,-68.5745
533836,4560000,58.5308,41.1765,-68.5966
531984,4560000,59.2068,41.1765,-68.6187
530132,4560000,59.0659,41.1766,-68.6408
528280,4560000,58.3497,41.1767,-68.6628
526428,4560000,63.0103,41.1767,-68.6849
524576,4560000,64.6122,41.1768,-68.707
522724,4560000,65.5957,41.1768,-68.7291
520872,4560000,64.1716,41.1769,-68.7512
519020,4560000,75.5118,41.1769,-68.7732
539392,4560000,56.2296,41.1929,-68.5302
537540,4560000,61.2008,41.193,-68.5523
535688,4560000,59.3858,41.1931,-68.5744
533836,4560000,59.5235,41.1931,-68.5965
531984,4560000,59.1177,41.1932,-68.6186
530132,4560000,61.5368,41.1933,-68.6407
528280,4560000,53.7836,41.1933,-68.6628
526428,4560000,62.8542,41.1934,-68.6848
524576,4560000,65.1325,41.1935,-68.7069
522724,4560000,65.0627,41.1935,-68.729
520872,4560000,68.3346,41.1936,-68.7511
519020,4560000,69.742,41.1936,-68.7732
539392,4560000,58.6216,41.2096,-68.5301
537540,4560000,59.0739,41.2097,-68.5522
535688,4560000,56.7082,41.2097,-68.5743
533836,4560000,60.9673,41.2098,-68.5964
531984,4560000,60.8766,41.2099,-68.6185
530132,4560000,60.8838,41.21,-68.6406
528280,4560000,61.9774,41.21,-68.6627
526428,4560000,63.5805,41.2101,-68.6848
524576,4560000,64.7572,41.2101,-68.7069
522724,4560000,67.2743,41.2102,-68.7289
520872,4560000,66.7868,41.2103,-68.751
539392,4560000,60.8105,41.2262,-68.53
537540,4560000,61.5306,41.2263,-68.5521
535688,4560000,60.416,41.2264,-68.5742
533836,4560000,61.8699,41.2265,-68.5963
531984,4560000,60.1784,41.2266,-68.6184
530132,4560000,60.4288,41.2266,-68.6405
528280,4560000,62.2598,41.2267,-68.6626
526428,4560000,61.3161,41.2268,-68.6847
524576,4560000,64.6595,41.2268,-68.7068
522724,4560000,65.1242,41.2269,-68.7289
520872,4560000,70.4313,41.2269,-68.751
541244,4570000,54.353,41.2428,-68.5078
539392,4570000,61.8097,41.2429,-68.5299
537540,4570000,61.9673,41.243,-68.552
535688,4570000,58.9838,41.2431,-68.5741
533836,4570000,60.6874,41.2432,-68.5962
531984,4570000,59.5238,41.2433,-68.6183
530132,4570000,62.4413,41.2433,-68.6404
528280,4570000,62.7248,41.2434,-68.6625
526428,4570000,62.906,41.2435,-68.6846
524576,4570000,67.0837,41.2435,-68.7067
522724,4570000,68.7124,41.2436,-68.7288
520872,4570000,73.1968,41.2436,-68.7509
541244,4570000,53.5257,41.2595,-68.5077
539392,4570000,57.8203,41.2596,-68.5298
537540,4570000,60.8864,41.2597,-68.5519
535688,4570000,60.9671,41.2598,-68.574
533836,4570000,60.9585,41.2599,-68.5961
531984,4570000,63.0238,41.2599,-68.6182
530132,4570000,62.6313,41.26,-68.6403
528280,4570000,62.0993,41.2601,-68.6624
526428,4570000,65.8807,41.2601,-68.6845
524576,4570000,70.5975,41.2602,-68.7066
522724,4570000,73.8345,41.2603,-68.7287
543096,4570000,56.0763,41.2761,-68.4854
541244,4570000,55.2428,41.2762,-68.5075
539392,4570000,57.8674,41.2763,-68.5297
537540,4570000,60.9063,41.2764,-68.5518
535688,4570000,60.9265,41.2765,-68.5739
533836,4570000,65.7848,41.2765,-68.596
531984,4570000,62.9231,41.2766,-68.6181
530132,4570000,63.1162,41.2767,-68.6402
528280,4570000,66.7372,41.2768,-68.6623
526428,4570000,70.4201,41.2768,-68.6844
524576,4570000,74.0145,41.2769,-68.7066
544948,4570000,57.5277,41.2927,-68.4632
543096,4570000,58.2732,41.2928,-68.4853
541244,4570000,58.9543,41.2929,-68.5074
539392,4570000,60.015,41.293,-68.5295
537540,4570000,60.0932,41.2931,-68.5516
535688,4570000,62.6943,41.2931,-68.5738
533836,4570000,66.8752,41.2932,-68.5959
531984,4570000,67.9449,41.2933,-68.618
530132,4570000,67.2333,41.2934,-68.6401
528280,4570000,70.5827,41.2934,-68.6622
548652,4570000,56.2378,41.3092,-68.4188
546800,4570000,59.1787,41.3093,-68.4409
544948,4570000,59.6545,41.3094,-68.463
543096,4570000,61.1216,41.3095,-68.4852
541244,4570000,60.6153,41.3096,-68.5073
539392,4570000,62.2623,41.3097,-68.5294
537540,4570000,63.2949,41.3097,-68.5515
535688,4570000,64.7319,41.3098,-68.5737
533836,4570000,68.4717,41.3099,-68.5958
531984,4570000,70.7571,41.31,-68.6179
530132,4570000,70.6543,41.3101,-68.64
550504,4580000,57.3166,41.3257,-68.3965
548652,4580000,57.2363,41.3258,-68.4186
546800,4580000,61.0766,41.3259,-68.4408
544948,4580000,64.0276,41.326,-68.4629
543096,4580000,64.2132,41.3261,-68.485
541244,4580000,64.0788,41.3262,-68.5072
539392,4580000,64.6349,41.3263,-68.5293
537540,4580000,67.1858,41.3264,-68.5514
535688,4580000,66.9833,41.3265,-68.5736
533836,4580000,69.3196,41.3266,-68.5957
554208,4580000,58.7493,41.3422,-68.3521
552356,4580000,58.2271,41.3423,-68.3742
550504,4580000,59.7299,41.3424,-68.3964
548652,4580000,61.5322,41.3425,-68.4185
546800,4580000,64.194,41.3426,-68.4406
544948,4580000,69.4836,41.3427,-68.4628
543096,4580000,66.9432,41.3428,-68.4849
541244,4580000,66.3085,41.3429,-68.507
539392,4580000,68.2657,41.343,-68.5292
537540,4580000,70.6123,41.3431,-68.5513
554208,4580000,59.5237,41.3588,-68.3519
552356,4580000,60.0906,41.359,-68.3741
550504,4580000,61.6447,41.3591,-68.3962
548652,4580000,64.2728,41.3592,-68.4183
546800,4580000,68.0029,41.3593,-68.4405
544948,4580000,72.6257,41.3594,-68.4626
543096,4580000,71.6804,41.3595,-68.4848
541244,4580000,69.3845,41.3596,-68.5069
539392,4580000,72.8603,41.3597,-68.5291
554208,4580000,60.3262,41.3755,-68.3518
552356,4580000,61.0963,41.3756,-68.3739
550504,4580000,63.3578,41.3758,-68.3961
548652,4580000,66.2969,41.3759,-68.4182
546800,4580000,70.6939,41.376,-68.4403
544948,4580000,73.9879,41.3761,-68.4625
543096,4580000,76.3281,41.3762,-68.4846
554208,4580000,61.1479,41.3922,-68.3516
552356,4580000,62.815,41.3923,-68.3737
550504,4580000,64.9108,41.3924,-68.3959
548652,4580000,67.015,41.3926,-68.418
546800,4580000,69.3765,41.3927,-68.4402
544948,4580000,73.0161,41.3928,-68.4624
554208,4580000,59.0061,41.4089,-68.3514
552356,4580000,61.7565,41.409,-68.3736
550504,4580000,63.802,41.4091,-68.3957
548652,4580000,65.3071,41.4092,-68.4179
546800,4580000,69.5609,41.4093,-68.4401
554208,4590000,55.005,41.4256,-68.3513
552356,4590000,59.217,41.4257,-68.3734
550504,4590000,63.875,41.4258,-68.3956
548652,4590000,68.2038,41.4259,-68.4178
554208,4590000,54.0916,41.4422,-68.3511
552356,4590000,61.4758,41.4424,-68.3733
550504,4590000,64.2565,41.4425,-68.3954
548652,4590000,69.1923,41.4426,-68.4176
554208,4590000,54.1602,41.4589,-68.3509
552356,4590000,59.9982,41.459,-68.3731
550504,4590000,64.2986,41.4592,-68.3953
548652,4590000,68.3952,41.4593,-68.4175
552356,4590000,54.1834,41.4757,-68.3729
550504,4590000,62.6563,41.4758,-68.3951
548652,4590000,69.1823,41.476,-68.4173
550504,4590000,51.3023,41.4925,-68.395
548652,4590000,69.2061,41.4926,-68.4172
548652,4600000,52.9459,41.5093,-68.417
546800,4600000,75.1284,41.5094,-68.4392
546800,4600000,65.4297,41.5261,-68.4391
546800,4600000,54.9403,41.5428,-68.4389
546800,4600000,55.7264,41.5595,-68.4388
546800,4600000,56.6634,41.5762,-68.4386
546800,4600000,57.3251,41.5928,-68.4385
546800,4610000,62.6282,41.6095,-68.4383
546800,4610000,62.568,41.6262,-68.4382
515316,4480000,73.424,40.4596,-68.8194
513464,4480000,75.3673,40.4596,-68.8412
519020,4480000,73.6267,40.4762,-68.7756
517168,4480000,71.5297,40.4763,-68.7975
515316,4480000,71.3148,40.4763,-68.8193
513464,4480000,73.4814,40.4763,-68.8412
522724,4480000,74.8478,40.4928,-68.7319
520872,4480000,72.0503,40.4929,-68.7537
519020,4480000,71.3125,40.4929,-68.7756
517168,4480000,69.7372,40.4929,-68.7974
515316,4480000,69.8923,40.493,-68.8193
513464,4480000,69.8388,40.493,-68.8411
526428,4480000,69.5177,40.5094,-68.6881
524576,4480000,69.4972,40.5094,-68.7099
522724,4480000,71.7026,40.5095,-68.7318
520872,4480000,70.9915,40.5095,-68.7536
519020,4480000,69.9299,40.5096,-68.7755
517168,4480000,69.107,40.5096,-68.7974
515316,4480000,68.2449,40.5097,-68.8192
513464,4480000,70.169,40.5097,-68.8411
530132,4490000,72.1075,40.5259,-68.6443
528280,4490000,69.786,40.526,-68.6661
526428,4490000,68.0726,40.5261,-68.688
524576,4490000,67.917,40.5261,-68.7099
522724,4490000,69.4381,40.5262,-68.7317
520872,4490000,69.1488,40.5262,-68.7536
519020,4490000,68.5326,40.5263,-68.7755
517168,4490000,67.3565,40.5263,-68.7973
515316,4490000,66.5962,40.5264,-68.8192
513464,4490000,69.7911,40.5264,-68.841
531984,4490000,70.9991,40.5426,-68.6223
530132,4490000,70.3295,40.5426,-68.6442
528280,4490000,68.2634,40.5427,-68.666
526428,4490000,66.4091,40.5428,-68.6879
524576,4490000,65.9885,40.5428,-68.7098
522724,4490000,67.7745,40.5429,-68.7317
520872,4490000,67.7772,40.5429,-68.7535
519020,4490000,66.3513,40.543,-68.7754
517168,4490000,66.7726,40.543,-68.7973
515316,4490000,65.6077,40.543,-68.8191
513464,4490000,67.8633,40.5431,-68.841
535688,4490000,71.3503,40.5591,-68.5785
533836,4490000,69.4072,40.5592,-68.6003
531984,4490000,68.3219,40.5592,-68.6222
530132,4490000,68.4907,40.5593,-68.6441
528280,4490000,65.2385,40.5594,-68.666
526428,4490000,65.5884,40.5594,-68.6878
524576,4490000,65.4205,40.5595,-68.7097
522724,4490000,67.0906,40.5596,-68.7316
520872,4490000,66.2038,40.5596,-68.7535
519020,4490000,65.6362,40.5596,-68.7753
517168,4490000,64.8468,40.5597,-68.7972
515316,4490000,65.4509,40.5597,-68.8191
513464,4490000,67.276,40.5598,-68.841
537540,4490000,69.671,40.5757,-68.5565
535688,4490000,69.1623,40.5758,-68.5784
533836,4490000,68.3362,40.5759,-68.6002
531984,4490000,66.7718,40.5759,-68.6221
530132,4490000,66.3965,40.576,-68.644
528280,4490000,64.212,40.5761,-68.6659
526428,4490000,63.7864,40.5761,-68.6878
524576,4490000,65.6206,40.5762,-68.7096
522724,4490000,66.1696,40.5762,-68.7315
520872,4490000,65.078,40.5763,-68.7534
519020,4490000,64.1286,40.5763,-68.7753
517168,4490000,62.9797,40.5764,-68.7972
515316,4490000,66.3049,40.5764,-68.819
513464,4490000,64.0843,40.5764,-68.8409
511612,4490000,64.1938,40.5765,-68.8628
541244,4490000,70.926,40.5922,-68.5126
539392,4490000,68.8471,40.5923,-68.5345
537540,4490000,67.7128,40.5924,-68.5564
535688,4490000,66.5107,40.5925,-68.5782
533836,4490000,66.7968,40.5925,-68.6001
531984,4490000,64.8191,40.5926,-68.622
530132,4490000,64.6435,40.5927,-68.6439
528280,4490000,62.4895,40.5927,-68.6658
526428,4490000,61.4396,40.5928,-68.6877
524576,4490000,62.5013,40.5929,-68.7096
522724,4490000,63.4027,40.5929,-68.7315
520872,4490000,63.6439,40.593,-68.7533
519020,4490000,61.8231,40.593,-68.7752
517168,4490000,64.1043,40.5931,-68.7971
515316,4490000,63.2959,40.5931,-68.819
513464,4490000,66.3841,40.5931,-68.8409
511612,4490000,63.857,40.5932,-68.8628
541244,4500000,68.0446,40.6089,-68.5125
539392,4500000,66.582,40.609,-68.5344
537540,4500000,65.8282,40.6091,-68.5563
535688,4500000,64.9987,40.6091,-68.5781
533836,4500000,64.0972,40.6092,-68.6
531984,4500000,61.9262,40.6093,-68.6219
530132,4500000,61.0166,40.6094,-68.6438
528280,4500000,61.0414,40.6094,-68.6657
526428,4500000,59.1157,40.6095,-68.6876
524576,4500000,60.7704,40.6096,-68.7095
522724,4500000,61.2368,40.6096,-68.7314
520872,4500000,63.6332,40.6097,-68.7533
519020,4500000,64.3846,40.6097,-68.7752
517168,4500000,63.2637,40.6097,-68.7971
515316,4500000,64.6026,40.6098,-68.819
513464,4500000,65.8791,40.6098,-68.8408
511612,4500000,63.8376,40.6098,-68.8627
541244,4500000,65.2238,40.6256,-68.5123
539392,4500000,64.2849,40.6257,-68.5342
537540,4500000,62.2818,40.6257,-68.5561
535688,4500000,61.1143,40.6258,-68.578
533836,4500000,61.2952,40.6259,-68.5999
531984,4500000,60.7088,40.626,-68.6218
530132,4500000,60.8785,40.6261,-68.6437
528280,4500000,60.0778,40.6261,-68.6656
526428,4500000,58.5963,40.6262,-68.6875
524576,4500000,61.7535,40.6262,-68.7094
522724,4500000,60.9467,40.6263,-68.7313
520872,4500000,61.6302,40.6263,-68.7532
519020,4500000,62.375,40.6264,-68.7751
517168,4500000,62.1575,40.6264,-68.797
515316,4500000,68.0318,40.6265,-68.8189
513464,4500000,63.501,40.6265,-68.8408
511612,4500000,62.9216,40.6265,-68.8627
541244,4500000,63.5763,40.6423,-68.5122
539392,4500000,62.7478,40.6423,-68.5341
537540,4500000,59.8412,40.6424,-68.556
535688,4500000,58.7291,40.6425,-68.5779
533836,4500000,60.353,40.6426,-68.5998
531984,4500000,61.8277,40.6427,-68.6217
530132,4500000,61.6914,40.6427,-68.6436
528280,4500000,58.456,40.6428,-68.6655
526428,4500000,58.4964,40.6429,-68.6874
524576,4500000,60.3692,40.6429,-68.7094
522724,4500000,63.0042,40.643,-68.7313
520872,4500000,61.9318,40.643,-68.7532
519020,4500000,61.6002,40.6431,-68.7751
517168,4500000,62.1852,40.6431,-68.797
515316,4500000,65.6435,40.6431,-68.8189
513464,4500000,63.0088,40.6432,-68.8408
511612,4500000,62.5902,40.6432,-68.8627
541244,4500000,62.0081,40.6589,-68.5121
533836,4500000,60.414,40.6593,-68.5997
531984,4500000,59.887,40.6594,-68.6216
530132,4500000,61.1395,40.6594,-68.6436
528280,4500000,60.1258,40.6595,-68.6655
526428,4500000,62.7038,40.6595,-68.6874
524576,4500000,60.2804,40.6596,-68.7093
522724,4500000,61.7086,40.6597,-68.7312
520872,4500000,62.1247,40.6597,-68.7531
519020,4500000,61.4757,40.6598,-68.775
517168,4500000,62.9666,40.6598,-68.7969
515316,4500000,64.734,40.6598,-68.8188
513464,4500000,62.6179,40.6599,-68.8407
511612,4500000,63.2284,40.6599,-68.8626
541244,4500000,59.5788,40.6756,-68.512
531984,4500000,58.7127,40.676,-68.6216
530132,4500000,62.5154,40.6761,-68.6435
528280,4500000,61.0873,40.6762,-68.6654
526428,4500000,62.1569,40.6762,-68.6873
524576,4500000,62.4722,40.6763,-68.7092
522724,4500000,63.2145,40.6763,-68.7311
520872,4500000,62.0802,40.6764,-68.753
519020,4500000,62.4822,40.6764,-68.7749
517168,4500000,63.8664,40.6765,-68.7969
515316,4500000,64.3937,40.6765,-68.8188
513464,4500000,61.4353,40.6765,-68.8407
511612,4500000,65.4268,40.6766,-68.8626
531984,4500000,58.395,40.6927,-68.6215
530132,4500000,60.0628,40.6928,-68.6434
528280,4500000,61.2869,40.6929,-68.6653
526428,4500000,61.5132,40.6929,-68.6872
524576,4500000,63.0343,40.693,-68.7091
522724,4500000,63.7968,40.693,-68.7311
520872,4500000,62.7097,40.6931,-68.753
519020,4500000,62.4804,40.6931,-68.7749
517168,4500000,64.4089,40.6932,-68.7968
515316,4500000,63.809,40.6932,-68.8187
513464,4500000,62.1077,40.6932,-68.8406
511612,4500000,64.5056,40.6933,-68.8626
531984,4510000,59.9253,40.7094,-68.6214
530132,4510000,62.5018,40.7095,-68.6433
528280,4510000,60.2431,40.7095,-68.6652
526428,4510000,60.0219,40.7096,-68.6871
524576,4510000,62.9483,40.7097,-68.7091
522724,4510000,67.8235,40.7097,-68.731
520872,4510000,61.8382,40.7098,-68.7529
519020,4510000,61.9103,40.7098,-68.7748
517168,4510000,65.503,40.7098,-68.7968
515316,4510000,65.834,40.7099,-68.8187
513464,4510000,62.0913,40.7099,-68.8406
511612,4510000,62.2765,40.7099,-68.8625
531984,4510000,60.7315,40.7261,-68.6213
530132,4510000,58.8023,40.7262,-68.6432
528280,4510000,58.66,40.7262,-68.6651
526428,4510000,62.7144,40.7263,-68.6871
524576,4510000,64.5407,40.7263,-68.709
522724,4510000,67.1327,40.7264,-68.7309
520872,4510000,64.25,40.7264,-68.7528
519020,4510000,62.5025,40.7265,-68.7748
517168,4510000,64.6686,40.7265,-68.7967
515316,4510000,66.3211,40.7266,-68.8186
513464,4510000,63.3991,40.7266,-68.8406
511612,4510000,62.0127,40.7266,-68.8625
509760,4510000,63.6857,40.7266,-68.8844
530132,4510000,59.1852,40.7428,-68.6431
528280,4510000,59.8332,40.7429,-68.665
526428,4510000,58.7529,40.743,-68.687
524576,4510000,63.5399,40.743,-68.7089
522724,4510000,64.7805,40.7431,-68.7309
520872,4510000,66.3652,40.7431,-68.7528
519020,4510000,63.4979,40.7432,-68.7747
517168,4510000,61.5782,40.7432,-68.7967
515316,4510000,67.849,40.7432,-68.8186
513464,4510000,63.6646,40.7433,-68.8405
511612,4510000,59.2449,40.7433,-68.8625
509760,4510000,64.0556,40.7433,-68.8844
530132,4510000,57.4313,40.7595,-68.643
528280,4510000,60.5963,40.7596,-68.665
526428,4510000,63.277,40.7597,-68.6869
524576,4510000,64.3806,40.7597,-68.7088
522724,4510000,65.367,40.7598,-68.7308
520872,4510000,65.8436,40.7598,-68.7527
519020,4510000,64.098,40.7599,-68.7747
517168,4510000,64.2873,40.7599,-68.7966
515316,4510000,65.4203,40.7599,-68.8185
513464,4510000,64.8189,40.76,-68.8405
511612,4510000,62.8494,40.76,-68.8624
509760,4510000,66.0563,40.76,-68.8844
530132,4510000,56.7253,40.7762,-68.6429
528280,4510000,60.615,40.7763,-68.6649
526428,4510000,63.003,40.7763,-68.6868
524576,4510000,64.1201,40.7764,-68.7088
522724,4510000,64.2862,40.7764,-68.7307
520872,4510000,64.8855,40.7765,-68.7527
519020,4510000,65.5274,40.7765,-68.7746
517168,4510000,64.3497,40.7766,-68.7966
515316,4510000,65.7339,40.7766,-68.8185
513464,4510000,66.4713,40.7766,-68.8405
511612,4510000,63.8599,40.7767,-68.8624
509760,4510000,64.388,40.7767,-68.8843
530132,4520000,55.1675,40.7929,-68.6428
528280,4520000,57.4419,40.793,-68.6648
526428,4520000,62.2691,40.793,-68.6867
524576,4520000,60.1917,40.7931,-68.7087
522724,4520000,61.9273,40.7931,-68.7306
520872,4520000,62.4866,40.7932,-68.7526
519020,4520000,64.219,40.7932,-68.7746
517168,4520000,64.3997,40.7933,-68.7965
515316,4520000,65.9958,40.7933,-68.8185
513464,4520000,65.3819,40.7933,-68.8404
511612,4520000,64.7811,40.7934,-68.8624
509760,4520000,66.1904,40.7934,-68.8843
528280,4520000,59.1657,40.8096,-68.6647
526428,4520000,58.3866,40.8097,-68.6867
524576,4520000,63.8747,40.8098,-68.7086
522724,4520000,64.8717,40.8098,-68.7306
520872,4520000,63.3337,40.8099,-68.7525
519020,4520000,64.3157,40.8099,-68.7745
517168,4520000,65.5108,40.8099,-68.7965
515316,4520000,67.54,40.81,-68.8184
513464,4520000,65.4198,40.81,-68.8404
511612,4520000,65.0072,40.81,-68.8623
509760,4520000,67.2347,40.8101,-68.8843
528280,4520000,58.2477,40.8263,-68.6646
526428,4520000,59.6618,40.8264,-68.6866
524576,4520000,60.4783,40.8264,-68.7086
522724,4520000,64.9562,40.8265,-68.7305
520872,4520000,65.6259,40.8265,-68.7525
519020,4520000,61.4777,40.8266,-68.7744
517168,4520000,67.7589,40.8266,-68.7964
515316,4520000,70.268,40.8267,-68.8184
513464,4520000,65.7828,40.8267,-68.8403
511612,4520000,64.269,40.8267,-68.8623
509760,4520000,67.8361,40.8268,-68.8843
526428,4520000,57.2985,40.8431,-68.6865
524576,4520000,60.3033,40.8431,-68.7085
522724,4520000,65.4572,40.8432,-68.7304
520872,4520000,68.2689,40.8432,-68.7524
519020,4520000,60.1143,40.8433,-68.7744
517168,4520000,66.2254,40.8433,-68.7964
515316,4520000,69.4705,40.8434,-68.8183
513464,4520000,69.1361,40.8434,-68.8403
511612,4520000,64.1883,40.8434,-68.8623
509760,4520000,66.843,40.8434,-68.8842
526428,4520000,63.1527,40.8598,-68.6864
524576,4520000,58.148,40.8598,-68.7084
522724,4520000,64.7732,40.8599,-68.7304
520872,4520000,67.1696,40.8599,-68.7524
519020,4520000,61.7992,40.86,-68.7743
517168,4520000,63.964,40.86,-68.7963
515316,4520000,69.3807,40.86,-68.8183
513464,4520000,69.2252,40.8601,-68.8403
511612,4520000,65.2756,40.8601,-68.8622
509760,4520000,69.9447,40.8601,-68.8842
526428,4530000,62.4953,40.8764,-68.6864
524576,4530000,63.1771,40.8765,-68.7083
522724,4530000,61.4617,40.8765,-68.7303
520872,4530000,68.1043,40.8766,-68.7523
519020,4530000,63.1235,40.8766,-68.7743
517168,4530000,66.0542,40.8767,-68.7963
515316,4530000,72.3076,40.8767,-68.8182
513464,4530000,68.4862,40.8768,-68.8402
511612,4530000,67.0634,40.8768,-68.8622
509760,4530000,70.4441,40.8768,-68.8842
507908,4530000,67.1755,40.8768,-68.9062
526428,4530000,63.0149,40.8931,-68.6863
524576,4530000,65.6949,40.8932,-68.7083
522724,4530000,64.8936,40.8932,-68.7302
520872,4530000,67.808,40.8933,-68.7522
519020,4530000,69.761,40.8933,-68.7742
517168,4530000,70.2249,40.8934,-68.7962
515316,4530000,72.2185,40.8934,-68.8182
513464,4530000,71.3821,40.8934,-68.8402
511612,4530000,67.0062,40.8935,-68.8622
509760,4530000,70.2344,40.8935,-68.8841
507908,4530000,69.6423,40.8935,-68.9061
526428,4530000,63.5463,40.9098,-68.6862
524576,4530000,64.7916,40.9099,-68.7082
522724,4530000,63.1411,40.9099,-68.7302
520872,4530000,71.2662,40.91,-68.7522
519020,4530000,65.5438,40.91,-68.7742
517168,4530000,69.1996,40.91,-68.7961
515316,4530000,72.3809,40.9101,-68.8181
513464,4530000,67.8879,40.9101,-68.8401
511612,4530000,67.0336,40.9101,-68.8621
509760,4530000,70.2154,40.9102,-68.8841
507908,4530000,75.7187,40.9102,-68.9061
526428,4530000,51.6905,40.9265,-68.6861
524576,4530000,65.2866,40.9265,-68.7081
522724,4530000,61.1427,40.9266,-68.7301
520872,4530000,65.5402,40.9266,-68.7521
519020,4530000,67.2433,40.9267,-68.7741
517168,4530000,75.484,40.9267,-68.7961
515316,4530000,72.5776,40.9268,-68.8181
513464,4530000,72.3135,40.9268,-68.8401
511612,4530000,70.0837,40.9268,-68.8621
509760,4530000,70.1329,40.9269,-68.8841
507908,4530000,74.388,40.9269,-68.9061
528280,4530000,59.7881,40.9431,-68.664
526428,4530000,59.4437,40.9432,-68.686
524576,4530000,67.5494,40.9432,-68.708
522724,4530000,69.7797,40.9433,-68.73
520872,4530000,63.3169,40.9433,-68.752
519020,4530000,66.7071,40.9434,-68.774
517168,4530000,73.3709,40.9434,-68.796
515316,4530000,67.0461,40.9435,-68.818
513464,4530000,69.4275,40.9435,-68.8401
511612,4530000,70.1628,40.9435,-68.8621
509760,4530000,74.9082,40.9435,-68.8841
507908,4530000,69.0864,40.9436,-68.9061
528280,4530000,60.6326,40.9598,-68.6639
526428,4530000,43.9778,40.9599,-68.686
524576,4530000,61.7412,40.9599,-68.708
522724,4530000,66.898,40.96,-68.73
520872,4530000,64.9506,40.96,-68.752
519020,4530000,63.4686,40.9601,-68.774
517168,4530000,65.9594,40.9601,-68.796
515316,4530000,75.092,40.9601,-68.818
513464,4530000,72.5141,40.9602,-68.84
511612,4530000,67.8401,40.9602,-68.862
509760,4530000,68.5941,40.9602,-68.884
507908,4530000,73.0266,40.9602,-68.906
528280,4540000,58.408,40.9765,-68.6639
526428,4540000,66.7003,40.9765,-68.6859
524576,4540000,60.353,40.9766,-68.7079
522724,4540000,60.1331,40.9766,-68.7299
520872,4540000,71.939,40.9767,-68.7519
519020,4540000,57.7612,40.9767,-68.7739
517168,4540000,66.5236,40.9768,-68.7959
515316,4540000,76.0201,40.9768,-68.818
513464,4540000,70.2434,40.9768,-68.84
511612,4540000,70.8087,40.9769,-68.862
509760,4540000,66.8145,40.9769,-68.884
507908,4540000,73.8428,40.9769,-68.906
528280,4540000,57.977,40.9932,-68.6638
526428,4540000,67.0751,40.9932,-68.6858
524576,4540000,60.9417,40.9933,-68.7078
522724,4540000,65.0865,40.9933,-68.7298
520872,4540000,71.5357,40.9934,-68.7519
519020,4540000,62.1355,40.9934,-68.7739
517168,4540000,59.9577,40.9935,-68.7959
515316,4540000,67.3883,40.9935,-68.8179
513464,4540000,65.4822,40.9935,-68.8399
511612,4540000,68.8153,40.9936,-68.8619
509760,4540000,69.9244,40.9936,-68.884
507908,4540000,75.4401,40.9936,-68.906
550504,4610000,34.5644,41.676,-68.3933
548652,4610000,50.6288,41.6761,-68.4155
554208,4620000,55.8404,41.6925,-68.3486
552356,4620000,58.5192,41.6926,-68.3708
550504,4620000,63.8724,41.6927,-68.3931
557912,4620000,55.8368,41.7089,-68.3039
556060,4620000,60.9916,41.709,-68.3262
554208,4620000,64.8271,41.7091,-68.3484
559764,4620000,55.7991,41.7254,-68.2815
557912,4620000,62.8089,41.7256,-68.3037
565320,4620000,52.7789,41.7417,-68.2145
563468,4620000,54.0496,41.7418,-68.2367
561616,4620000,58.6041,41.742,-68.259
569024,4620000,55.0701,41.758,-68.1697
567172,4620000,58.1397,41.7582,-68.192
565320,4620000,63.8765,41.7583,-68.2143
563468,4620000,65.9449,41.7585,-68.2365
572728,4630000,45.7308,41.7744,-68.1249
570876,4630000,54.2119,41.7745,-68.1472
569024,4630000,63.5152,41.7747,-68.1695
567172,4630000,66.0525,41.7749,-68.1918
565320,4630000,72.1257,41.775,-68.2141
574580,4630000,54.4531,41.7909,-68.1024
572728,4630000,58.5507,41.7911,-68.1247
570876,4630000,65.9672,41.7912,-68.147
569024,4630000,72.4088,41.7914,-68.1693
578284,4630000,55.1145,41.8072,-68.0576
576432,4630000,59.3296,41.8074,-68.0799
574580,4630000,64.8251,41.8076,-68.1022
572728,4630000,69.0843,41.8077,-68.1245
585692,4630000,50.9521,41.8231,-67.9682
583840,4630000,51.8801,41.8233,-67.9905
581988,4630000,55.681,41.8235,-68.0128
580136,4630000,60.0785,41.8237,-68.035
578284,4630000,64.8702,41.8239,-68.0573
576432,4630000,69.5252,41.8241,-68.0796
587544,4630000,51.7226,41.8396,-67.9456
585692,4630000,56.4488,41.8398,-67.9679
583840,4630000,59.7928,41.84,-67.9902
581988,4630000,64.6013,41.8402,-68.0125
580136,4630000,67.4083,41.8404,-68.0348
589396,4630000,55.9589,41.8561,-67.923
587544,4630000,58.7042,41.8563,-67.9453
585692,4630000,62.1983,41.8565,-67.9676
583840,4630000,66.7832,41.8567,-67.9899
591248,4640000,51.2576,41.8725,-67.9004
589396,4640000,58.0789,41.8727,-67.9227
587544,4640000,62.3269,41.8729,-67.945
585692,4640000,70.519,41.8731,-67.9674
593100,4640000,50.7943,41.889,-67.8778
591248,4640000,54.0912,41.8892,-67.9001
589396,4640000,64.5428,41.8894,-67.9224
594952,4640000,54.4716,41.9054,-67.8552
593100,4640000,58.1313,41.9057,-67.8775
591248,4640000,63.5089,41.9059,-67.8998
596804,4640000,55.9408,41.9219,-67.8326
594952,4640000,58.8187,41.9221,-67.8549
596804,4640000,65.0816,41.9386,-67.8323
600508,4650000,62.1208,41.9548,-67.7873
598656,4650000,64.8055,41.955,-67.8096
602360,4650000,60.6799,41.9712,-67.7646
600508,4650000,67.9031,41.9715,-67.787
606064,4650000,54.4525,41.9874,-67.7196
604212,4650000,61.1841,41.9877,-67.7419
611620,4650000,53.2228,42.0033,-67.6522
609768,4650000,54.5409,42.0036,-67.6745
607916,4650000,61.0615,42.0038,-67.6969
606064,4650000,69.2306,42.0041,-67.7192
615324,4650000,55.3229,42.0195,-67.6071
613472,4650000,59.5435,42.0197,-67.6295
611620,4650000,68.5314,42.02,-67.6518
620880,4650000,51.7593,42.0353,-67.5396
619028,4650000,54.1546,42.0356,-67.562
617176,4650000,62.4123,42.0359,-67.5844
615324,4650000,67.4663,42.0361,-67.6067
624584,4660000,47.7939,42.0514,-67.4945
622732,4660000,57.7015,42.0517,-67.5169
620880,4660000,67.9238,42.052,-67.5392
628288,4660000,55.6296,42.0675,-67.4493
626436,4660000,63.3591,42.0678,-67.4717
631992,4660000,59.4104,42.0835,-67.4042
630140,4660000,62.7594,42.0838,-67.4266
657920,4660000,54.6213,42.0954,-67.0903
656068,4660000,52.042,42.0958,-67.1127
654216,4660000,52.3823,42.0962,-67.1351
652364,4660000,52.0615,42.0965,-67.1575
650512,4660000,56.7156,42.0969,-67.1799
648660,4660000,54.7556,42.0972,-67.2023
646808,4660000,52.6639,42.0976,-67.2247
644956,4660000,51.6106,42.0979,-67.247
643104,4660000,52.1932,42.0983,-67.2694
641252,4660000,54.1355,42.0986,-67.2918
639400,4660000,57.4184,42.0989,-67.3142
637548,4660000,58.2103,42.0993,-67.3366
635696,4660000,63.5812,42.0996,-67.359
633844,4660000,67.8869,42.0999,-67.3814
631992,4660000,74.6108,42.1002,-67.4038
656068,4660000,57.5928,42.1125,-67.1122
654216,4660000,59.3708,42.1128,-67.1346
652364,4660000,60.6206,42.1132,-67.157
650512,4660000,61.1125,42.1135,-67.1794
648660,4660000,59.7349,42.1139,-67.2018
646808,4660000,59.7145,42.1143,-67.2242
644956,4660000,59.0009,42.1146,-67.2466
643104,4660000,67.5855,42.1149,-67.269
641252,4660000,71.6059,42.1153,-67.2914
639400,4660000,72.7166,42.1156,-67.3138
552356,4620000,77.574,41.7093,-68.3707
550504,4620000,95.3473,41.7094,-68.3929
556060,4620000,69.1116,41.7257,-68.326
554208,4620000,75.7695,41.7258,-68.3483
552356,4620000,86.7886,41.7259,-68.3705
559764,4620000,66.6604,41.7421,-68.2813
557912,4620000,72.6047,41.7422,-68.3035
556060,4620000,79.6049,41.7424,-68.3258
554208,4620000,87.2807,41.7425,-68.3481
561616,4620000,71.4464,41.7586,-68.2588
559764,4620000,77.2525,41.7588,-68.2811
557912,4620000,84.6849,41.7589,-68.3034
556060,4620000,85.7454,41.759,-68.3256
563468,4630000,75.8407,41.7752,-68.2363
561616,4630000,85.1216,41.7753,-68.2586
559764,4630000,94.3733,41.7755,-68.2809
557912,4630000,104.382,41.7756,-68.3032
567172,4630000,80.7937,41.7915,-68.1916
565320,4630000,87.0502,41.7917,-68.2138
563468,4630000,93.8043,41.7918,-68.2361
561616,4630000,101.977,41.792,-68.2584
570876,4630000,76.5295,41.8079,-68.1468
569024,4630000,87.2973,41.8081,-68.1691
567172,4630000,94.8906,41.8082,-68.1913
565320,4630000,98.1252,41.8084,-68.2136
563468,4630000,104.575,41.8085,-68.2359
574580,4630000,71.8936,41.8242,-68.1019
572728,4630000,82.1,41.8244,-68.1242
570876,4630000,93.6845,41.8246,-68.1465
569024,4630000,102.689,41.8247,-68.1688
567172,4630000,106.945,41.8249,-68.1911
578284,4630000,74.642,41.8406,-68.0571
576432,4630000,81.5356,41.8407,-68.0794
574580,4630000,92.5579,41.8409,-68.1017
572728,4630000,102.966,41.8411,-68.124
570876,4630000,110.793,41.8413,-68.1463
581988,4630000,74.2308,41.8569,-68.0122
580136,4630000,82.9225,41.8571,-68.0345
578284,4630000,89.6234,41.8572,-68.0569
576432,4630000,104.217,41.8574,-68.0792
574580,4630000,120.954,41.8576,-68.1015
583840,4640000,78.9887,41.8733,-67.9897
581988,4640000,91.1038,41.8735,-68.012
580136,4640000,102.579,41.8737,-68.0343
578284,4640000,110.459,41.8739,-68.0566
587544,4640000,72.169,41.8896,-67.9448
585692,4640000,83.1525,41.8898,-67.9671
583840,4640000,92.3953,41.89,-67.9894
581988,4640000,102.986,41.8902,-68.0117
589396,4640000,72.7536,41.9061,-67.9222
587544,4640000,84.4841,41.9063,-67.9445
585692,4640000,91.8073,41.9065,-67.9668
593100,4640000,69.5933,41.9223,-67.8772
591248,4640000,78.5989,41.9226,-67.8996
589396,4640000,89.1947,41.9228,-67.9219
587544,4640000,100.321,41.923,-67.9442
594952,4640000,76.51,41.9388,-67.8546
593100,4640000,82.6493,41.939,-67.8769
591248,4640000,93.3952,41.9392,-67.8993
596804,4650000,78.3145,41.9553,-67.832
594952,4650000,88.6433,41.9555,-67.8543
593100,4650000,100.718,41.9557,-67.8766
598656,4650000,78.9683,41.9717,-67.8093
596804,4650000,91.4056,41.9719,-67.8316
594952,4650000,101.203,41.9722,-67.854
602360,4650000,71.5447,41.9879,-67.7643
600508,4650000,84.9416,41.9881,-67.7866
598656,4650000,93.2036,41.9884,-67.809
604212,4650000,77.4393,42.0043,-67.7416
602360,4650000,87.6799,42.0046,-67.764
600508,4650000,97.9845,42.0048,-67.7863
609768,4650000,75.2419,42.0203,-67.6742
607916,4650000,81.0733,42.0205,-67.6965
606064,4650000,93.4088,42.0208,-67.7189
604212,4650000,103.573,42.021,-67.7413
613472,4650000,79.1201,42.0364,-67.6291
611620,4650000,89.1468,42.0367,-67.6515
609768,4650000,96.5602,42.0369,-67.6738
607916,4650000,116.409,42.0372,-67.6962
619028,4660000,76.4966,42.0523,-67.5616
617176,4660000,82.8453,42.0525,-67.584
615324,4660000,89.5357,42.0528,-67.6064
613472,4660000,108.289,42.0531,-67.6287
624584,4660000,73.6755,42.0681,-67.4941
622732,4660000,82.2738,42.0684,-67.5165
620880,4660000,89.4857,42.0687,-67.5389
619028,4660000,98.2821,42.0689,-67.5612
617176,4660000,123.904,42.0692,-67.5836
628288,4660000,71.9441,42.0842,-67.4489
626436,4660000,77.0249,42.0845,-67.4713
624584,4660000,89.0501,42.0847,-67.4937
622732,4660000,108.832,42.085,-67.5161
620880,4660000,116.326,42.0853,-67.5385
630140,4660000,83.7488,42.1005,-67.4261
628288,4660000,93.0585,42.1008,-67.4485
626436,4660000,100.952,42.1011,-67.4709
624584,4660000,122.242,42.1014,-67.4933
637548,4660000,76.7008,42.1159,-67.3362
635696,4660000,80.6718,42.1163,-67.3585
633844,4660000,87.8809,42.1166,-67.3809
631992,4660000,97.3218,42.1169,-67.4033
630140,4660000,118.441,42.1172,-67.4257
654216,4670000,62.2844,42.1295,-67.1341
652364,4670000,69.3704,42.1299,-67.1565
650512,4670000,81.1273,42.1302,-67.1789
648660,4670000,84.5734,42.1306,-67.2013
646808,4670000,84.1084,42.1309,-67.2237
644956,4670000,88.3344,42.1313,-67.2461
643104,4670000,84.5141,42.1316,-67.2685
641252,4670000,85.437,42.1319,-67.2909
639400,4670000,91.4713,42.1323,-67.3133
637548,4670000,100.528,42.1326,-67.3357
635696,4670000,116.563,42.1329,-67.3581
654216,4670000,82.6002,42.1462,-67.1336
652364,4670000,87.7417,42.1465,-67.156
650512,4670000,96.0697,42.1469,-67.1784
646808,4670000,109.589,42.1476,-67.2233
644956,4670000,111.048,42.1479,-67.2457
530132,4540000,59.2674,41.0265,-68.6416
531984,4540000,52.5718,41.0431,-68.6195
530132,4540000,58.2621,41.0431,-68.6415
531984,4550000,53.6656,41.0597,-68.6194
533836,4550000,53.3943,41.0764,-68.5972
531984,4550000,56.5157,41.0764,-68.6193
535688,4550000,52.5817,41.093,-68.5751
533836,4550000,54.9849,41.093,-68.5971
535688,4550000,53.4061,41.1096,-68.575
537540,4550000,52.4239,41.1262,-68.5528
535688,4550000,57.6583,41.1263,-68.5748
539392,4550000,53.7716,41.1428,-68.5306
537540,4550000,54.1894,41.1429,-68.5527
541244,4560000,58.6353,41.1594,-68.5084
539392,4560000,57.1097,41.1595,-68.5305
541244,4560000,55.9928,41.1761,-68.5083
541244,4560000,56.1115,41.1928,-68.5082
541244,4560000,55.9539,41.2095,-68.508
543096,4560000,58.7094,41.2261,-68.4858
541244,4560000,60.2385,41.2262,-68.5079
543096,4570000,55.0338,41.2427,-68.4857
544948,4570000,55.3875,41.2593,-68.4634
543096,4570000,52.2095,41.2594,-68.4856
546800,4570000,54.1058,41.2759,-68.4412
544948,4570000,56.5487,41.276,-68.4633
550504,4570000,55.8419,41.2924,-68.3968
548652,4570000,55.7616,41.2925,-68.4189
546800,4570000,55.8953,41.2926,-68.4411
552356,4570000,49.9944,41.3089,-68.3745
550504,4570000,54.6722,41.309,-68.3967
556060,4580000,57.8784,41.3254,-68.3301
554208,4580000,55.6063,41.3255,-68.3523
552356,4580000,53.9878,41.3256,-68.3744
556060,4580000,56.7222,41.342,-68.33
556060,4580000,58.9589,41.3587,-68.3298
556060,4580000,58.478,41.3754,-68.3296
556060,4580000,57.1078,41.3921,-68.3294
556060,4580000,55.3014,41.4088,-68.3293
557912,4590000,51.5733,41.4253,-68.3069
556060,4590000,51.5552,41.4254,-68.3291
557912,4590000,51.8709,41.442,-68.3068
556060,4590000,51.8951,41.4421,-68.3289
557912,4590000,51.8788,41.4587,-68.3066
556060,4590000,51.898,41.4588,-68.3288
557912,4590000,50.3625,41.4753,-68.3064
556060,4590000,48.5927,41.4755,-68.3286
554208,4590000,51.0355,41.4756,-68.3508
557912,4590000,49.9704,41.492,-68.3062
556060,4590000,49.9796,41.4922,-68.3284
554208,4590000,48.2477,41.4923,-68.3506
552356,4590000,46.0722,41.4924,-68.3728
557912,4600000,50.6299,41.5087,-68.306
556060,4600000,49.9101,41.5088,-68.3282
554208,4600000,48.1886,41.509,-68.3504
552356,4600000,46.4441,41.5091,-68.3726
550504,4600000,42.5859,41.5092,-68.3948
557912,4600000,44.651,41.5254,-68.3059
556060,4600000,43.4344,41.5255,-68.3281
554208,4600000,49.8715,41.5256,-68.3503
552356,4600000,50.4512,41.5258,-68.3725
550504,4600000,47.8068,41.5259,-68.3947
548652,4600000,45.1111,41.526,-68.4169
556060,4600000,38.6391,41.5422,-68.3279
554208,4600000,42.3155,41.5423,-68.3501
552356,4600000,45.2907,41.5425,-68.3723
550504,4600000,50.0575,41.5426,-68.3945
548652,4600000,48.5728,41.5427,-68.4167
556060,4600000,42.1101,41.5589,-68.3277
554208,4600000,31.5478,41.559,-68.3499
552356,4600000,42.0038,41.5591,-68.3721
550504,4600000,51.5826,41.5593,-68.3943
548652,4600000,51.6618,41.5594,-68.4166
556060,4600000,41.83,41.5756,-68.3275
554208,4600000,28.7095,41.5757,-68.3498
552356,4600000,25.3502,41.5758,-68.372
550504,4600000,47.0902,41.5759,-68.3942
548652,4600000,54.2705,41.576,-68.4164
554208,4600000,25.6982,41.5924,-68.3496
552356,4600000,22.1841,41.5925,-68.3718
550504,4600000,31.1313,41.5926,-68.394
548652,4600000,54.0145,41.5927,-68.4163
554208,4610000,22.31,41.6091,-68.3494
552356,4610000,20.8809,41.6092,-68.3717
550504,4610000,21.7005,41.6093,-68.3939
548652,4610000,39.2287,41.6094,-68.4161
552356,4610000,18.7896,41.6259,-68.3715
550504,4610000,21.0903,41.626,-68.3937
548652,4610000,31.5179,41.6261,-68.416
550504,4610000,21.1092,41.6427,-68.3936
548652,4610000,27.8903,41.6428,-68.4158
552356,4610000,23.6052,41.6592,-68.3712
550504,4610000,23.6811,41.6593,-68.3934
548652,4610000,28.2626,41.6595,-68.4157
556060,4610000,52.742,41.6756,-68.3265
554208,4610000,53.8908,41.6758,-68.3488
552356,4610000,45.5139,41.6759,-68.371
559764,4620000,39.3504,41.6921,-68.2818
557912,4620000,50.4687,41.6922,-68.3041
556060,4620000,55.5897,41.6923,-68.3263
559764,4620000,43.7242,41.7087,-68.2816
563468,4620000,40.7478,41.7251,-68.2369
561616,4620000,44.9644,41.7253,-68.2592
569024,4620000,49.5977,41.7413,-68.1699
567172,4620000,49.9611,41.7415,-68.1922
570876,4620000,48.5008,41.7579,-68.1474
574580,4630000,42.0799,41.7742,-68.1026
578284,4630000,43.6928,41.7905,-68.0578
576432,4630000,46.6381,41.7907,-68.0801
585692,4630000,43.2879,41.8064,-67.9684
583840,4630000,44.1838,41.8066,-67.9907
581988,4630000,47.2661,41.8068,-68.013
580136,4630000,50.4591,41.807,-68.0353
589396,4630000,47.0052,41.8227,-67.9236
587544,4630000,49.9337,41.8229,-67.9459
593100,4630000,41.9089,41.839,-67.8787
591248,4630000,46.1447,41.8392,-67.901
589396,4630000,50.0806,41.8394,-67.9233
593100,4630000,46.1401,41.8556,-67.8784
591248,4630000,51.1546,41.8558,-67.9007
594952,4640000,40.8001,41.8721,-67.8558
593100,4640000,49.3248,41.8723,-67.8781
594952,4640000,47.3072,41.8888,-67.8555
641252,4640000,47.9126,41.8985,-67.2972
596804,4640000,46.8956,41.9052,-67.8329
643104,4640000,50.8929,41.9149,-67.2744
641252,4640000,46.1952,41.9152,-67.2967
639400,4640000,45.3237,41.9155,-67.319
600508,4640000,40.7719,41.9214,-67.7879
598656,4640000,51.5256,41.9217,-67.8102
644956,4640000,59.9605,41.9312,-67.2516
643104,4640000,50.5212,41.9315,-67.2739
641252,4640000,53.382,41.9319,-67.2963
639400,4640000,48.0067,41.9322,-67.3186
637548,4640000,45.4473,41.9325,-67.3409
602360,4640000,50.2277,41.9379,-67.7652
600508,4640000,51.2242,41.9381,-67.7876
598656,4640000,57.3707,41.9383,-67.8099
646808,4650000,56.1504,41.9475,-67.2288
644956,4650000,54.7022,41.9479,-67.2512
643104,4650000,53.1103,41.9482,-67.2735
641252,4650000,53.8746,41.9485,-67.2958
639400,4650000,51.8468,41.9489,-67.3182
637548,4650000,53.523,41.9492,-67.3405
635696,4650000,48.1337,41.9495,-67.3628
606064,4650000,42.3689,41.9541,-67.7202
604212,4650000,49.7563,41.9543,-67.7426
602360,4650000,52.6877,41.9545,-67.7649
650512,4650000,55.5306,41.9635,-67.1837
648660,4650000,52.6101,41.9639,-67.206
646808,4650000,50.1135,41.9642,-67.2284
644956,4650000,54.8684,41.9645,-67.2507
643104,4650000,51.9325,41.9649,-67.273
641252,4650000,54.3244,41.9652,-67.2954
639400,4650000,53.6922,41.9655,-67.3177
637548,4650000,54.3923,41.9659,-67.3401
635696,4650000,52.7465,41.9662,-67.3624
607916,4650000,45.6882,41.9705,-67.6976
606064,4650000,49.8927,41.9707,-67.7199
604212,4650000,55.2673,41.971,-67.7423
652364,4650000,50.0134,41.9798,-67.1609
650512,4650000,49.6267,41.9802,-67.1832
648660,4650000,52.9856,41.9805,-67.2056
646808,4650000,50.2696,41.9809,-67.2279
644956,4650000,47.6698,41.9812,-67.2502
643104,4650000,46.791,41.9816,-67.2726
641252,4650000,47.878,41.9819,-67.2949
639400,4650000,51.8777,41.9822,-67.3173
637548,4650000,52.4399,41.9825,-67.3396
635696,4650000,51.3689,41.9829,-67.362
633844,4650000,37.9334,41.9832,-67.3843
611620,4650000,46.8027,41.9866,-67.6525
609768,4650000,49.6277,41.9869,-67.6749
607916,4650000,51.073,41.9872,-67.6972
654216,4650000,53.8902,41.9961,-67.138
652364,4650000,54.641,41.9965,-67.1604
650512,4650000,52.7722,41.9968,-67.1827
648660,4650000,51.6268,41.9972,-67.2051
646808,4650000,48.3722,41.9975,-67.2274
644956,4650000,45.4712,41.9979,-67.2498
643104,4650000,40.5874,41.9982,-67.2721
641252,4650000,48.5082,41.9986,-67.2945
639400,4650000,50.3819,41.9989,-67.3168
637548,4650000,52.8835,41.9992,-67.3392
635696,4650000,51.2818,41.9995,-67.3615
633844,4650000,51.2045,41.9999,-67.3839
631992,4650000,39.5253,42.0002,-67.4063
617176,4650000,45.9326,42.0025,-67.5851
615324,4650000,47.0764,42.0028,-67.6075
613472,4650000,48.5009,42.0031,-67.6298
656068,4650000,52.1555,42.0124,-67.1152
654216,4650000,55.5774,42.0128,-67.1376
652364,4650000,52.3159,42.0132,-67.1599
650512,4650000,53.1032,42.0135,-67.1823
648660,4650000,52.1025,42.0139,-67.2046
646808,4650000,47.4926,42.0142,-67.227
644956,4650000,45.6923,42.0146,-67.2493
643104,4650000,43.1772,42.0149,-67.2717
641252,4650000,42.514,42.0152,-67.294
639400,4650000,44.5679,42.0156,-67.3164
637548,4650000,49.4101,42.0159,-67.3388
635696,4650000,53.8352,42.0162,-67.3611
633844,4650000,50.9725,42.0165,-67.3835
631992,4650000,46.3494,42.0168,-67.4058
620880,4650000,47.1179,42.0186,-67.54
619028,4650000,49.4066,42.0189,-67.5624
617176,4650000,52.4108,42.0192,-67.5847
657920,4650000,52.4429,42.0287,-67.0923
656068,4650000,43.8252,42.0291,-67.1147
654216,4650000,54.9771,42.0295,-67.1371
652364,4650000,51.846,42.0298,-67.1594
650512,4650000,51.1082,42.0302,-67.1818
648660,4650000,49.9171,42.0305,-67.2041
646808,4650000,49.8317,42.0309,-67.2265
644956,4650000,43.9493,42.0312,-67.2489
643104,4650000,43.9872,42.0316,-67.2712
641252,4650000,46.922,42.0319,-67.2936
639400,4650000,50.4129,42.0322,-67.316
637548,4650000,49.5644,42.0326,-67.3383
635696,4650000,49.8084,42.0329,-67.3607
633844,4650000,49.376,42.0332,-67.3831
631992,4650000,47.3088,42.0335,-67.4054
630140,4650000,48.25,42.0338,-67.4278
628288,4650000,35.3312,42.0341,-67.4502
624584,4650000,47.3708,42.0347,-67.4949
622732,4650000,49.5709,42.035,-67.5173
659772,4660000,57.4579,42.045,-67.0695
657920,4660000,53.586,42.0454,-67.0918
656068,4660000,37.5217,42.0458,-67.1142
654216,4660000,49.4417,42.0461,-67.1366
652364,4660000,50.2885,42.0465,-67.1589
650512,4660000,50.2135,42.0469,-67.1813
648660,4660000,47.058,42.0472,-67.2037
646808,4660000,46.9632,42.0476,-67.226
644956,4660000,44.7889,42.0479,-67.2484
643104,4660000,46.9399,42.0482,-67.2708
641252,4660000,48.4321,42.0486,-67.2932
639400,4660000,50.0275,42.0489,-67.3155
637548,4660000,49.8366,42.0492,-67.3379
635696,4660000,49.9359,42.0496,-67.3603
633844,4660000,52.0551,42.0499,-67.3826
631992,4660000,50.5117,42.0502,-67.405
630140,4660000,50.3564,42.0505,-67.4274
628288,4660000,55.2487,42.0508,-67.4497
626436,4660000,50.6617,42.0511,-67.4721
659772,4660000,55.7332,42.0617,-67.069
657920,4660000,53.9495,42.0621,-67.0913
656068,4660000,54.5962,42.0625,-67.1137
654216,4660000,54.1927,42.0628,-67.1361
652364,4660000,50.527,42.0632,-67.1585
650512,4660000,49.6797,42.0635,-67.1808
648660,4660000,46.2,42.0639,-67.2032
646808,4660000,45.1735,42.0642,-67.2256
644956,4660000,44.9802,42.0646,-67.248
643104,4660000,48.146,42.0649,-67.2703
641252,4660000,51.3107,42.0653,-67.2927
639400,4660000,50.0328,42.0656,-67.3151
637548,4660000,51.3801,42.0659,-67.3375
635696,4660000,49.7864,42.0662,-67.3598
633844,4660000,52.6686,42.0666,-67.3822
631992,4660000,53.5885,42.0669,-67.4046
630140,4660000,52.199,42.0672,-67.427
657920,4660000,54.2821,42.0788,-67.0908
656068,4660000,51.8541,42.0791,-67.1132
654216,4660000,52.9677,42.0795,-67.1356
652364,4660000,49.7511,42.0799,-67.158
650512,4660000,48.8618,42.0802,-67.1804
648660,4660000,47.9131,42.0806,-67.2027
646808,4660000,49.3784,42.0809,-67.2251
644956,4660000,48.5972,42.0813,-67.2475
643104,4660000,46.9148,42.0816,-67.2699
641252,4660000,49.7204,42.0819,-67.2923
639400,4660000,50.0146,42.0823,-67.3146
637548,4660000,49.5913,42.0826,-67.337
635696,4660000,49.9216,42.0829,-67.3594
633844,4660000,53.9091,42.0832,-67.3818
580136,4630000,37.8727,41.7737,-68.0358
578284,4630000,38.8147,41.7738,-68.0581
576432,4630000,37.7349,41.774,-68.0804
587544,4630000,38.1943,41.7896,-67.9464
585692,4630000,36.8459,41.7898,-67.9687
583840,4630000,41.0711,41.79,-67.991
581988,4630000,41.7494,41.7901,-68.0133
580136,4630000,41.2443,41.7903,-68.0356
591248,4630000,37.421,41.8058,-67.9016
589396,4630000,41.3724,41.806,-67.9238
587544,4630000,43.7381,41.8062,-67.9461
594952,4630000,40.7003,41.8221,-67.8567
593100,4630000,40.6995,41.8223,-67.879
591248,4630000,43.2164,41.8225,-67.9013
633844,4630000,52.6248,41.8331,-67.3881
631992,4630000,50.1689,41.8334,-67.4104
630140,4630000,47.7186,41.8337,-67.4327
628288,4630000,47.4593,41.834,-67.455
626436,4630000,35.6953,41.8343,-67.4773
594952,4630000,41.135,41.8387,-67.8564
635696,4630000,55.7391,41.8495,-67.3654
633844,4630000,54.8685,41.8498,-67.3877
631992,4630000,51.8413,41.8501,-67.41
630140,4630000,51.7525,41.8504,-67.4323
628288,4630000,45.6812,41.8507,-67.4546
626436,4630000,48.6205,41.851,-67.4769
624584,4630000,18.7904,41.8513,-67.4992
596804,4630000,40.5411,41.8552,-67.8338
594952,4630000,42.9576,41.8554,-67.8561
637548,4640000,43.6719,41.8658,-67.3427
635696,4640000,54.6578,41.8661,-67.365
633844,4640000,58.5428,41.8665,-67.3873
631992,4640000,57.6402,41.8668,-67.4096
630140,4640000,59.4105,41.8671,-67.4319
628288,4640000,48.2847,41.8674,-67.4542
626436,4640000,50.288,41.8677,-67.4765
624584,4640000,46.4787,41.868,-67.4988
622732,4640000,20.0469,41.8683,-67.5211
596804,4640000,35.8549,41.8719,-67.8335
639400,4640000,42.9667,41.8822,-67.3199
637548,4640000,40.95,41.8825,-67.3422
635696,4640000,47.6275,41.8828,-67.3645
633844,4640000,54.6936,41.8831,-67.3868
631992,4640000,62.1389,41.8835,-67.4092
630140,4640000,59.0769,41.8838,-67.4315
628288,4640000,53.982,41.8841,-67.4538
626436,4640000,47.2125,41.8844,-67.4761
624584,4640000,46.3296,41.8847,-67.4984
622732,4640000,37.1947,41.8849,-67.5207
620880,4640000,26.4468,41.8852,-67.543
598656,4640000,42.823,41.8883,-67.8108
596804,4640000,41.0984,41.8885,-67.8332
639400,4640000,41.5722,41.8989,-67.3195
637548,4640000,39.8623,41.8992,-67.3418
635696,4640000,38.598,41.8995,-67.3641
633844,4640000,49.2311,41.8998,-67.3864
631992,4640000,53.8695,41.9001,-67.4087
630140,4640000,55.7059,41.9004,-67.4311
628288,4640000,57.3522,41.9007,-67.4534
626436,4640000,56.1118,41.901,-67.4757
624584,4640000,49.9337,41.9013,-67.498
622732,4640000,42.4578,41.9016,-67.5203
620880,4640000,33.8917,41.9019,-67.5427
619028,4640000,30.7448,41.9022,-67.565
602360,4640000,40.9993,41.9045,-67.7659
600508,4640000,42.8363,41.9048,-67.7882
598656,4640000,42.7973,41.905,-67.8105
637548,4640000,32.0416,41.9159,-67.3414
635696,4640000,31.35,41.9162,-67.3637
633844,4640000,42.1067,41.9165,-67.386
631992,4640000,52.2259,41.9168,-67.4083
630140,4640000,54.0975,41.9171,-67.4307
628288,4640000,55.5712,41.9174,-67.453
626436,4640000,52.6603,41.9177,-67.4753
624584,4640000,54.0016,41.918,-67.4976
622732,4640000,44.2983,41.9183,-67.52
620880,4640000,42.9325,41.9186,-67.5423
619028,4640000,32.9877,41.9189,-67.5646
617176,4640000,31.0084,41.9191,-67.5869
604212,4640000,42.4774,41.921,-67.7432
602360,4640000,42.8082,41.9212,-67.7656
635696,4640000,47.0285,41.9328,-67.3633
633844,4640000,25.2041,41.9332,-67.3856
631992,4640000,46.9703,41.9335,-67.4079
630140,4640000,54.8795,41.9338,-67.4302
628288,4640000,53.4758,41.9341,-67.4526
626436,4640000,49.5702,41.9344,-67.4749
624584,4640000,48.9278,41.9347,-67.4972
622732,4640000,51.4351,41.935,-67.5196
620880,4640000,42.5599,41.9353,-67.5419
619028,4640000,43.4572,41.9355,-67.5642
617176,4640000,37.0331,41.9358,-67.5866
615324,4640000,33.5308,41.9361,-67.6089
613472,4640000,37.6252,41.9364,-67.6312
607916,4640000,39.1521,41.9371,-67.6982
606064,4640000,40.0618,41.9374,-67.7206
604212,4640000,43.8996,41.9376,-67.7429
633844,4650000,29.6051,41.9498,-67.3852
631992,4650000,37.4281,41.9501,-67.4075
630140,4650000,46.863,41.9505,-67.4298
628288,4650000,49.2824,41.9508,-67.4522
626436,4650000,44.988,41.9511,-67.4745
624584,4650000,45.1783,41.9514,-67.4969
622732,4650000,46.0708,41.9516,-67.5192
620880,4650000,44.839,41.9519,-67.5415
619028,4650000,42.8414,41.9522,-67.5639
617176,4650000,44.964,41.9525,-67.5862
615324,4650000,41.1028,41.9528,-67.6085
613472,4650000,33.348,41.953,-67.6309
611620,4650000,37.1678,41.9533,-67.6532
609768,4650000,39.0517,41.9536,-67.6756
607916,4650000,42.2686,41.9538,-67.6979
633844,4650000,26.7572,41.9665,-67.3847
631992,4650000,29.9221,41.9668,-67.4071
630140,4650000,42.5055,41.9671,-67.4294
628288,4650000,43.1809,41.9674,-67.4518
626436,4650000,41.7923,41.9677,-67.4741
624584,4650000,40.9324,41.968,-67.4965
622732,4650000,43.7192,41.9683,-67.5188
620880,4650000,43.0719,41.9686,-67.5411
619028,4650000,41.3856,41.9689,-67.5635
617176,4650000,41.5968,41.9692,-67.5858
615324,4650000,42.6213,41.9694,-67.6082
613472,4650000,46.2455,41.9697,-67.6305
611620,4650000,45.0613,41.97,-67.6529
609768,4650000,44.6316,41.9702,-67.6752
631992,4650000,26.4275,41.9835,-67.4067
630140,4650000,37.0626,41.9838,-67.429
628288,4650000,40.1214,41.9841,-67.4514
626436,4650000,40.2932,41.9844,-67.4737
624584,4650000,42.788,41.9847,-67.4961
622732,4650000,43.444,41.985,-67.5184
620880,4650000,43.7404,41.9853,-67.5408
619028,4650000,45.0538,41.9856,-67.5631
617176,4650000,39.136,41.9858,-67.5855
615324,4650000,41.6,41.9861,-67.6078
613472,4650000,44.1736,41.9864,-67.6302
630140,4650000,20.9006,42.0005,-67.4286
628288,4650000,42.2536,42.0008,-67.451
626436,4650000,40.5896,42.0011,-67.4733
624584,4650000,43.1936,42.0014,-67.4957
622732,4650000,44.4915,42.0017,-67.518
620880,4650000,44.5068,42.002,-67.5404
619028,4650000,44.1049,42.0022,-67.5627
630140,4650000,45.3534,42.0172,-67.4282
628288,4650000,35.4731,42.0175,-67.4506
626436,4650000,43.1813,42.0178,-67.4729
624584,4650000,47.1793,42.0181,-67.4953
622732,4650000,46.686,42.0183,-67.5176
626436,4650000,46.6034,42.0344,-67.4725
635696,4630000,54.8767,41.8328,-67.3658
643104,4640000,48.5572,41.8815,-67.2753
644956,4640000,51.4754,41.8979,-67.2525
643104,4640000,48.696,41.8982,-67.2748
646808,4640000,55.8411,41.9142,-67.2297
644956,4640000,54.7048,41.9145,-67.2521
648660,4640000,61.3786,41.9305,-67.207
646808,4640000,57.3077,41.9309,-67.2293
652364,4650000,47.6971,41.9465,-67.1618
650512,4650000,55.7777,41.9468,-67.1842
648660,4650000,55.8838,41.9472,-67.2065
654216,4650000,55.3682,41.9628,-67.139
652364,4650000,51.7913,41.9631,-67.1613
656068,4650000,63.3518,41.9791,-67.1162
654216,4650000,55.3676,41.9795,-67.1385
657920,4650000,53.4929,41.9954,-67.0933
656068,4650000,56.1705,41.9958,-67.1157
659772,4650000,55.8712,42.0117,-67.0705
657920,4650000,49.3897,42.0121,-67.0928
661624,4650000,61.5124,42.028,-67.0476
659772,4650000,60.4544,42.0284,-67.07
661624,4660000,55.9069,42.0447,-67.0471
