1979.399726214921,421090.9496497608,4500323.625335586,40.65,-69.93333333299999,53,0,0,0,0,0,0,0,0,0,0,0,0,0,0,0,0,0,0,0,0,0,0,0,0,0,0,0,0,0,0,0
1979.399726214921,442213.1123734317,4498279.293213904,40.633333333,-69.68333333299999,52,0,0,0,0,0,0,0,0,0,0,0,0,0,0,0,0,0,0,0,0,0,0,0,0,0,0,0,0,0,0,0
1979.399726214921,488763.8942370253,4523964.523028123,40.866666667,-69.133333333,68,0.001108728166936707,0.002217456333873414,0.003880548584306154,0.01441346617023255,0.03547930134219605,0.02716384009030916,0.006098004918345647,0.003880548584306154,0.001108728166936707,0.007761097168501587,0.009978553502596441,0.01053291758598175,0.01441346617023255,0.01108728166936707,0.004989276751298221,0,0.0005543640834960332,0,0,0,0,0,0,0,0,0,0,0,0,0,0
1979.399726214921,481750.48263976,4527678.802223647,40.9,-69.216666667,67,0.0005884532830850533,0,0,0,0,0,0.0005884532830850533,0,0,0,0.001176906566225466,0.0005884532830850533,0,0.002353813132450932,0.0005884532830850533,0,0,0,0,0,0,0,0.0005884532830850533,0,0,0.0005884532830850533,0,0,0,0,0
1979.399726214921,477561.6186136829,4535090.990771107,40.966666667,-69.266666667,44,0,0.0005821243721948005,0,0.0005821243721948005,0,0.001164248744334241,0,0,0,0,0,0,0.001164248744334241,0.001164248744334241,0,0,0,0,0.0005821243721948005,0,0,0,0,0,0,0,0,0,0,0,0
1979.399726214921,505615.234375556,4527658.348789619,40.9,-68.93333333299999,59,0,0,0.0005468519274273197,0.005468519274494635,0.01476500204120195,0.02023352131547514,0.01476500204120195,0.005468519274494635,0.001640555782337319,0,0.0005468519274273197,0.001093703854909999,0.001093703854909999,0.002187407709819998,0.001640555782337319,0.001093703854909999,0,0.001640555782337319,0,0,0,0,0,0,0,0,0,0,0,0,0
1979.399726214921,508475.4829393402,4481409.53899742,40.483333333,-68.90000000000001,72,0,0.0005720808605314271,0,0.0005720808605314271,0,0,0,0,0,0,0,0,0,0,0,0,0,0,0,0,0,0,0,0,0,0,0,0,0,0,0
1979.399726214921,507047.1560392698,4498058.218943633,40.633333333,-68.916666667,65,0,0,0,0,0,0,0,0,0,0,0,0,0.0005645960012805851,0,0,0,0.0005645960012805851,0,0,0,0,0,0,0,0,0,0,0,0,0,0
1979.399726214921,505627.9002920997,4511007.431127303,40.75,-68.93333333299999,70,0,0.0005773468915245603,0,0.001154693783049121,0.003464081349202721,0.005773468915245603,0.0063508158069916,0.002886734457678161,0.001154693783049121,0,0.002309387566098241,0,0,0,0,0.001154693783049121,0,0.003464081349202721,0.001732040674573681,0,0.0005773468915245603,0,0.002309387566098241,0,0,0,0,0,0,0,0
1979.399726214921,439168.7398420925,4470551.378129479,40.383333333,-69.716666667,69,0,0,0,0,0,0,0,0,0,0,0,0,0,0,0,0,0,0,0,0,0,0.00056006247504535,0,0.00056006247504535,0,0,0,0,0,0,0
1979.399726214921,447643.9816805522,4468637.411600566,40.366666667,-69.616666667,67,0,0,0,0,0,0,0,0,0,0.0005595589909996097,0,0,0,0,0,0,0,0,0,0,0,0,0,0,0,0,0,0,0,0,0
1979.399726214921,450522.8837717984,4476018.138979786,40.433333333,-69.583333333,64,0,0,0,0,0,0,0,0,0,0,0,0,0,0,0,0,0,0,0,0,0,0.0005937431929326154,0.0005937431929326154,0.0005937431929326154,0.0005937431929326154,0,0,0,0,0,0
1979.399726214921,487324.5846972874,4503615.842128323,40.683333333,-69.15000000000001,65,0,0.0005590564113653424,0,0,0.0005590564113653424,0.001118112822675325,0.01006301540446544,0.01788980516324808,0.009503958992767942,0.00447245129081202,0,0,0,0.001118112822675325,0.00223622564540601,0.00223622564540601,0.00223622564540601,0.0005590564113653424,0.001677169234040667,0.001677169234040667,0.00223622564540601,0.001118112822675325,0.0005590564113653424,0,0,0,0,0,0,0,0
1979.399726214921,474668.1100407451,4509198.494662819,40.733333333,-69.3,55,0.002270584918691657,0,0.001135292459345829,0.002270584918691657,0.005676462297005941,0.01248821705297019,0.0397352360773808,0.04427640591487484,0.03065289640239273,0.003405877378092846,0.001135292459345829,0.001135292459345829,0.003405877378092846,0.001135292459345829,0.001135292459345829,0,0.006811754755964253,0.003405877378092846,0.004541169837438674,0.0261117265654523,0.02157055672795826,0.03405877378092845,0.04541169837438674,0.01248821705297019,0.004541169837438674,0.001135292459345829,0.001135292459345829,0,0,0,0
1979.399726214921,498594.4310790205,4518405.781026624,40.816666667,-69.016666667,73,0,0.001089946304805771,0.0005449731524028857,0.0005449731524028857,0.002724865761959069,0.005449731523918138,0.01362432881007214,0.008719570438335451,0.004904758371570611,0.001089946304805771,0.0005449731524028857,0.002179892609556183,0.00381481206676484,0.001634919457208657,0.002724865761959069,0.002179892609556183,0.002724865761959069,0.008174597286043285,0.007084650980905356,0.01580422141924081,0.009264543590627618,0.00381481206676484,0.002179892609556183,0.002179892609556183,0.001634919457208657,0,0,0,0,0,0
1979.399726214921,459136.587601796,4500017.205475038,40.65,-69.483333333,53,0,0,0,0,0,0,0,0,0,0,0,0,0,0,0,0,0,0,0,0,0,0,0,0,0,0,0,0,0,0,0
1979.399726214921,470401.9177641554,4498113.753307064,40.633333333,-69.34999999999999,41,0,0,0,0,0,0,0,0,0,0,0,0,0,0,0,0,0,0,0,0,0,0,0,0,0,0,0,0,0,0,0
1979.399726214921,473194.1706697507,4490702.938360761,40.566666667,-69.31666666700001,53,0,0,0,0,0.0005506856451758316,0.001101371290351663,0.001652056935527495,0.001101371290351663,0.001101371290351663,0.0005506856451758316,0,0,0,0.0005506856451758316,0.003304113871054989,0.006057542097100226,0.002202742580703326,0.001101371290351663,0,0,0,0,0,0,0,0,0,0,0,0,0
1979.399726214921,498590.2184367573,4496204.977658888,40.616666667,-69.016666667,64,0,0,0,0,0,0.0005588054599067155,0.0005588054599067155,0,0,0,0,0.001117610919868791,0.001676416379775506,0.0005588054599067155,0.001117610919868791,0,0,0.0005588054599067155,0.001117610919868791,0,0,0,0.0005588054599067155,0,0,0,0,0,0,0,0
1979.399726214921,465081.5253628563,4564743.489821682,41.233333333,-69.416666667,44,0,0,0,0,0.0006918957513842606,0,0,0.0006918957513842606,0,0,0,0,0,0,0,0,0,0,0,0,0,0,0.0006918957513842606,0,0,0,0,0,0,0,0
1979.399726214921,466520.8738487689,4573988.19201002,41.316666667,-69.40000000000001,42,0,0,0,0,0,0,0,0,0,0,0,0,0,0,0,0,0,0,0,0,0,0.0007392345169959644,0,0,0,0,0,0,0,0,0
1979.399726214921,459597.6054000207,4583275.100399287,41.4,-69.483333333,31,0,0.004286671503822914,0.004286671503822914,0.002857781002567062,0.004286671503822914,0.001428890501255851,0.001428890501255851,0.003572226253167308,0.0007144452506556055,0.0007144452506556055,0.0007144452506556055,0.005001116754478519,0.005715562005134124,0.006430007255845091,0.01000223350884632,0.003572226253167308,0.004286671503822914,0.0007144452506556055,0.002857781002567062,0.0007144452506556055,0.0007144452506556055,0.0007144452506556055,0,0,0,0,0,0,0,0,0
1979.399726214921,459638.9225896082,4590676.324905212,41.466666667,-69.483333333,40,0,0,0,0,0,0,0,0.000766728710091025,0,0,0,0,0,0.00153345742012669,0.00153345742012669,0.00153345742012669,0.00306691484025338,0.00153345742012669,0,0.00153345742012669,0.000766728710091025,0,0,0,0,0,0,0,0,0,0
1979.399726214921,454083.6211908754,4592559.890079176,41.483333333,-69.55,33,0,0,0,0,0.0007219883948718481,0,0,0,0,0,0,0,0,0,0,0.0007219883948718481,0,0,0,0,0,0,0,0,0,0,0,0,0,0,0
1979.399726214921,442981.5651830867,4596339.923429827,41.516666667,-69.68333333299999,28,0,0,0,0,0,0,0,0,0,0,0,0,0,0,0,0,0,0,0,0.0007493212148192556,0,0,0,0,0,0,0,0,0,0,0
1979.399726214921,448570.7777137829,4599998.777702227,41.55,-69.616666667,40,0.0007313286759330781,0,0.0007313286759330781,0.0007313286759330781,0,0,0,0.0007313286759330781,0,0,0,0,0,0.0007313286759330781,0,0,0,0,0,0,0,0.0007313286759330781,0,0,0,0,0,0,0,0,0
1979.399726214921,478974.6078092718,4538787.155634776,41,-69.25,58,0.001489270379304339,0.001489270379304339,0.001489270379304339,0.006701716707146322,0.03201931315532008,0.05063519289690111,0.02606223163810272,0.005212446327620544,0.001489270379304339,0,0.002233905569011868,0.003723175948316206,0.004467811137968375,0.002978540758664037,0.001489270379304339,0.002978540758664037,0,0.001489270379304339,0.001489270379304339,0.0007446351896521693,0.0007446351896521693,0,0,0,0,0,0,0,0,0,0
1979.399726214921,484585.2668789953,4540623.407781216,41.016666667,-69.18333333299999,51,0.0007207605220775146,0.003603802610276853,0.02738889983783836,0.08000441794922011,0.1434313438865054,0.08649126264376578,0.01009064730853161,0.00144152104409967,0.00144152104409967,0.002162281566177184,0.008649126264376576,0.01009064730853161,0.007928365742575862,0.01153216835268664,0.002883042088199339,0.00144152104409967,0.00144152104409967,0.00144152104409967,0.003603802610276853,0.002162281566177184,0.00144152104409967,0.00144152104409967,0.0007207605220775146,0,0,0,0.0007207605220775146,0,0,0,0
1979.399726214921,481796.3682990433,4546180.348438697,41.066666667,-69.216666667,55,0,0.0007220369976465772,0.0007220369976465772,0.006498332978929915,0.004332221985824104,0.0007220369976465772,0.002166110992939732,0.002166110992939732,0.002888147990586309,0.002888147990586309,0.002166110992939732,0.0007220369976465772,0.0007220369976465772,0.0007220369976465772,0.001444073995293154,0.0007220369976465772,0.0007220369976465772,0.002166110992939732,0.002166110992939732,0.002166110992939732,0.002888147990586309,0.001444073995293154,0.001444073995293154,0.0007220369976465772,0,0,0,0,0,0,0
1979.399726214921,481810.1641954663,4551730.916817062,41.116666667,-69.216666667,54,0,0.0007359491926899557,0.01030328869765938,0.0198706282026288,0.006623542734209601,0,0.003679745963449778,0.002943796770759823,0.002207847578069867,0.002207847578069867,0.001471898385379911,0,0,0.003679745963449778,0.0007359491926899557,0.006623542734209601,0.005887593541519646,0.008095441119589512,0.0007359491926899557,0.001471898385379911,0.0007359491926899557,0.0007359491926899557,0.002943796770759823,0,0,0,0,0,0,0,0
1979.399726214921,473414.8454916973,4551756.611584435,41.116666667,-69.31666666700001,52,0,0.008507149683090864,0.03712210770722763,0.06032342502424489,0.03634873046295799,0.01237403590222468,0.0007733772438821223,0.001546754487819604,0.0007733772438821223,0.0007733772438821223,0.0007733772438821223,0.0007733772438821223,0.0007733772438821223,0,0.0007733772438821223,0.002320131731701727,0.0007733772438821223,0,0,0,0,0,0,0,0,0,0,0,0,0,0
1979.399726214921,470638.7120259993,4557317.94314432,41.166666667,-69.34999999999999,49,0.003671461604512076,0.009545800171532101,0.03377744676144467,0.04919758550032895,0.03084027747776857,0.006608630887856009,0.00220287696267403,0.001468584641782686,0,0.0007342923208913431,0.001468584641782686,0.0007342923208913431,0.0007342923208913431,0.0007342923208913431,0.002937169283620733,0,0.003671461604512076,0,0,0,0,0,0,0,0,0,0,0,0,0,0
1979.399726214921,480425.8172139192,4557285.147641055,41.166666667,-69.233333333,57,0,0.0007752154147232012,0,0,0,0,0,0,0,0,0,0,0,0,0,0,0.0007752154147232012,0,0.0007752154147232012,0,0,0,0,0.002325646244224963,0.001550430829501762,0,0.0007752154147232012,0,0,0,0
1979.399726214921,476231.3452418788,4557297.596514046,41.166666667,-69.283333333,51,0,0,0,0,0,0,0,0,0,0,0,0,0,0.002249154224077242,0.001499436149384828,0.002998872298769655,0.002249154224077242,0.002249154224077242,0.0007497180746924138,0.002249154224077242,0.0007497180746924138,0.0007497180746924138,0.0007497180746924138,0,0,0,0,0,0,0,0
1979.399726214921,470661.0428665071,4562868.616666973,41.216666667,-69.34999999999999,50,0.0008148162231636594,0.002444448669435619,0.0008148162231636594,0.0008148162231636594,0.001629632446271959,0,0.0008148162231636594,0,0,0,0,0,0.005703713562145616,0.002444448669435619,0.004074081115762937,0.005703713562145616,0.003259264892599278,0,0,0,0,0,0,0,0,0,0,0,0,0,0
1979.399726214921,467858.6958771534,4561030.168305658,41.2,-69.383333333,44,0.001479810625969141,0.006659147816778096,0.003699526564950534,0.002959621251938283,0.002219715938981392,0,0.002219715938981392,0.001479810625969141,0.0007399053130122506,0.0007399053130122506,0,0.001479810625969141,0,0.0007399053130122506,0.001479810625969141,0,0.0007399053130122506,0,0,0,0,0,0,0,0,0,0,0,0,0,0
1979.399726214921,441695.8797275305,4609303.57391673,41.633333333,-69.7,53,0.002143478529402607,0.003572464215634106,0.01857681392134164,0.03286667078365662,0.02143478529402607,0.004286957058749854,0.005715942744815274,0.01286087117652636,0.01929130676423595,0.02000579960768386,0.01500434970576289,0.01071739264673624,0.01357536401942067,0.005715942744815274,0.004286957058749854,0.001428985686231498,0.0007144928431157491,0,0,0,0,0,0,0,0,0,0,0,0,0,0
1979.399726214921,429439.6519087736,4633471.326674478,41.85,-69.84999999999999,55,0.003541666154891453,0.01133333169556407,0.01062499846500652,0.005666665847782037,0.001416666461945509,0.0007083332310004345,0.004249999385891887,0.005666665847782037,0.008499998771673055,0.002833332923946378,0.004249999385891887,0.004249999385891887,0.009916665233895363,0.005666665847782037,0.008499998771673055,0.007083332310004345,0.001416666461945509,0.002124999692945943,0,0,0,0,0,0,0,0,0,0,0,0,0
1979.399726214921,429476.2976883319,4637172.247479805,41.883333333,-69.84999999999999,59,0,0,0,0,0,0,0.002108652873203268,0,0,0,0,0.0007028842910493027,0.001405768582153965,0.001405768582153965,0.00281153716430793,0.004217305746406536,0.002108652873203268,0.001405768582153965,0,0,0,0,0,0,0,0,0,0,0,0,0
1979.399726214921,428149.5609578854,4642737.502177916,41.933333333,-69.866666667,55,0,0,0,0,0,0,0,0,0.0007290896630846621,0,0,0.001458179326169324,0.00364544831547867,0.005103627641647993,0.002187268989309346,0.002187268989309346,0.002187268989309346,0.0007290896630846621,0,0,0,0,0,0,0,0,0,0,0,0,0
1979.399726214921,461060.6418300373,4596219.657105651,41.516666667,-69.466666667,55,0,0,0,0,0,0.001403349160004234,0.00701674580002117,0.01613851534010406,0.02245358656028919,0.03157535610037206,0.02876865778047432,0.05192391892059953,0.03297870526059774,0.01473516618043198,0.003508372900065945,0.0007016745800021171,0,0,0,0,0,0.0007016745800021171,0,0,0,0,0,0,0,0,0
1979.399726214921,467981.3117598919,4588784.191912228,41.45,-69.383333333,51,0,0,0,0.002939816694245593,0.007349541735475583,0.01469908347150477,0.05953128805613432,0.06394101309896973,0.02939816694245593,0.01469908347150477,0.01249422095064065,0.01102431260376697,0.00808449590946602,0.002939816694245593,0.0007349541735475583,0,0,0,0,0,0,0,0,0,0,0,0,0,0,0,0
1979.399726214921,487387.9466069133,4540618.057346892,41.016666667,-69.15000000000001,63,0.0007389504813053617,0.001477900962610723,0.002955801925166087,0.002955801925166087,0.005172653369026814,0,0.002216851443860726,0.001477900962610723,0.003694752406471449,0.005172653369026814,0.008128455294414338,0.006650554331692896,0.002955801925166087,0.002216851443860726,0,0.002216851443860726,0.002955801925166087,0.001477900962610723,0,0,0,0,0,0,0,0,0,0,0,0,0
1979.399726214921,487397.4879395337,4546168.574582044,41.066666667,-69.15000000000001,69,0,0.0007265404895819716,0.001453080979163943,0.006538864406348462,0.0007265404895819716,0.0007265404895819716,0.002906161958327886,0.002906161958327886,0.01089810734372957,0.02106967419798789,0.01525735028111068,0.008718485874762219,0.004359242937436469,0.002906161958327886,0.007265404895819715,0.01089810734372957,0.007991945385290966,0.00508578342701844,0.0007265404895819716,0,0.0007265404895819716,0.0007265404895819716,0.0007265404895819716,0,0,0,0,0,0,0,0
1979.399726214921,473461.972434407,4564708.139673587,41.233333333,-69.31666666700001,55,0,0,0,0,0.0006887259132875008,0,0,0,0,0,0.0006887259132875008,0,0.0006887259132875008,0.0006887259132875008,0,0.0006887259132875008,0,0.002066177739807143,0,0,0.0006887259132875008,0,0,0,0,0,0,0,0,0,0
1979.399726214921,470705.7718876552,4573970.108256461,41.316666667,-69.34999999999999,52,0.001456226187396538,0,0.001456226187396538,0,0.002184339281067128,0.001456226187396538,0,0.002184339281067128,0.002184339281067128,0.001456226187396538,0.002912452374737717,0.002184339281067128,0.0007281130936705894,0.0007281130936705894,0,0.0007281130936705894,0.002912452374737717,0.002912452374737717,0,0,0,0,0.002912452374737717,0,0,0,0,0,0,0,0
1979.399726214921,449999.3399224988,4605540.05624959,41.6,-69.59999999999999,58,0.008592737667203393,0.03150670477919218,0.05513673336344791,0.03580307361279388,0.007876676194936445,0.005728491778135596,0.01217304502853814,0.02076578269518794,0.02363002858425574,0.01933365975065404,0.01503729091705234,0.01002486061173729,0.005728491778135596,0.003580307361279388,0.0007160614722669494,0.0007160614722669494,0,0.0007160614722669494,0,0,0,0,0,0,0,0,0,0,0,0,0
1979.399726214921,437579.5742899977,4614889.753608673,41.683333333,-69.75,57,0.005058738527019859,0.004336061594564725,0.004336061594564725,0.004336061594564725,0,0,0.005058738527019859,0.002168030797310042,0.002890707729709816,0.003613384662164951,0.006504092392096207,0.008672123188908011,0.0252936926348225,0.02673904649973276,0.02023495410819015,0.01011747705381828,0.00722676932455134,0.004336061594564725,0,0,0,0,0,0,0,0,0,0,0,0,0
1979.399726214921,433469.7553670194,4620478.411296759,41.733333333,-69.8,61,0,0,0,0,0,0,0,0,0,0,0,0,0,0,0,0,0,0,0,0,0,0,0,0,0,0,0,0,0,0,0
1979.399726214921,429531.3113387553,4642723.668277252,41.933333333,-69.84999999999999,67,0,0,0,0,0,0,0,0,0,0,0,0,0,0.0007189024304900744,0,0,0,0,0,0,0,0,0,0,0,0,0,0,0,0,0
1979.399726214921,456921.7511098119,4601794.414269897,41.566666667,-69.516666667,53,0.001442796390386144,0,0,0,0,0.001442796390386144,0,0,0,0,0,0,0,0,0,0,0,0,0,0,0,0,0,0,0,0,0,0,0,0,0
1979.399726214921,461080.6277785749,4599920.332307357,41.55,-69.466666667,59,0.001460791675777923,0.004382375027389127,0,0,0.002921583351611205,0.005843166703111692,0.01752950010933507,0.0394413752468343,0.02775504184005733,0.04966691697700297,0.05989245870772523,0.07742195881595311,0.04966691697700297,0.01899029178538979,0.004382375027389127,0.002921583351611205,0,0.001460791675777923,0,0,0,0,0,0,0,0,0,0,0,0,0
1979.399726214921,465232.7255364249,4596198.339372856,41.516666667,-69.416666667,61,0.0007239602110674182,0.001447920422134836,0,0.0007239602110674182,0.007239602110674181,0.02678652780921767,0.05791681688539345,0.09556274785979199,0.07529186194879708,0.03547405034202668,0.03113028907562218,0.02968236865348734,0.01158336337707869,0.004343761266349148,0.0007239602110674182,0,0,0,0,0,0,0,0,0,0,0,0,0,0,0,0
1979.399726214921,472143.4216761936,4585066.298086117,41.416666667,-69.333333333,70,0.002268973283687093,0.004537946567429545,0.001512648855809849,0.0007563244278772443,0.0007563244278772443,0.003781622139496941,0.01058854199061358,0.01285751527463283,0.01739546184156414,0.006050595423128674,0.009832217562791694,0.0143701641302766,0.01663913741374225,0.01588281298592037,0.01134486641843546,0.003025297711619697,0.0007563244278772443,0,0,0,0,0,0,0,0,0,0,0,0,0,0
1979.399726214921,483226.3827086265,4559128.40293445,41.183333333,-69.2,77,0,0,0,0,0,0,0,0,0,0,0,0,0,0,0,0,0,0,0,0,0,0.000766580546820418,0,0.000766580546820418,0,0,0,0,0,0,0
1979.399726214921,484635.8857513465,4564676.003450743,41.233333333,-69.18333333299999,90,0.0007056678753063046,0,0.0007056678753063046,0,0.0007056678753063046,0.0007056678753063046,0.001411335750612609,0,0,0,0,0,0.0007056678753063046,0,0,0.001411335750612609,0,0.0007056678753063046,0.001411335750612609,0.001411335750612609,0,0,0,0,0,0,0,0,0,0,0
1979.399726214921,481842.408734569,4564682.430674413,41.233333333,-69.216666667,87,0,0,0,0,0,0,0,0,0,0,0,0,0,0,0,0,0,0,0,0,0,0,0,0,0,0,0,0,0,0,0
1979.399726214921,432241.9541806575,4637145.39082387,41.883333333,-69.81666666700001,76,0.0007508060526860683,0,0,0,0,0,0.0007508060526860683,0,0,0,0,0.001501612105372137,0,0.001501612105372137,0.001501612105372137,0.0007508060526860683,0,0.003003224210744273,0.00450483631606105,0.002252418158058205,0,0,0,0,0,0,0,0,0,0,0
1979.399726214921,433555.8244899978,4629730.555270165,41.816666667,-69.8,103,0,0,0,0,0,0,0,0,0,0,0,0,0,0,0,0,0,0,0,0,0,0,0,0,0,0,0,0,0,0,0
1979.399726214921,469404.8059759421,4596179.435063596,41.516666667,-69.366666667,79,0.0007369975473634784,0,0.001473995094726957,0.003684987736817393,0.008106973020776825,0.01842493868408696,0.02505791661057971,0.02726890925255942,0.01768794113694492,0.03537588227388985,0.07664774492823759,0.07517374982952474,0.04495685038950435,0.01400295340012753,0.001473995094726957,0.001473995094726957,0.002947990189453914,0.005895980378797109,0,0.0007369975473634784,0,0,0,0,0,0,0,0,0,0,0
1979.399726214921,474903.4637749447,4577654.973360051,41.35,-69.3,94,0,0,0,0,0,0,0,0,0,0,0,0.0007347237427130378,0,0,0,0,0,0,0,0,0.0007347237427130378,0,0,0,0,0,0,0,0,0,0
1979.399726214921,494401.7136511708,4549860.248209449,41.1,-69.06666666700001,94,0.0007205389041756038,0.002161616712582172,0.002161616712582172,0.001441077808406567,0.0007205389041756038,0.0007205389041756038,0,0,0.004323233425219702,0.005043772329395306,0.002882155616813134,0.006484850137580436,0.002161616712582172,0.005043772329395306,0.00576431123340483,0.008646466850660844,0.00576431123340483,0.002161616712582172,0.0007205389041756038,0.0007205389041756038,0.0007205389041756038,0,0,0.0007205389041756038,0,0,0,0,0,0,0
1979.399726214921,498599.3675729978,4544307.694165983,41.05,-69.016666667,80,0.0007373307669396161,0.0007373307669396161,0.002211992300763489,0.01032263073693319,0.0235945845414034,0.01548394610539978,0.003686653834587361,0.0007373307669396161,0.0007373307669396161,0.009585299969772131,0.03539187681210509,0.05898646135627648,0.09364100740011333,0.08700503049621744,0.04423984601526977,0.02801856914326254,0.02801856914326254,0.06341044595702842,0.02285725377479594,0.0235945845414034,0.01032263073693319,0.01032263073693319,0,0.0007373307669396161,0,0,0,0,0,0,0
1979.399726214921,473556.5578432524,4590611.983716789,41.466666667,-69.31666666700001,84,0,0,0,0,0,0,0,0,0,0,0.003076445137185242,0.003076445137185242,0.006152890274259764,0.003845556421453873,0.008460224127453174,0.01692044825435275,0.05306867861625167,0.05229956733203839,0.009998446695879716,0.004614667705777863,0.0007691112842686306,0,0,0,0,0,0,0,0,0,0
1979.399726214921,486043.2717720214,4570223.918704718,41.283333333,-69.166666667,96,0,0,0,0,0,0,0,0,0,0,0.003713517788129426,0,0.01114055336411148,0.007427035576258852,0.0705568379747359,0.1596812648887349,0.1671083004644402,0.09655146248970428,0.007427035576258852,0.003713517788129426,0,0,0,0,0,0,0,0,0,0,0
1979.399726214921,502793.4746808643,4564660.337137384,41.233333333,-68.966666667,110,0,0,0,0,0,0,0,0,0,0,0,0,0,0,0.005979755143849399,0.0627874290073739,0.1674331440233544,0.1285647355891637,0.0209291430031961,0.005979755143849399,0,0,0,0,0,0,0,0,0,0,0
1979.399726214921,499999.9999999993,4557258.911435993,41.166666667,-69,97,0,0,0,0,0,0,0.004643134982618637,0.004643134982618637,0.002321567491309318,0,0,0.002321567491309318,0.006964702473983314,0.004643134982618637,0.006964702473983314,0.002321567491309318,0.03250194487821974,0.08821956466897904,0.08821956466897904,0.06500388975754666,0.01392940494796663,0,0,0,0,0,0,0,0,0,0
1979.399726214921,543188.7760139405,4583291.1811145,41.4,-68.483333333,73,0.002920388834588192,0.001168155533846349,0.005256699902280889,0.01752233300741843,0.0140178664062669,0.001752233300741843,0,0,0,0.0005840777668954945,0.005840777668954945,0.002920388834588192,0.007008933202856654,0.004672622135330035,0.0005840777668954945,0.0005840777668954945,0.0005840777668954945,0.001168155533846349,0.002920388834588192,0.0005840777668954945,0.0005840777668954945,0.0005840777668954945,0,0,0,0,0,0,0,0,0
1979.399726214921,545928.1427014602,4590709.568260398,41.466666667,-68.45,73,0.0005840777668954945,0,0.001168155533846349,0.002920388834588192,0.003504466601539046,0.0005840777668954945,0,0,0,0,0,0.002336311067692698,0.002336311067692698,0.001168155533846349,0,0,0,0.0005840777668954945,0.0005840777668954945,0,0.001168155533846349,0,0.0005840777668954945,0.0005840777668954945,0.0005840777668954945,0.0005840777668954945,0,0,0,0,0
1979.399726214921,537548.663186176,4596212.283034106,41.516666667,-68.55,97,0,0,0,0,0,0,0,0,0,0,0,0,0,0,0,0,0,0,0.0005787297112014663,0,0,0,0,0,0,0,0,0,0,0,0
1979.399726214921,545810.3281813893,4609213.027034053,41.633333333,-68.45,90,0,0,0,0,0,0,0,0,0,0,0,0,0,0,0,0,0,0,0,0,0,0,0,0,0,0,0,0,0,0,0
1979.399726214921,505591.2044292706,4559111.267741263,41.183333333,-68.93333333299999,98,0,0,0,0,0,0,0,0.001669151666578143,0.001112767777718762,0,0.001669151666578143,0.0005563838888593809,0.0005563838888593809,0,0.001112767777718762,0.001112767777718762,0.01168406166599164,0.01836066833219348,0.02503727499839534,0.008345758332613914,0,0.0005563838888593809,0.0005563838888593809,0.0005563838888593809,0,0.0005563838888593809,0,0,0,0,0
1979.399726214921,522325.0889199403,4572095.066820944,41.3,-68.733333333,84,0,0,0,0,0,0,0,0,0,0.0005752531370016792,0.001150506274058718,0.0005752531370016792,0,0,0,0,0.0005752531370016792,0,0.002876265685119115,0.001150506274058718,0,0,0,0,0,0,0,0,0,0,0
1979.399726214921,525077.325086001,4583205.820064807,41.4,-68.7,97,0,0,0,0,0,0,0,0,0,0,0,0,0,0,0.000561616898896679,0.001123233797793358,0.005054552090125471,0.003369701393435435,0.000561616898896679,0,0,0,0,0,0,0,0,0,0,0,0
1979.399726214921,533393.6999526069,4592491.119884651,41.483333333,-68.59999999999999,95,0,0,0,0,0,0.0005781921210389865,0.0005781921210389865,0,0.001734576363172319,0.002312768484211306,0.001156384242133333,0,0.0005781921210389865,0.0005781921210389865,0.0005781921210389865,0.002312768484211306,0.005203729089461598,0.004047344847383625,0.0005781921210389865,0.001734576363172319,0,0.0005781921210389865,0.0005781921210389865,0,0,0,0,0,0,0,0
1979.399726214921,504202.9574086598,4542458.592764891,41.033333333,-68.95,77,0.002299741640461254,0,0.003832902734046731,0.01379844984254609,0.01916451367051045,0.01533161093640836,0.01533161093640836,0.002299741640461254,0.003832902734046731,0.002299741640461254,0.003832902734046731,0.01916451367051045,0.08662360179159299,0.1801464284983695,0.172480623034594,0.1134539209258788,0.0444616717153628,0.06362618538365887,0.04062876898126071,0.02299741640461254,0.009965547108443995,0.006132644374341906,0.006132644374341906,0,0,0,0,0,0,0,0
1979.399726214921,515383.6092130352,4555424.897818618,41.15,-68.81666666700001,76,0,0,0,0,0,0,0.001134853661729422,0.001134853661729422,0,0.001134853661729422,0.002269707323458845,0.003971987816025298,0.002837134154295876,0.002269707323458845,0.005674268308370313,0.003404560985188267,0.008511402463109066,0.006809121970265815,0.00453941464691769,0.001702280492566454,0.002837134154295876,0.001702280492566454,0.001134853661729422,0.0005674268308370313,0,0,0,0,0,0,0
1979.399726214921,541870.2467235937,4570331.065259809,41.283333333,-68.5,57,0,0,0,0,0,0,0,0,0,0,0,0,0,0,0,0,0,0,0,0,0,0,0,0,0,0,0,0,0,0,0
1979.399726214921,541816.9347628226,4579582.425402394,41.366666667,-68.5,69,0.0005492647470466748,0.00109852949403799,0.002197058988131339,0.007140441711551412,0.001647794241084665,0,0,0,0,0,0.00109852949403799,0.003295588482169329,0.005492647470300668,0.002746323735178014,0.001647794241084665,0,0.0005492647470466748,0.0005492647470466748,0.002197058988131339,0.00109852949403799,0.0005492647470466748,0,0.001647794241084665,0,0,0,0,0,0,0,0
1979.399726214921,551561.099783632,4581495.557949856,41.383333333,-68.383333333,62,0,0,0,0,0,0,0,0,0,0,0,0,0,0,0,0,0,0,0.0005638288522542718,0,0,0,0,0,0,0,0,0,0,0,0
1979.399726214921,551521.5825213192,4587046.468035027,41.433333333,-68.383333333,60,0,0,0,0,0,0,0,0,0,0,0,0,0,0,0,0,0,0,0.001115607806397108,0,0.0005578039031708742,0,0.0005578039031708742,0,0,0,0,0,0,0,0
1979.399726214921,547210.681865613,4607371.644124542,41.616666667,-68.43333333299999,55,0.001606888351166368,0.001606888351166368,0.001606888351166368,0.002678147251943946,0.002142517801555157,0.004285035603110314,0.001071258900777578,0.0005356294503887892,0.002678147251943946,0.007498812305332329,0.00803444175555504,0.007498812305332329,0.00642755340488691,0.001071258900777578,0.001606888351166368,0.002142517801555157,0.001606888351166368,0.005891923954110602,0.0005356294503887892,0.0005356294503887892,0,0.0005356294503887892,0.001071258900777578,0.0005356294503887892,0.0005356294503887892,0.0005356294503887892,0,0,0,0,0
1979.399726214921,515391.3980446663,4551724.49315146,41.116666667,-68.81666666700001,70,0,0,0,0,0,0,0.0005495072005694036,0,0,0,0.0005495072005694036,0,0,0.0005495072005694036,0.0005495072005694036,0.001099014401083447,0.001099014401083447,0.001099014401083447,0.003297043203305703,0.005495072005472597,0.00439605760438915,0.003846550403819746,0.0005495072005694036,0,0,0,0,0,0,0,0
1979.399726214921,516803.3514897628,4546177.003589396,41.066666667,-68.8,62,0,0,0,0.0005475735445923663,0.0005475735445923663,0.0005475735445923663,0.001095147089184733,0,0,0,0,0,0,0.001642720633721739,0.001095147089184733,0.001642720633721739,0.002737867722906471,0.006023308990183871,0.006570882534997676,0.002190294178314105,0.002190294178314105,0.001095147089184733,0,0,0,0,0,0,0,0,0
1979.399726214921,523822.7773298273,4540645.879685866,41.016666667,-68.716666667,67,0,0,0,0,0,0,0,0,0,0,0,0,0,0,0,0,0,0,0,0,0,0,0,0,0,0,0,0,0,0,0
1979.399726214921,534945.0680495892,4559192.794446414,41.183333333,-68.583333333,59,0.0005521511470054693,0.0005521511470054693,0.0005521511470054693,0.002760755734971987,0.003865058028927566,0.002760755734971987,0.008282267205082039,0,0,0.0005521511470054693,0,0.001104302294010939,0.0005521511470054693,0.0005521511470054693,0,0,0.001104302294010939,0.004417209175933035,0,0.001656453440961048,0.001656453440961048,0.001104302294010939,0.0005521511470054693,0.0005521511470054693,0,0,0,0,0,0,0
1979.399726214921,536287.5320580031,4570301.063930876,41.283333333,-68.56666666700001,59,0,0,0,0,0.0005575540747391887,0,0,0,0,0,0,0,0,0,0,0,0,0,0.003345324448379773,0.002787770373640584,0.003345324448379773,0.0005575540747391887,0.001115108149478377,0.0005575540747391887,0,0,0,0,0,0,0
1979.399726214921,538045.2368293871,4500002.252279796,40.65,-68.55,60,0,0,0,0,0,0,0,0,0,0,0,0,0,0,0,0,0,0,0,0,0,0,0,0.0005578039031708742,0,0,0,0,0,0,0
1979.399726214921,526772.5527679824,4499953.12076355,40.65,-68.68333333299999,62,0,0,0,0,0,0,0,0,0,0,0,0,0,0,0,0,0,0,0,0,0,0,0,0,0,0,0,0,0,0,0
1979.399726214921,523954.3855320546,4499943.508149158,40.65,-68.716666667,61,0,0,0,0,0,0,0,0,0,0,0,0,0,0,0,0,0,0,0,0,0,0,0,0,0,0,0,0,0,0,0
1979.399726214921,518345.371766175,4488827.298263574,40.55,-68.783333333,65,0,0,0,0,0,0,0,0,0,0,0,0,0,0,0,0,0,0,0,0,0,0,0,0,0,0,0,0,0,0,0
1979.399726214921,512694.33992215,4492515.595399735,40.583333333,-68.84999999999999,65,0,0,0,0,0,0,0,0,0,0,0,0,0,0,0,0,0,0,0,0,0,0.0005590564113653424,0.0005590564113653424,0,0,0,0,0,0,0,0
1979.399726214921,511252.9908145363,4512863.924012645,40.766666667,-68.866666667,64,0,0,0,0,0.0005816217734060759,0.001744865320218228,0.001163243546812152,0.0005816217734060759,0.0005816217734060759,0,0,0,0,0.0005816217734060759,0.0005816217734060759,0,0,0.001163243546812152,0,0,0,0,0,0,0,0,0,0,0,0,0
1979.399726214921,512634.2789591516,4527667.038143777,40.9,-68.84999999999999,70,0,0,0,0.002309387566098241,0.001154693783049121,0.0005773468915245603,0,0,0,0,0,0.0005773468915245603,0,0.0005773468915245603,0.0005773468915245603,0.0005773468915245603,0.001732040674573681,0.004041428240727282,0.002309387566098241,0.002886734457678161,0.001732040674573681,0.001154693783049121,0.001732040674573681,0,0,0,0,0,0,0,0
1979.399726214921,521057.1377916688,4527686.288474783,40.9,-68.75,68,0,0,0,0,0,0.0005490225073784798,0,0,0,0,0,0,0,0,0.0005490225073784798,0.00109804501475696,0,0,0.0005490225073784798,0.0005490225073784798,0.001647067522135439,0.002745112536837039,0.002745112536837039,0.0005490225073784798,0,0,0,0,0,0,0
1979.399726214921,514020.454917328,4536920.280304888,40.983333333,-68.833333333,67,0,0,0.00109756096257604,0.004390243850248801,0.008780487700608321,0.009329268181619542,0.00164634144386406,0.0005487804812880201,0,0.0005487804812880201,0.00219512192515208,0.004939024331536821,0.007134146256467464,0.006585365775456242,0.00219512192515208,0.006036585293891423,0.005487804812824842,0.007682926738032282,0.0109756096257604,0.009329268181619542,0.003841463368960781,0.003841463368960781,0.0005487804812880201,0.00109756096257604,0,0,0,0,0,0,0
1979.399726214921,523846.7791652975,4533245.255851514,40.95,-68.716666667,67,0,0,0,0,0,0,0,0,0,0,0,0,0,0,0,0,0,0,0,0,0,0,0,0,0,0,0,0,0,0,0
1979.399726214921,580378.0845533279,4494788.483194065,40.6,-68.05,86,0.0005700250584621122,0.001140050116924224,0.0005700250584621122,0,0,0,0,0,0,0.0005700250584621122,0.001140050116924224,0.003420150350717314,0.004560200467641538,0.001140050116924224,0.0005700250584621122,0,0,0,0.0005700250584621122,0,0,0,0,0,0,0,0,0,0,0,0
1979.399726214921,570594.4626575592,4485438.270112393,40.516666667,-68.166666667,103,0,0,0,0,0,0,0,0,0,0,0,0,0,0,0,0,0,0,0,0,0,0,0,0,0,0,0,0,0,0,0
1979.399726214921,564946.8501072749,4485387.036732367,40.516666667,-68.233333333,97,0.004178427225980008,0.0005969181751637268,0,0,0,0,0,0,0,0,0.0005969181751637268,0,0,0,0,0,0,0,0,0,0,0,0,0,0,0,0,0,0,0,0
1979.399726214921,563456.2125783205,4494625.099908125,40.6,-68.25,90,0.001153705010086689,0.0005768525050156646,0.001153705010086689,0.0005768525050156646,0,0,0,0,0,0.0005768525050156646,0.001153705010086689,0.0005768525050156646,0.0005768525050156646,0,0,0,0,0,0,0,0,0,0,0,0,0,0,0,0,0,0
1979.399726214921,564785.739214837,4503887.588021539,40.683333333,-68.233333333,73,0,0,0,0,0,0,0,0,0,0,0.00056665197502034,0.00113330395004068,0.00056665197502034,0,0,0,0,0.00056665197502034,0,0,0,0,0,0.00113330395004068,0.00056665197502034,0,0,0,0,0,0
1979.399726214921,557786.8876265659,4498279.293213904,40.633333333,-68.31666666700001,75,0,0,0,0.0005968746599457326,0,0,0,0,0,0,0,0,0,0,0,0,0,0,0,0,0,0.0005968746599457326,0,0,0,0,0,0,0,0,0
1979.399726214921,552291.4807634528,4477887.337659959,40.45,-68.383333333,96,0.005036757776289611,0.00440716305428109,0.002518378888144805,0.0006295947220638812,0,0,0.002518378888144805,0,0,0,0,0,0,0,0,0,0,0,0,0,0,0,0,0,0,0,0,0,0,0,0
1979.399726214921,543790.086186706,4481532.92192977,40.483333333,-68.483333333,90,0,0.0005490593246813293,0.001647177974099348,0.002745296623517366,0,0.0005490593246813293,0,0,0.001098118649418018,0.001647177974099348,0.002745296623517366,0.001098118649418018,0.001647177974099348,0.001098118649418018,0,0,0.0005490593246813293,0.001098118649418018,0,0.0005490593246813293,0,0.0005490593246813293,0,0,0,0,0,0,0,0,0
1979.413415468857,631628.4952144104,4547340.113500986,41.066666667,-67.43333333299999,59,0,0,0,0,0,0,0,0,0,0,0,0,0,0,0,0.0005575540747391887,0,0.0005575540747391887,0,0.0005575540747391887,0.0005575540747391887,0,0,0,0,0,0,0,0,0,0
1979.413415468857,624721.1347126339,4541666.882966664,41.016666667,-67.516666667,64,0,0,0,0,0,0,0,0,0,0,0,0,0.0005757447846999727,0.001151489569399945,0.0005757447846999727,0.001151489569399945,0.0005757447846999727,0.0005757447846999727,0.002302979138799891,0.002302979138799891,0.0005757447846999727,0.0005757447846999727,0.0005757447846999727,0,0,0,0,0,0,0,0
1979.413415468857,627620.3509934726,4536164.308691387,40.966666667,-67.483333333,68,0,0,0,0.0005710311957705253,0.001142062391485691,0.0005710311957705253,0.001142062391485691,0.0005710311957705253,0,0,0.0005710311957705253,0.0005710311957705253,0.00628134315319898,0.001142062391485691,0,0,0,0,0,0,0,0,0,0,0,0,0,0,0,0,0
1979.413415468857,640207.3251228603,4538244.51912817,40.983333333,-67.333333333,72,0,0,0.002723673412655958,0.002723673412655958,0.00708155087294978,0.008171020237635718,0.0005447346825090478,0.0005447346825090478,0,0,0,0.002178938730091551,0.005447346825256557,0.003813142777674054,0.003268408095165007,0.0005447346825090478,0.002178938730091551,0.0005447346825090478,0,0.0005447346825090478,0,0,0,0,0,0,0,0,0,0,0
1979.413415468857,643011.5870601666,4538298.568348473,40.983333333,-67.3,72,0.0005553533147260889,0,0,0.0005553533147260889,0.003332119888245814,0.00555353314726089,0.0005553533147260889,0,0,0.0005553533147260889,0.0005553533147260889,0.001110706629396818,0.0005553533147260889,0.002221413258848996,0.001110706629396818,0.0005553533147260889,0,0.0005553533147260889,0.001110706629396818,0,0,0,0,0,0,0,0,0,0,0,0
1979.413415468857,658475.0496871092,4536764.693511358,40.966666667,-67.116666667,77,0,0,0.001686256513728816,0.000562085504557819,0.001686256513728816,0.001124171009170997,0,0,0,0.000562085504557819,0.001686256513728816,0.001686256513728816,0.002810427522844454,0.001686256513728816,0.003934598532015452,0.001686256513728816,0.001686256513728816,0.001124171009170997,0,0,0,0,0,0,0,0,0,0,0,0,0
1979.413415468857,619415.3165513629,4523071.583288618,40.85,-67.583333333,72,0,0,0.002221413258848996,0.001666059944122907,0.002776766573519725,0,0,0.0005553533147260889,0,0,0,0,0.001110706629396818,0.0005553533147260889,0.0005553533147260889,0,0,0.0005553533147260889,0.001110706629396818,0.0005553533147260889,0.0005553533147260889,0,0,0,0,0,0,0,0,0,0
1979.413415468857,606583.4933880934,4535829.241176964,40.966666667,-67.733333333,58,0,0,0,0,0,0,0,0,0,0,0,0,0.0005519063552549514,0,0,0,0,0,0.001103812710509903,0,0,0,0,0,0,0,0,0,0,0,0
1979.413415468857,591271.2456968925,4526370.886906525,40.883333333,-67.916666667,61,0,0,0,0,0,0,0,0,0,0,0,0,0,0,0,0,0,0,0,0.001054161146090655,0.0005270805730453274,0,0,0,0,0.0005270805730453274,0.0005270805730453274,0,0,0,0
1979.413415468857,587189.5794150794,4515219.058982763,40.783333333,-67.966666667,69,0,0,0,0,0,0,0,0,0,0,0.0005890101329990365,0,0,0.0005890101329990365,0,0,0.001178020265998073,0.0005890101329990365,0.0005890101329990365,0.0005890101329990365,0.0005890101329990365,0,0.001178020265998073,0,0,0,0,0,0,0,0
1979.413415468857,613938.091706301,4513731.958122144,40.766666667,-67.65000000000001,70,0,0.001099014401083447,0.002747536002736299,0.006594086406832844,0.01099014401083448,0.00604457920626344,0.002198028802166895,0.001099014401083447,0,0,0.0005495072005694036,0,0.002198028802166895,0.001099014401083447,0.0005495072005694036,0,0.001099014401083447,0,0,0,0,0,0,0,0,0,0,0,0,0,0
1979.413415468857,655748.3801458869,4533004.198229435,40.933333333,-67.15000000000001,80,0.0005363568682542688,0.001072713736453178,0.002681784341160624,0,0.001609070604707447,0,0,0,0,0.0005363568682542688,0.0005363568682542688,0.002681784341160624,0.002681784341160624,0,0,0.001072713736453178,0.002145427472961715,0.003218141209414894,0,0.0005363568682542688,0.001072713736453178,0.0005363568682542688,0.0005363568682542688,0,0,0,0,0,0,0,0
1979.413415468857,674208.8034057572,4524161.373516842,40.85,-66.93333333299999,90,0.006852852290048134,0.01598998867622538,0.01199249150689224,0.001142142048285996,0,0,0.0005710710241429981,0.001713213072428994,0.003997497169056346,0.001713213072428994,0.003997497169056346,0.00285535512071499,0.001142142048285996,0,0,0.0005710710241429981,0.0005710710241429981,0.001142142048285996,0,0,0,0,0,0,0,0,0,0,0,0,0
1979.413415468857,670206.7100045553,4514811.76270172,40.766666667,-66.983333333,103,0.0005417251344473455,0,0,0,0,0,0,0,0,0,0,0,0,0,0,0,0,0,0,0,0,0,0,0,0,0,0,0,0,0,0
1979.413415468857,649403.3450267587,4499555.125391549,40.633333333,-67.233333333,103,0.0005576300209446597,0.0005576300209446597,0,0,0,0,0,0,0,0,0,0,0,0,0,0,0,0,0,0,0,0,0,0,0,0,0,0,0,0,0
1979.413415468857,638092.7697811228,4501187.340644485,40.65,-67.366666667,92,0.05880121687204228,0.1016656553410127,0.025828571896848,0.002198176331679618,0.001099088165839809,0.0005495440829199046,0.004396352663359237,0.00604498491206359,0.003297264497519428,0.002198176331679618,0.001648632248759714,0.001099088165839809,0.0005495440829199046,0,0,0,0,0,0,0,0,0,0,0,0,0,0,0,0,0,0
1979.413415468857,639154.1591576987,4519715.52740356,40.816666667,-67.34999999999999,88,0,0,0.0005648911528120961,0.0005648911528120961,0,0,0,0,0,0,0,0,0,0,0,0,0,0,0,0,0,0,0,0,0,0,0,0,0,0,0
1979.413415468857,632059.7304331306,4523286.949929902,40.85,-67.43333333299999,81,0.003345552271440109,0.009479064768858871,0.01338220908587116,0.005018328407160163,0.001672776135720055,0,0,0,0,0,0,0.0005575920452400181,0.0005575920452400181,0.0005575920452400181,0.002787960226200091,0.002787960226200091,0.001672776135720055,0,0,0,0,0,0,0,0,0,0,0,0,0,0
1979.413415468857,615546.2920087368,4500802.730909656,40.65,-67.633333333,83,0.004337288961869607,0.007590255683050376,0.003795127841635907,0.001626483360701103,0,0.0005421611202337009,0,0,0.0005421611202337009,0.002168644480934804,0.002710805601168505,0.00542161120233701,0.003795127841635907,0.002168644480934804,0.003252966721402206,0,0.0005421611202337009,0,0,0,0,0,0,0,0,0,0,0,0,0,0
1979.413415468857,602991.9458197911,4491365.966022396,40.566666667,-67.783333333,96,0.002267797122502348,0.0005669492806532669,0,0,0,0,0,0,0,0.0005669492806532669,0.0005669492806532669,0,0,0,0,0,0,0,0,0,0,0,0,0,0,0,0,0,0,0,0
1979.413415468857,597348.4296453713,4491290.155088244,40.566666667,-67.84999999999999,91,0,0,0,0,0,0,0,0.001154239862822559,0.0005771199314112793,0.003462719588412317,0.0005771199314112793,0,0,0.0005771199314112793,0,0,0,0,0,0,0,0,0,0,0,0,0,0,0,0,0
1979.413415468857,588817.0051097479,4496734.674532005,40.616666667,-67.95,84,0,0,0.001116684610311447,0,0,0,0,0,0,0,0,0,0,0.001116684610311447,0,0,0,0,0.0005583423051280434,0.001116684610311447,0,0,0,0,0,0,0,0,0,0,0
1979.413415468857,587363.7252868098,4500418.159813114,40.65,-67.966666667,81,0,0.0005631025098617484,0,0,0,0,0,0,0,0.001126205019723497,0.001126205019723497,0,0,0.0005631025098617484,0.001126205019723497,0,0,0,0,0,0,0,0,0,0,0,0,0,0,0,0
1979.413415468857,680887.720343376,4594680.015336434,41.483333333,-66.833333333,67,0,0,0,0,0,0,0.001141538762265352,0.000570769381132676,0,0,0,0,0,0,0.001712308143398028,0.001141538762265352,0.001712308143398028,0,0.002283077524586064,0.002853846905718739,0.001141538762265352,0.002853846905718739,0.000570769381132676,0.001712308143398028,0.000570769381132676,0.002283077524586064,0,0,0,0,0
1979.413415468857,680230.5251657672,4565038.25542876,41.216666667,-66.84999999999999,70,0,0,0,0,0,0,0,0,0,0,0,0,0.0005495072005694036,0.0005495072005694036,0,0,0.0005495072005694036,0,0.001648521601652851,0.001648521601652851,0.001099014401083447,0.0005495072005694036,0,0.001099014401083447,0,0,0,0,0,0,0
1979.413415468857,677300.8261498109,4570520.876244524,41.266666667,-66.883333333,69,0,0,0,0,0,0.00056006247504535,0,0,0,0,0,0,0.00056006247504535,0.0011201249500907,0.002240249900126041,0.00168018742513605,0.00168018742513605,0.00056006247504535,0.002800312375171391,0.007280812175534191,0.00392043732526209,0.004480499800307441,0.004480499800307441,0.00056006247504535,0.00168018742513605,0,0,0,0,0,0
1979.413415468857,660342.7461100785,4579383.73919417,41.35,-67.083333333,59,0,0,0,0,0,0,0,0,0.0005575540747391887,0,0,0,0,0,0.0005575540747391887,0,0,0.001115108149478377,0.001115108149478377,0.0005575540747391887,0.0005575540747391887,0,0,0,0,0,0,0,0,0,0
1979.413415468857,660219.9547250636,4584934.973943353,41.4,-67.083333333,58,0,0,0,0,0,0,0,0,0,0,0,0,0,0,0,0,0,0,0.001564779281594042,0.0005215930938831339,0,0,0,0,0,0,0,0,0,0,0
1979.413415468857,661406.5304438799,4594218.107121117,41.483333333,-67.06666666700001,60,0,0,0,0,0,0,0,0,0,0,0,0,0,0,0,0,0,0,0,0,0,0,0,0,0,0,0,0,0,0,0
1979.413415468857,666469.3207434559,4555454.214773715,41.133333333,-67.016666667,65,0,0,0,0.0005482970686777534,0,0,0,0,0,0,0,0,0.001096594137410867,0.0005482970686777534,0.005482970686998973,0.00164489120608862,0.0005482970686777534,0.0005482970686777534,0.00328978241217724,0.008224456030719897,0.00657956482424376,0.00328978241217724,0.0005482970686777534,0,0,0,0,0,0,0,0
1979.413415468857,655434.7089409372,4547806.552048534,41.066666667,-67.15000000000001,63,0,0,0,0.0005585547337067212,0,0.0005585547337067212,0,0,0.0005585547337067212,0,0,0,0.0005585547337067212,0.00502699260341585,0.006144102070829293,0.002234218934826885,0,0.002234218934826885,0.005585547337067212,0.008378321005877617,0.00502699260341585,0.006702656804591374,0.001675664201120164,0,0,0.0005585547337067212,0.0005585547337067212,0,0,0,0
1979.413415468857,649871.0418707945,4545839.535194631,41.05,-67.216666667,64,0,0,0,0,0,0.0005588054599067155,0,0,0,0,0,0,0,0.0005588054599067155,0,0.001117610919868791,0.001676416379775506,0,0.001117610919868791,0.004470443679475162,0.001117610919868791,0.0005588054599067155,0.0005588054599067155,0.0005588054599067155,0,0.0005588054599067155,0,0,0,0,0
1979.413415468857,713873.0741972856,4562244.100560955,41.183333333,-66.45,87,0.3899870082804923,0.2137151847460089,0.01843365474884164,0.001152103421816442,0.001728155132724663,0.01094498250709012,0.01497734448350303,0.01267313763975943,0.01094498250709012,0.008064723952825814,0.004608413687210409,0.002880258554485746,0.0005760517109082211,0,0,0,0,0,0,0,0,0,0,0,0,0,0,0,0,0,0
1979.413415468857,676663.303232657,4539030.714935555,40.983333333,-66.90000000000001,72,0.001089469365073455,0.002723673412655958,0.002723673412655958,0.002178938730091551,0.005992081507710246,0.001089469365073455,0,0,0.001634204047582503,0.009260489602875252,0.01579730579320526,0.02396832603139458,0.006536816190330013,0.001634204047582503,0.001634204047582503,0.002178938730091551,0.0005447346825090478,0.002178938730091551,0,0,0,0,0,0,0,0,0,0,0,0,0
1979.413415468857,708861.3626729145,4541727.564402401,41,-66.516666667,104,0,0,0,0,0,0,0.001724286984894428,0.001724286984894428,0.002299049313229478,0,0,0,0,0,0,0,0,0,0,0,0,0,0,0,0,0,0,0,0,0,0
1979.413415468857,697845.5598042941,4534015.56708755,40.933333333,-66.65000000000001,98,0.02553597711171495,0.006809593896235881,0.00113493231607622,0,0,0.00113493231607622,0.00397226310621141,0.00170239847411433,0.0005674661580381098,0.00170239847411433,0.00113493231607622,0,0,0,0,0,0,0,0,0,0,0,0,0,0,0,0,0,0,0,0
1979.413415468857,692232.4879797769,4533866.788366304,40.933333333,-66.716666667,93,0.01289392070295053,0.01906057843054489,0.01009089446303426,0.002242420991822298,0.0005606052479832543,0.001121210495911149,0.001681815743894403,0.001681815743894403,0,0.001681815743894403,0,0.0005606052479832543,0,0,0,0,0,0,0,0,0,0,0,0,0,0,0,0,0,0,0
1979.413415468857,681233.8245992494,4524330.531795477,40.85,-66.84999999999999,94,0.1710604237054362,0.1943868451165426,0.03110189521886825,0,0,0.004443127888393934,0.009997037748803311,0.0144401656375294,0.004443127888393934,0.004443127888393934,0,0,0,0,0,0,0,0,0,0,0,0,0,0,0,0,0,0,0,0,0
1979.413415468857,698444.9900905673,4563659.806947365,41.2,-66.633333333,78,0.004963091054544296,0.00551454561616033,0.01213200035577417,0.008823272985967247,0.00551454561616033,0.003308727369696198,0,0.000551454561616033,0.001102909123232066,0.001654363684848099,0.000551454561616033,0.002757272808080165,0.000551454561616033,0.001654363684848099,0.003308727369696198,0.004963091054544296,0.004963091054544296,0.006617454739613835,0.000551454561616033,0.000551454561616033,0,0.000551454561616033,0,0,0,0,0,0,0,0,0
1979.413415468857,701035.7274782558,4571138.234920658,41.266666667,-66.59999999999999,81,0.00108337858820972,0.002166757176419441,0.007583650117301964,0.005416892940993243,0.006500271529036885,0.0005416892940771803,0.00108337858820972,0.0005416892940771803,0,0.002708446470496621,0.002166757176419441,0.004875203646916061,0.001625067882286901,0.0005416892940771803,0.003250135764573802,0.005958582235181142,0.006500271529036885,0.003250135764573802,0.0005416892940771803,0.00108337858820972,0,0,0,0,0,0,0,0,0,0,0
1979.413415468857,705067.5616968507,4576806.651913533,41.316666667,-66.55,85,0.006837169985541965,0.02563938744481357,0.01880221745927161,0.02393009494856648,0.008546462481789056,0,0.001709292496302451,0.006837169985541965,0.006837169985541965,0.01367433997053033,0.02734867994106067,0.02222080245231939,0.03418584992660263,0.03418584992660263,0.0803367473247205,0.0991389647867601,0.041023019911591,0.01709292496302452,0.003418584992660263,0.003418584992660263,0.001709292496302451,0,0,0,0,0,0,0,0,0,0
1979.413415468857,702019.2884671463,4585980.793321407,41.4,-66.583333333,83,0.0005580919942919032,0.0005580919942919032,0.007255195925462583,0.002790459971404156,0.002790459971404156,0.001116183988528447,0.001116183988528447,0,0,0,0.00167427598282035,0.006139011937100216,0.003906643959932603,0.0033485519656407,0.00167427598282035,0.003906643959932603,0.01562657583984113,0.007255195925462583,0.002232367977112253,0.006697103931281399,0.00167427598282035,0.002790459971404156,0.001116183988528447,0,0,0,0,0,0,0,0
1979.413415468857,696496.1523538118,4583976.90660269,41.383333333,-66.65000000000001,80,0,0,0.001136926548799656,0.0005684632743721479,0,0.0005684632743721479,0,0,0,0,0.0005684632743721479,0.002273853097599311,0,0.002273853097599311,0,0.0005684632743721479,0.002273853097599311,0.002842316371971459,0.002842316371971459,0.002842316371971459,0.00568463274372148,0.001136926548799656,0.002273853097599311,0.0005684632743721479,0,0,0,0,0,0,0
1979.413415468857,691116.3930818839,4576425.969444236,41.316666667,-66.716666667,76,0,0,0,0.0005563460827215105,0,0,0,0,0,0,0,0.0005563460827215105,0.002225384330830682,0.001669038248109172,0,0.001112692165443021,0.0005563460827215105,0.002781730413552193,0.002225384330830682,0.0005563460827215105,0.002781730413552193,0.0005563460827215105,0.001112692165443021,0,0,0,0,0,0,0,0
1979.413415468857,712947.9403180587,4593702.607421958,41.466666667,-66.45,95,0,0,0,0,0,0,0,0,0.0005666911948789538,0,0.0005666911948789538,0.0005666911948789538,0,0.001700073584581502,0.001700073584581502,0.001133382389757908,0.0005666911948789538,0.001133382389757908,0.0005666911948789538,0,0,0.0005666911948789538,0,0,0,0,0,0,0,0,0
1979.413415468857,715676.509691761,4595635.788055963,41.483333333,-66.416666667,96,0,0.001145294379762337,0.0005726471899088483,0,0,0,0,0,0,0.0005726471899088483,0.0005726471899088483,0,0.0005726471899088483,0.002863235949433522,0.001717941569671185,0.0005726471899088483,0,0.0005726471899088483,0.0005726471899088483,0,0.002290588759580034,0.0005726471899088483,0.0005726471899088483,0,0,0,0,0,0,0,0
1979.413415468857,721412.9649162132,4590252.636590388,41.433333333,-66.34999999999999,93,0,0,0,0,0,0,0,0.000589610494034396,0,0,0,0.002358441976137584,0.001179220988068792,0.000589610494034396,0,0,0,0.005896104940343961,0.00294805247017198,0.008254546916481547,0.00294805247017198,0.000589610494034396,0,0,0,0,0,0,0,0,0
1979.413415468857,721582.9194841677,4584701.015169294,41.383333333,-66.34999999999999,88,0.01218598169160828,0.003323449552322231,0.002215633034863034,0,0,0.0005539082587295984,0.0005539082587295984,0,0,0.0005539082587295984,0.002215633034863034,0.003323449552322231,0.001107816517459197,0,0,0.0005539082587295984,0,0.001107816517459197,0.001661724776133435,0.001107816517459197,0.001107816517459197,0,0,0.002215633034863034,0.001107816517459197,0.0005539082587295984,0,0,0,0,0
1979.413415468857,724599.5786894135,4577384.715912704,41.316666667,-66.31666666700001,96,0.005904494565536083,0.002361797826269793,0.005904494565536083,0.003542696739377009,0.004723595652484226,0.002361797826269793,0.001180898913107216,0,0,0,0,0,0,0,0,0,0,0,0,0,0,0,0,0,0,0,0,0,0,0,0
1979.413415468857,721978.8211204782,4571747.379990821,41.266666667,-66.34999999999999,90,0.02501567419907942,0.00924492307377742,0.0005438190043398482,0,0.002719095021643881,0.003262914025983729,0.002719095021643881,0.0005438190043398482,0.002175276017304033,0.0005438190043398482,0,0,0,0,0,0,0,0,0,0,0,0,0,0,0,0,0,0,0,0,0
1979.413415468857,668575.3313314293,4644373.725907677,41.933333333,-66.966666667,60,0,0,0,0,0,0,0,0,0,0,0,0,0,0,0,0.0005470922550820814,0,0,0,0,0,0,0,0,0,0,0,0,0,0,0
1979.413415468857,677555.6540811228,4616816.819837238,41.683333333,-66.866666667,64,0,0,0,0,0,0,0,0,0,0,0,0,0,0,0,0,0,0,0,0,0,0,0,0,0,0,0,0,0,0,0
1979.413415468857,678711.6906220454,4626104.033820996,41.766666667,-66.84999999999999,65,0,0,0,0,0.001140492943010882,0,0.000570246471477761,0,0,0,0,0,0,0,0.001140492943010882,0.000570246471477761,0.000570246471477761,0,0,0.000570246471477761,0.000570246471477761,0.001710739414488642,0.000570246471477761,0.000570246471477761,0,0,0,0,0,0,0
1979.413415468857,665070.6653499703,4616518.419163258,41.683333333,-67.016666667,63,0,0,0,0,0,0,0,0,0,0,0,0,0,0,0,0,0,0,0,0,0,0,0,0,0,0,0,0,0,0,0
1979.413415468857,670707.6023508935,4612947.328771383,41.65,-66.95,61,0,0,0,0,0,0,0,0,0,0,0,0,0,0,0,0,0,0,0,0,0,0,0,0,0,0,0,0,0,0,0
1979.413415468857,676395.65679436,4607530.014200119,41.6,-66.883333333,63,0,0,0,0,0,0,0,0,0,0,0,0,0,0,0,0,0,0,0,0.0005324569041507028,0,0,0,0,0,0,0,0,0,0,0
1979.413415468857,684967.3837541192,4598486.824478727,41.516666667,-66.783333333,69,0,0,0,0,0,0,0,0.00056006247504535,0,0,0,0,0,0,0,0,0.002800312375171391,0.00168018742513605,0.004480499800307441,0.00504056227535279,0.00392043732526209,0.004480499800307441,0.0011201249500907,0.002240249900126041,0.00056006247504535,0.002800312375171391,0,0,0,0,0
1979.413415468857,671070.9670961795,4655543.458425511,42.033333333,-66.93333333299999,68,0,0,0,0.004568249565998123,0.003997218370227598,0.002284124783026741,0.005139280761768649,0.005710311957705253,0.002284124783026741,0,0,0.0005710311957705253,0.001142062391485691,0.0005710311957705253,0,0,0,0.001713093587256216,0,0.0005710311957705253,0,0.001713093587256216,0,0.001142062391485691,0.0005710311957705253,0,0,0,0,0,0
1979.413415468857,672810.7672273411,4640772.115795574,41.9,-66.916666667,63,0,0,0.0005640843368422049,0,0.001692253010581974,0,0.00112816867373977,0.00112816867373977,0,0,0,0,0,0,0.003384506021163949,0.003384506021163949,0.001692253010581974,0.006204927705596412,0.005640843368422048,0.002820421684321744,0.002820421684321744,0.0005640843368422049,0.00112816867373977,0.0005640843368422049,0,0,0,0,0,0,0
1979.413415468857,679630.0057601455,4644644.612553813,41.933333333,-66.833333333,60,0,0,0,0,0,0.0005578039031708742,0,0,0,0,0.0005578039031708742,0,0.0005578039031708742,0.001673411709567982,0.001115607806397108,0.001115607806397108,0.0005578039031708742,0.0005578039031708742,0.0005578039031708742,0.001673411709567982,0.003904627322362198,0.001115607806397108,0,0,0,0,0,0,0,0,0
1979.413415468857,689302.9319402114,4644895.763134507,41.933333333,-66.716666667,73,0.0005723438799624996,0.001717031639832139,0.008012814319364276,0.01659797251852497,0.04807688591563206,0.06353017067677857,0.04235344711600706,0.002289375519794639,0.001144687759924999,0.001144687759924999,0.003434063279719638,0.005723438799624996,0.01774266027867141,0.02289375519794639,0.02117672355800353,0.01201922147904641,0.005723438799624996,0.004578751039589278,0.006295782679421417,0.004578751039589278,0.002289375519794639,0.004578751039589278,0.001144687759924999,0.001717031639832139,0,0,0,0,0,0,0
1979.413415468857,690436.2258227044,4654185.880560165,42.016666667,-66.7,69,0.007689706458210569,0.01318235392867732,0.01922426614635682,0.06865809337668236,0.09831838971620631,0.07195368185885169,0.02581544311069547,0.006041912217125904,0.001647794241084665,0.004394117976262678,0.006591176964338658,0.03130809058060862,0.04723676824479611,0.03735000279828812,0.02581544311069547,0.0109852949403799,0.007689706458210569,0.004943382723253993,0.009337500699295231,0.003295588482169329,0,0,0,0,0,0,0,0,0,0,0
1979.413415468857,683440.0658675807,4657705.014317233,42.05,-66.783333333,77,0,0.003511055939586904,0.007607287869151092,0.02106633563752143,0.03276985543651351,0.01404422375834762,0.004681407919486113,0.001755527969821132,0.005266583909408035,0.02340703959743056,0.05266583909408035,0.06553971087302701,0.04096231929508828,0.02691809553674067,0.01755527969821132,0.01989598365756686,0.03218467944653622,0.03628091137582361,0.001755527969821132,0.004681407919486113,0.001170351979843848,0.0005851759899219241,0,0,0,0,0,0,0,0,0
1979.413415468857,693800.8399906479,4632053.164586765,41.816666667,-66.666666667,65,0,0,0,0,0,0,0,0,0,0,0,0,0,0,0,0,0,0,0.0005482970686777534,0,0,0.001096594137410867,0.0005482970686777534,0,0,0,0,0,0,0,0
1979.413415468857,698261.8138884341,4621063.67684974,41.716666667,-66.616666667,65,0,0,0,0,0,0,0,0,0,0,0,0,0,0,0.0005379440449543895,0,0,0,0,0.0005379440449543895,0,0,0,0,0,0,0,0,0,0,0
1979.413415468857,698517.8773846952,4611810.857023471,41.633333333,-66.616666667,65,0,0,0,0,0,0.0005645960012805851,0,0,0,0,0,0,0,0,0,0.0005645960012805851,0,0,0,0,0.0005645960012805851,0,0,0.00112919200256117,0,0.0005645960012805851,0,0,0,0,0
1979.413415468857,748659.5311379597,4648578.659968456,41.95,-66,91,0,0,0.0005493015968456701,0,0.0005493015968456701,0.0005493015968456701,0.0005493015968456701,0,0.00109860319369134,0.00109860319369134,0.00109860319369134,0.00109860319369134,0.00109860319369134,0.00109860319369134,0.003295809581129381,0.01483114311538669,0.007690222355839382,0.00219720638743804,0.00164790479059237,0,0,0,0,0,0,0,0,0,0,0,0
1979.413415468857,746152.6793586827,4641079.498881697,41.883333333,-66.033333333,93,0,0.007002861490656829,0.01400572298131366,0.02275929984463469,0.008753576863321035,0.003501430745273054,0.001750715372664207,0.007002861490656829,0.01925786909930628,0.06652718416123987,0.1260515068318229,0.1155472145958377,0.05252146117937261,0.02100858447197048,0.02275929984463469,0.01750715372664207,0.0245100152172989,0.01575643835397786,0.001750715372664207,0.003501430745273054,0.003501430745273054,0,0,0,0,0,0,0,0,0,0
1979.413415468857,734782.6261354417,4649958.822924801,41.966666667,-66.166666667,88,0,0,0.000594353246289472,0,0,0,0,0,0,0,0.000594353246289472,0.000594353246289472,0.001188706492523585,0.001783059738813057,0.001783059738813057,0,0,0.000594353246289472,0.000594353246289472,0.002971766231336641,0,0,0,0,0,0,0,0,0,0,0
1979.413415468857,722467.9212820551,4645856.970283534,41.933333333,-66.31666666700001,79,0.00113640761740374,0,0.00113640761740374,0.00113640761740374,0,0,0.00227281523486284,0.00113640761740374,0.01363689140928776,0.009091260939340642,0.01250048379166258,0.01931892949630646,0.02272815234862841,0.03636504375736257,0.07386649513456471,0.07500290274886831,0.05341115801897228,0.05113834278427551,0.00454563046972568,0.003409222852266581,0.00113640761740374,0.00113640761740374,0,0,0,0,0,0,0,0,0
1979.413415468857,735271.9812069873,4635153.252254583,41.833333333,-66.166666667,84,0,0,0,0,0,0,0.0005638676822698549,0.00225547072907942,0.00112773536453971,0.002819338411349274,0.003383206093619129,0.007330279869784912,0.008458015234324621,0.01917150119717506,0.01635216278610259,0.01635216278610259,0.01353282437447651,0.006766412187238257,0.003947073775888984,0,0,0.0005638676822698549,0,0,0,0,0,0,0,0,0
1979.413415468857,739672.7436901104,4627888.802408879,41.766666667,-66.116666667,88,0,0.0005593457980141484,0,0.0005593457980141484,0.0005593457980141484,0.0005593457980141484,0.0005593457980141484,0.0005593457980141484,0.0005593457980141484,0.0005593457980141484,0.001118691595972937,0.001118691595972937,0.002237383191945874,0.003356074787974171,0.002237383191945874,0.002237383191945874,0.001118691595972937,0.0078308411717552,0.005034112181905898,0.003915420585932959,0.001678037393987085,0,0,0,0,0,0,0,0,0,0
1979.413415468857,748306.9023696641,4618919.137650046,41.683333333,-66.016666667,93,0,0.0005497867831808312,0,0.001099573566306303,0,0,0.0005497867831808312,0.001099573566306303,0.001649360349487134,0,0.001099573566306303,0,0,0.001099573566306303,0.009346375313686612,0.01594381671174587,0.01099573566306303,0.007147228181184726,0,0.0005497867831808312,0,0,0,0,0,0,0,0,0,0,0
1979.413415468857,741992.6816092276,4600175.731732113,41.516666667,-66.09999999999999,105,0,0,0,0,0,0,0,0,0.000547405981011969,0.000547405981011969,0,0.001094811962023938,0,0,0,0,0,0,0,0,0,0,0,0,0,0,0,0,0,0,0
1979.413415468857,724954.5333660397,4610738.18419299,41.616666667,-66.3,83,0,0.0005526786867798909,0,0.0005526786867798909,0.0005526786867798909,0,0.0005526786867798909,0.001105357373615141,0.004421429494349846,0.01602768191683827,0.04255625888326951,0.04531965231716896,0.02487054090564868,0.01160625242270987,0.00663214424146941,0.02044911141152028,0.009395537675368866,0.003868750807569956,0.001658036060395032,0.004974108181129737,0.002763393433954814,0.005526786867964988,0.002763393433954814,0,0,0,0,0,0,0,0
1979.413415468857,731778.6693778049,4614660.267759279,41.65,-66.216666667,92,0,0,0,0,0,0,0,0,0.00113183669098334,0.002829591727375309,0.003395510072894658,0.004527346763822638,0.002263673381911319,0.003395510072894658,0.00113183669098334,0.003961428418358648,0.00113183669098334,0.003961428418358648,0.005659183454639899,0.005659183454639899,0.003395510072894658,0.007356938491031868,0.00113183669098334,0,0,0,0,0,0,0,0
1979.413415468857,728707.0017483998,4623824.263227107,41.733333333,-66.25,86,0,0,0,0,0,0,0,0,0,0.001140050116924224,0.003420150350717314,0.003420150350717314,0.0005700250584621122,0,0,0.0005700250584621122,0.0005700250584621122,0.001140050116924224,0.003990175409179426,0.001140050116924224,0.002280100233848449,0.006270275642972515,0.001140050116924224,0.0005700250584621122,0,0,0,0,0,0,0
1979.413415468857,716231.0588725629,4623436.248707659,41.733333333,-66.40000000000001,76,0,0,0.0005618318269659618,0.0005618318269659618,0,0,0,0,0,0,0,0.0005618318269659618,0,0,0,0.0005618318269659618,0.0005618318269659618,0.001123663653987283,0.002809159134940528,0.001123663653987283,0.002809159134940528,0.001123663653987283,0.0005618318269659618,0.0005618318269659618,0,0,0,0,0,0,0
1979.413415468857,708075.1347852568,4617637.904999544,41.683333333,-66.5,73,0,0,0,0,0,0,0,0,0,0,0,0.00056665197502034,0.00056665197502034,0,0,0,0,0,0.00056665197502034,0.00056665197502034,0.00113330395004068,0.00113330395004068,0.0033999118501774,0,0.00113330395004068,0.00056665197502034,0,0,0,0,0
1979.413415468857,710304.28858002,4636225.12364632,41.85,-66.466666667,81,0,0,0,0,0,0,0,0,0,0.0005744567742170475,0.001723370322595783,0.0005744567742170475,0.001148913548378735,0,0.0005744567742170475,0.001148913548378735,0.001148913548378735,0.001723370322595783,0.001148913548378735,0.0005744567742170475,0.001148913548378735,0.003446740645191566,0.00229782709681283,0.001723370322595783,0.0005744567742170475,0,0,0,0,0,0
1979.413415468857,700163.6424550723,4602596.659073045,41.55,-66.59999999999999,78,0,0,0,0,0,0,0,0,0,0,0,0,0,0.0005623394113388477,0.0005623394113388477,0.0005623394113388477,0.0005623394113388477,0.003374036468088446,0.0101221094043207,0.006185733524893404,0.002249357645355391,0.001124678822677695,0.003936375879427294,0.001124678822677695,0.002811697056694239,0.001124678822677695,0.0005623394113388477,0,0,0,0
1979.413415468857,707220.7201943411,4599092.156641991,41.516666667,-66.516666667,87,0,0,0,0,0,0,0,0,0,0,0,0.0005590945867524339,0.0005590945867524339,0.0005590945867524339,0.002236378347065095,0.008945513388481817,0.01453645925600616,0.01006370256176525,0.002795472933817528,0.002795472933817528,0.003913662107377755,0.002236378347065095,0.006150040454166052,0.00447275669413019,0.0005590945867524339,0,0,0,0,0,0
1979.413415468857,551323.4053425418,4614801.736413526,41.683333333,-68.383333333,65,0,0,0,0,0,0,0,0,0,0,0,0,0,0,0,0,0,0,0,0,0,0,0,0,0,0,0,0,0,0,0
1979.413415468857,554083.6941909695,4616672.525693346,41.7,-68.34999999999999,58,0,0,0,0,0,0,0,0,0,0,0,0,0,0,0,0,0,0.0005363217346614359,0,0,0,0,0,0,0,0,0,0,0,0,0
1979.413415468857,573403.5359898136,4626097.468334017,41.783333333,-68.116666667,59,0,0,0,0,0,0,0,0,0,0,0,0,0,0,0,0,0,0,0,0,0,0,0.0005862363728749852,0.0005862363728749852,0,0,0,0,0,0,0
1979.413415468857,581671.1187587645,4629888.567567935,41.816666667,-68.016666667,57,0,0,0,0,0,0,0,0,0,0,0,0,0,0,0,0,0,0,0,0,0,0,0,0,0,0.0005516617804591108,0,0,0,0,0
1979.413415468857,578902.5771417718,4629857.421070779,41.816666667,-68.05,59,0,0,0,0,0,0,0,0,0.0005630637851956808,0,0,0,0,0,0,0,0,0,0,0,0,0,0,0,0.0005630637851956808,0,0,0,0,0,0
1979.413415468857,588546.5277875245,4633672.059798619,41.85,-67.93333333299999,56,0,0,0,0,0,0,0,0,0,0,0,0,0,0,0,0,0,0.002679300065782773,0,0.0005358600131454827,0,0,0.0005358600131454827,0,0,0,0,0,0,0,0
1979.413415468857,603549.9155654361,4648681.385279913,41.983333333,-67.75,60,0,0,0,0,0.0005633185767354881,0,0,0,0,0,0,0,0.001126637153470976,0,0,0.0005633185767354881,0,0,0,0,0.0005633185767354881,0.001126637153470976,0.0005633185767354881,0.0005633185767354881,0,0.0005633185767354881,0,0,0,0,0
1979.413415468857,615915.6313372923,4652574.721576966,42.016666667,-67.59999999999999,54,0,0,0,0,0,0,0,0,0,0,0,0.0005207203841994987,0,0.0005207203841994987,0,0,0,0,0,0,0,0,0.0005207203841994987,0,0,0,0,0,0,0,0
1979.413415468857,628234.8672420995,4658340.476844918,42.066666667,-67.45,54,0.001754577799179824,0.005263733397539471,0.01286690386068894,0.009357748262218579,0.009357748262218579,0,0.004094014864734468,0.01111232606145376,0.01813063725839449,0.02163979285631127,0.01696091872520198,0.01637605945915931,0.001169718532805002,0.002924296331984826,0.0005848592663748213,0.005263733397539471,0.002339437065554645,0.001754577799179824,0.0005848592663748213,0,0.0005848592663748213,0,0,0,0,0,0,0,0,0,0
1979.413415468857,637815.0500640867,4662223.236820728,42.1,-67.333333333,59,0.002815318925923044,0.003378382711118725,0.006756765422348168,0.002815318925923044,0.003941446496259046,0.00619370163687569,0.02871625304414932,0.06475233529335131,0.08671182292068842,0.07770280235534316,0.04560816659946615,0.01632884977039794,0.003378382711118725,0,0.0005630637851956808,0.001126127570391362,0,0,0,0,0,0,0,0,0,0,0,0,0,0,0
1979.413415468857,640534.6045675775,4664128.144431512,42.116666667,-67.3,70,0.005038981029005528,0.02015592411591139,0.01511694308707195,0.02519490514530444,0.02015592411591139,0,0.01007796205823249,0.1158965636699505,0.2217151652777933,0.3476896910043155,0.6097167045360754,0.4232744064369072,0.1914812791025422,0.05038981029005529,0.02015592411591139,0.05038981029005529,0.2922608996848672,0.3376117289422079,0.08062369646364556,0.01007796205823249,0.005038981029005528,0,0,0,0,0,0,0,0,0,0
1979.413415468857,644668.1048559549,4664211.629257014,42.116666667,-67.25,54,0,0,0.0007583812744734415,0.0007583812744734415,0,0,0,0.002275143823475684,0.001516762548946883,0.0007583812744734415,0.0007583812744734415,0,0.0007583812744734415,0,0,0.001516762548946883,0.001516762548946883,0.0007583812744734415,0.002275143823475684,0.0007583812744734415,0,0,0,0,0,0,0,0,0,0,0
1979.413415468857,648840.6132504004,4662446.926031879,42.1,-67.2,53,0,0,0,0,0,0,0,0,0.0007356172204232934,0,0.001471234440846587,0,0.00220685166126988,0,0.0007356172204232934,0,0.0007356172204232934,0.0007356172204232934,0,0,0,0,0,0,0,0,0,0,0,0,0
1979.413415468857,651597.0167157706,4662505.538921005,42.1,-67.166666667,55,0,0,0.00148723312173916,0.007436165608695801,0.008179782169565383,0.007436165608695801,0.00148723312173916,0.00297446624353368,0.008923398730434962,0.03123189555707596,0.04461699365272841,0.07138718984569407,0.02900104587446722,0.01189786497391328,0.003718082804403261,0.00520531592614242,0.005948932486956641,0.01041063185217412,0.00148723312173916,0.0007436165608695802,0.00297446624353368,0.005948932486956641,0.003718082804403261,0.00297446624353368,0,0,0,0,0,0,0
1979.413415468857,655731.631857832,4662595.476380604,42.1,-67.116666667,57,0,0,0,0.01637449740928741,0,0,0,0,0,0.08187248704920505,0.2783664559628684,0.5403584145181101,0.5239839171049475,0.3438644455989108,0.1637449740928741,0.1801194715060367,0.6549798963604245,1.293585295340902,0.507609419697321,0.1964939689136633,0.1146214818644583,0.08187248704920505,0.01637449740928741,0,0,0,0,0,0,0,0
1979.413415468857,676404.8964737481,4663081.495383758,42.1,-66.866666667,63,0,0,0,0,0,0.004603829047637898,0.0276229742858274,0.1058880680984397,0.2025684780960676,0.2624182557181283,0.1150957261937155,0.05984977762206068,0.1335110423842671,0.08286892285748218,0.138114871429137,0.05984977762206068,0.0138114871429137,0.0276229742858274,0,0,0,0,0,0,0,0,0,0,0,0,0
1979.413415468857,673648.4422082389,4663013.193805354,42.1,-66.90000000000001,64,0,0,0.003489730640436455,0,0.005234595960599324,0.001744865320218228,0.008724326600814339,0.01919351852234514,0.05060109428583036,0.09247786197361438,0.1151611111351781,0.05583569024853336,0.02791784512315949,0.02093838384250801,0.02268324916267088,0.01221405724169367,0.01919351852234514,0.005234595960599324,0.003489730640436455,0.001744865320218228,0,0,0,0,0,0,0,0,0,0,0
1979.413415468857,669602.565046237,4659211.499669841,42.066666667,-66.95,62,0,0,0,0,0.002876063615835641,0.001150425446345328,0,0,0.0005752127231449842,0.001150425446345328,0.003451276338980625,0.004026489062180968,0.01495553080232319,0.01150425446345328,0.01207946718659827,0.008628190847728359,0.009778616294018327,0.01150425446345328,0.006327339954594825,0.001725638169490312,0.003451276338980625,0.002300850892635297,0.001725638169490312,0.0005752127231449842,0.0005752127231449842,0,0,0,0,0,0
1979.413415468857,687528.9642871937,4659664.155108601,42.066666667,-66.733333333,69,0.0005656221198435151,0.001696866359530545,0.003959354838959966,0.004524976958803481,0.004524976958803481,0.002828110599272935,0,0,0.001696866359530545,0.006787465438122181,0.01696866359530545,0.01357493087624436,0.01187806451699062,0.009049953917496242,0.01809990783499248,0.02319050691386092,0.02658423963292201,0.01583741935561842,0.003959354838959966,0.003959354838959966,0,0,0,0,0,0,0,0,0,0,0
1979.413415468857,555441.8067998469,4620383.933725902,41.733333333,-68.333333333,77,0,0,0,0,0,0,0,0,0,0,0,0,0,0,0,0,0,0,0,0,0,0.0005512103870154877,0,0,0,0,0,0,0,0,0
1979.413415468857,562339.8162011432,4624141.805681054,41.766666667,-68.25,80,0,0,0,0,0,0,0,0,0.0005313551077107839,0,0,0,0,0,0,0,0,0,0,0,0.0005313551077107839,0,0,0,0,0,0,0,0,0,0
1979.413415468857,574710.9938895634,4633513.620787382,41.85,-68.09999999999999,112,0,0,0,0,0,0,0,0,0,0,0,0,0,0,0,0,0,0,0,0,0,0,0,0,0,0,0,0,0,0,0
1979.413415468857,578861.6460428983,4633558.332186386,41.85,-68.05,81,0,0,0,0,0,0,0,0,0,0,0,0,0,0,0,0,0,0,0,0,0,0,0,0,0,0,0,0,0,0,0
1979.413415468857,582947.6231576367,4639156.876122702,41.9,-68,97,0,0,0,0,0,0,0.0005787297112014663,0,0,0,0,0,0.0005787297112014663,0,0,0,0,0.001736189133659758,0.0005787297112014663,0.0005787297112014663,0.0005787297112014663,0,0,0,0,0,0,0,0,0,0
1979.413415468857,599433.7775890115,4646771.621837974,41.966666667,-67.8,83,0,0,0,0,0,0,0.000547369385092573,0.001094738770129786,0.002736846925352145,0.002189477540259572,0.001094738770129786,0.000547369385092573,0.000547369385092573,0.000547369385092573,0,0,0,0,0,0,0,0,0,0,0,0,0,0,0,0,0
1979.413415468857,617203.6659893697,4658149.091689741,42.066666667,-67.583333333,109,0,0,0,0,0,0,0.0005941127213327276,0,0,0,0,0,0,0,0,0,0.001188225442610096,0,0,0,0,0,0,0,0,0,0,0,0,0,0
1979.413415468857,626789.5634463213,4662016.765284857,42.1,-67.466666667,86,0,0,0,0,0,0.0005643789535436221,0.003386273721206373,0.006208168488647684,0.01072320011710738,0.01128757907087244,0.003386273721206373,0.002257515814174489,0.003386273721206373,0.001693136860630866,0.003950652674749995,0.002257515814174489,0.0005643789535436221,0,0,0,0,0,0,0,0,0,0,0,0,0,0
1979.413415468857,628134.1679943958,4663892.218223258,42.116666667,-67.45,125,0,0,0.0005631799752481979,0.001126359950441036,0.0005631799752481979,0.0005631799752481979,0.01802175920738873,0.01520585933142454,0.01520585933142454,0.01070041952943896,0.004505439801819504,0.005631799752481978,0.005631799752481978,0.003379079851378467,0.001689539925689234,0,0.0005631799752481979,0.0005631799752481979,0,0,0,0,0,0,0,0,0,0,0,0,0
1979.413415468857,639120.2941854284,4665951.457031537,42.133333333,-67.31666666700001,94,0,0,0,0,0.002204171228083753,0.004408342456222867,0.04408342456222866,0.1013918764914098,0.2578880336876814,0.2733172322850427,0.1807420407064108,0.02645005473722649,0.006612513684583419,0.01322502736861324,0.01102085614041877,0.008816684912224294,0.006612513684583419,0.006612513684583419,0.01322502736861324,0.008816684912224294,0.004408342456222867,0.002204171228083753,0,0,0,0,0,0,0,0,0
1979.413415468857,641875.2345652425,4666006.309663448,42.133333333,-67.283333333,105,0,0,0,0,0.002953532256771239,0.002953532256771239,0.01181412902708496,0.01772119354062744,0.009598979834644928,0.00147676612838562,0.002953532256771239,0.002215149192606109,0.01550604434818741,0.01329089515574738,0.00812221370598251,0.00147676612838562,0.003691915320991729,0.009598979834644928,0.02067472579739868,0.01181412902708496,0.002953532256771239,0.0007383830642204898,0,0,0,0,0,0,0,0,0
1979.413415468857,645969.3552312161,4667941.222684131,42.15,-67.233333333,103,1.460990654827399,2.653159029140869,1.332423477199931,0.1402551028643161,0,0.02629783178678246,0.02337585047701695,0.05990061684576433,0.108113308454681,0.09058142059940946,0.06136160750175428,0.01022693458362571,0.01899287851292226,0.02775882244166522,0.01899287851292226,0.002921981309654798,0.004382971964482197,0,0,0,0.001460990654827399,0.001460990654827399,0,0,0,0,0,0,0,0,0
1979.413415468857,648762.6068825924,4666148.150126453,42.133333333,-67.2,88,0.4154652783715909,0.4748174609968948,0.1362901971397916,0.02198228986120314,0,0.006594686958305582,0.04176635073611989,0.0351716637778143,0.06594686958305582,0.1670654029444796,0.1450831130816156,0.1033167623454957,0.04396457972240628,0.01538760290289756,0.008792915944591976,0.01318937391661116,0.01978406087491675,0.01978406087491675,0.002198228986120314,0,0.002198228986120314,0,0,0,0,0,0,0,0,0,0
1979.413415468857,652895.0455241906,4666236.483578433,42.133333333,-67.15000000000001,83,0.002924402050029784,0,0,0,0.002924402050029784,0.008773206150255432,0.005848804100170289,0.02047081435004241,0.01754641229995727,0.04094162870008482,0.05556363894829616,0.04094162870008482,0.02924402050029784,0.04971483485034026,0.125749288152554,0.125749288152554,0.10235407175298,0.08480765944914759,0.008773206150255432,0.005848804100170289,0.01169760819978698,0.002924402050029784,0,0.002924402050029784,0,0,0,0,0,0,0
1979.413415468857,668003.3387583398,4668431.741181375,42.15,-66.966666667,83,0,0,0,0.008757910161259728,0.004378955080574505,0.01313686524188959,0.04816850588637491,0.1226107422554218,0.4072428224935951,0.4597902834578318,0.1839161133831327,0.04378955080574504,0.01751582032251946,0.004378955080574505,0.01751582032251946,0.01313686524188959,0,0.01751582032251946,0.02189477540259572,0.008757910161259728,0.008757910161259728,0,0,0,0,0,0,0,0,0,0
1979.413415468857,673557.4222405006,4666714.485157683,42.133333333,-66.90000000000001,83,0,0,0,0.000547369385092573,0.000547369385092573,0,0.002736846925352145,0.004926324465667077,0.005473693850704291,0.003284216310444719,0.00711580200609273,0.007663171390963864,0.009852648931555595,0.005473693850704291,0.003284216310444719,0,0.005473693850704291,0.006021063235796864,0.004378955080574505,0.004926324465667077,0.002736846925352145,0.001094738770129786,0,0,0,0,0,0,0,0,0
1979.413415468857,693044.8340162126,4659812.586418401,42.066666667,-66.666666667,70,0,0,0,0.0005658792325603228,0.0005658792325603228,0,0.001131758465065286,0.003395275395251217,0.001697637697625609,0.002829396162690895,0.005658792325603229,0.007922309255401641,0.002829396162690895,0.002263516930185931,0.002829396162690895,0.00396115462781154,0.005658792325603229,0.001697637697625609,0.001131758465065286,0.0005658792325603228,0,0,0,0,0,0,0,0,0,0,0
1979.413415468857,692943.7539945388,4663513.919135472,42.1,-66.666666667,73,0.0005556011744006453,0.001111202348801291,0,0,0,0,0,0.0005556011744006453,0.001111202348801291,0.001666803523201936,0.0005556011744006453,0.001111202348801291,0.0005556011744006453,0.008334017615732882,0.01333442818572621,0.01277882701115948,0.007778416441719754,0.01222322583659276,0.001111202348801291,0.001111202348801291,0.001111202348801291,0.0005556011744006453,0,0,0,0,0,0,0,0,0
1979.413415468857,710861.1217745764,4664026.136622687,42.1,-66.45,81,0,0,0,0,0.0005416892940771803,0,0.0005416892940771803,0.0005416892940771803,0.002166757176419441,0.007583650117301964,0.02979291117535211,0.04116838635130506,0.03737656129265408,0.03466811482226818,0.02979291117535211,0.02004250388151999,0.01625067882286901,0.01733405741113409,0.009750407293832123,0.01408392164633885,0.01029209658768787,0.008125339411711303,0.004875203646916061,0.0005416892940771803,0,0,0,0,0,0,0
1979.413415468857,728778.7976466109,4664583.879464001,42.1,-66.233333333,95,0,0,0,0,0,0.004533529558920912,0.0136005886765413,0.04080176603017748,0.117871768532608,0.1813411823557293,0.1405394163277662,0.1088047094134376,0.1269388276517785,0.07253647294229171,0.1088047094134376,0.1496064754469366,0.06800294338547445,0.01813411823557293,0,0,0,0,0,0,0,0,0,0,0,0,0
1979.413415468857,734291.9945757522,4664764.654415411,42.1,-66.166666667,96,0,0.01041229424206188,0.02024612769314415,0.1417228938509018,0.617796125062959,1.25525991700151,1.285918338926751,0.3846764261730604,0.1417228938509018,0.05090454962890378,0.02024612769314415,0.03065842193575963,0.01041229424206188,0.06073838308053964,0.02024612769314415,0,0.01041229424206188,0,0,0,0,0,0,0,0,0,0,0,0,0,0
1979.413415468857,738426.9134977369,4664903.065613017,42.1,-66.116666667,98,0.005674661580381099,0.004539729264249519,0.0283733079019055,0.05220688653928467,0.04539729264249519,0.04085756337852247,0.01929384937340646,0.004539729264249519,0.0034047969481733,0.009079458528499038,0.05334181885513945,0.07944526212644258,0.06015141274916095,0.01361918779302536,0,0,0,0,0,0,0,0,0,0,0,0,0,0,0,0,0
1979.413415468857,600867.3688009761,4643090.081036587,41.933333333,-67.783333333,50,0,0,0,0,0,0,0,0,0,0,0,0,0,0,0,0,0.0005446984428847024,0.0005446984428847024,0.0005446984428847024,0,0,0,0,0,0,0,0,0,0,0,0
1979.413415468857,606339.0212374355,4646871.704769851,41.966666667,-67.716666667,50,0,0,0,0,0,0,0.0005395406430456194,0,0,0,0,0,0,0,0,0,0,0,0,0,0,0,0,0,0.0005395406430456194,0,0,0,0,0,0
1979.413415468857,633750.494587014,4658442.624265246,42.066666667,-67.383333333,51,0,0,0.005555634745534056,0.008333452118024285,0.01722246771065733,0.006666761694197988,0.004444507796316523,0.002222253898158262,0.004444507796316523,0.01444465033816711,0.01944472160909239,0.01055570601645934,0.01000014254185058,0.005555634745534056,0.006666761694197988,0.009444579067241814,0.01111126949051451,0.006111198220142821,0,0.0005555634745534054,0,0.0005555634745534054,0,0,0,0,0,0,0,0,0
1979.413415468857,643402.8880679326,4658631.738112943,42.066666667,-67.266666667,47,0.01122512913812222,0.02694030993193621,0.06510574900420903,0.06735077482984052,0.05388061986387242,0.02020523244895216,0.002245025827679804,0.002245025827679804,0.01122512913812222,0.02918533575978209,0.04041046489790432,0.0830659556258689,0.09653611059072982,0.1459266787989105,0.1818470920422302,0.1032711880731603,0.04041046489790432,0.01796020662110627,0.004490051655304248,0.006735077482984053,0.004490051655304248,0.008980103310829938,0.002245025827679804,0.002245025827679804,0,0,0,0,0,0,0
1979.413415468857,640828.9005172077,4649323.485843768,41.983333333,-67.3,47,0,0.0007126195361906506,0.003563097681008613,0.003563097681008613,0.0007126195361906506,0,0,0,0,0.002137858608627312,0.001425239072436661,0.002850478144817962,0.001425239072436661,0.002137858608627312,0.001425239072436661,0,0.0007126195361906506,0,0,0.0007126195361906506,0.0007126195361906506,0,0,0,0,0,0,0,0,0,0
1979.413415468857,649113.2367489096,4649492.794717368,41.983333333,-67.2,52,0.001442158435295938,0.001442158435295938,0.01009510904707157,0.02667993105242125,0.02884316870536516,0.002884316870536516,0.006489712958831721,0,0.001442158435295938,0.003605396088184485,0.009374029829423595,0.02667993105242125,0.05840741663003907,0.07499223863206718,0.02595885183477328,0.01297942591766344,0.003605396088184485,0.0007210792176479689,0.0007210792176479689,0.003605396088184485,0.003605396088184485,0.002884316870536516,0.002163237652943907,0,0,0,0,0,0,0,0
1979.413415468857,648918.5689994127,4658745.721391216,42.066666667,-67.2,48,0.007486855017416739,0.01347633903179301,0.02994742007022056,0.05390535612661844,0.08010934869062182,0.01871713754381865,0.002246056505280382,0,0.006738169515619706,0.007486855017416739,0.01497371003538708,0.01796845204202161,0.01422502453359004,0.01946582304561568,0.01796845204202161,0.01422502453359004,0.002994742007022055,0.004492113010560763,0,0,0.006738169515619706,0.00374342750876373,0.001497371003538708,0,0,0,0,0,0,0,0
1979.413415468857,655853.9636367207,4657043.649798604,42.05,-67.116666667,54,0,0,0.002832102800447946,0.01982471960308026,0.0254889252041976,0.01416051400196293,0.002832102800447946,0,0.0084963084013992,0.002832102800447946,0.01132841120168107,0.02832102800447947,0.09062728961234134,0.09062728961234134,0.1302767288229306,0.09062728961234134,0.0424815420064424,0.04814574760755973,0.03115313080476134,0.0339852336055968,0.01132841120168107,0.0084963084013992,0.002832102800447946,0.002832102800447946,0,0,0,0,0,0,0
1979.413415468857,631437.2722499396,4634333.945278566,41.85,-67.416666667,53,0.002246159451686434,0.003930779040437419,0.006176938492289932,0.002246159451686434,0,0.0005615398629354483,0.001123079725815537,0.001684619588750985,0.008423097944031725,0.01010771753283807,0.005053858766308316,0.002807699314621882,0.003930779040437419,0.01066925739577352,0.005615398629354483,0.005615398629354483,0.002807699314621882,0,0,0,0,0,0,0,0,0,0,0,0,0,0
1979.413415468857,585912.8943588147,4622535.520874445,41.75,-67.966666667,31,0,0,0,0,0,0,0,0,0,0,0,0,0,0,0,0,0,0,0,0,0,0,0,0,0,0,0,0,0,0,0
1979.413415468857,598333.3917671312,4626397.085054345,41.783333333,-67.81666666700001,30,0,0,0,0,0,0,0,0,0,0,0,0,0,0,0,0,0,0,0,0,0,0,0,0,0,0,0,0,0,0,0
1979.413415468857,609498.3981616605,4621006.80181746,41.733333333,-67.68333333299999,42,0,0,0,0,0,0,0,0,0,0,0,0,0,0,0.0005643011579919021,0.0005643011579919021,0,0.0005643011579919021,0.0005643011579919021,0.002257204632022968,0.0005643011579919021,0.001128602316039164,0.0005643011579919021,0.0005643011579919021,0,0,0,0,0,0,0
1979.413415468857,602328.9678886059,4637558.331536681,41.883333333,-67.766666667,38,0,0.0005470557010699809,0.001641167103209943,0.008205835516049713,0.004923501309574468,0.003282334206419885,0.0005470557010699809,0.0005470557010699809,0.004923501309574468,0.001094111402139962,0.002735278505349904,0.002188222804279924,0.0005470557010699809,0,0,0.0005470557010699809,0.001094111402139962,0,0,0,0,0,0,0,0,0,0,0,0,0,0
1979.413415468857,665984.3093605473,4636906.405044045,41.866666667,-67,60,0,0,0,0,0,0,0,0,0,0,0,0,0,0,0,0,0,0,0,0,0,0,0,0,0,0,0,0,0,0,0
1979.413415468857,659109.3282524802,4634898.023012101,41.85,-67.083333333,56,0,0,0,0,0,0,0,0,0,0,0,0,0,0,0,0,0,0,0,0,0,0.0005514174223965086,0,0,0,0,0,0,0,0,0
1979.413415468857,652191.2620602908,4634746.923070493,41.85,-67.166666667,53,0,0,0,0.001954252924348727,0,0,0,0,0,0,0.001302835282899151,0,0,0,0,0,0,0,0,0,0,0,0,0,0,0,0,0,0,0,0
1979.413415468857,655038.9349695395,4631105.482270035,41.816666667,-67.133333333,54,0,0,0,0,0,0,0,0,0,0,0,0,0,0,0,0,0,0,0,0,0,0,0,0,0,0,0,0,0,0,0
1979.399726214921,663556.6186242675,4622038.147875186,41.733333333,-67.033333333,60,0,0,0,0,0,0,0,0,0,0,0,0,0,0,0,0,0,0,0,0,0,0,0,0,0,0,0,0,0,0,0
1979.399726214921,657070.707659867,4601527.764607708,41.55,-67.116666667,51,0,0,0,0,0,0,0,0,0,0,0,0,0,0,0,0,0,0,0,0,0,0,0,0,0,0,0,0,0,0,0
1979.399726214921,647567.1879000654,4590219.552914905,41.45,-67.233333333,46,0,0,0,0,0,0,0,0,0,0,0,0,0,0,0,0,0,0,0,0,0,0,0,0,0,0,0,0,0,0,0
1979.399726214921,647944.3717037957,4571715.660469847,41.283333333,-67.233333333,53,0,0,0,0,0,0,0,0,0,0,0,0,0,0,0.0005454143840747275,0.0005454143840747275,0.001090828768149455,0,0,0,0,0,0,0,0,0,0,0,0,0,0
