1979.388774811773,516404.3873743117,4046818.687046171,36.566666667,-74.81666666700001,50,0,0,0,0,0,0,0.003057860654928033,0,0,0,0.0006115721309966786,0.002446288523931354,0.006115721309966785,0.003057860654928033,0.001223144261993357,0,0,0,0,0,0,0,0,0,0,0,0,0,0,0,0
1979.388774811773,514903.4608588935,4052362.26113372,36.616666667,-74.833333333,52,0,0,0,0,0,0.001224347234380656,0.0006121736171626484,0,0.0006121736171626484,0,0.001224347234380656,0.003060868085923961,0.006121736171626484,0.00367304170308661,0.001836520851543305,0.0006121736171626484,0,0,0,0.0006121736171626484,0,0,0,0,0,0.0006121736171626484,0,0,0,0,0
1979.388774811773,513407.3376115015,4056057.354774406,36.65,-74.84999999999999,51,0,0,0,0.0006118727262692555,0,0,0,0,0.001223745452538511,0.0006118727262692555,0.002447490905077022,0.006118727262692556,0.006730599989072531,0.009178090894038834,0.0006118727262692555,0,0,0.0006118727262692555,0,0,0,0,0,0,0,0,0,0,0,0,0
1979.388774811773,519370.3337869182,4054219.956589693,36.633333333,-74.783333333,61,0.00184251896484444,0.00552755689447796,0.03562203331991987,0.0571180879107866,0.0165826706835446,0.002456691953107467,0.001228345976526053,0.006755902871114734,0.0184251896484444,0.03623620630840433,0.0331653413665356,0.012897632753745,0.006141729882630268,0,0,0,0,0.0006141729882630267,0,0.0006141729882630267,0.0006141729882630267,0,0,0,0,0,0,0,0,0,0
1979.388774811773,519378.6737671946,4050522.412789717,36.6,-74.783333333,70,0,0,0,0.001233824455141602,0.0006169122275708012,0.001233824455141602,0.004935297820677129,0.01418898123412843,0.04996989043434209,0.07156181839821293,0.04811915375162969,0.01357206900655763,0.003084561137909366,0.001850736682767763,0.0006169122275708012,0,0,0,0.001233824455141602,0,0,0.0006169122275708012,0,0,0,0,0,0,0,0,0
1979.388774811773,517907.2242073545,4041275.414953471,36.516666667,-74.8,74,0,0,0,0.001236275051890343,0,0,0,0,0.0006181375259728515,0.003708825155671029,0.008035787837259551,0.004945100207616733,0.006799512785203128,0,0,0,0,0,0,0,0,0,0,0,0,0,0,0,0,0,0
1979.388774811773,516369.075107306,4065306.498830918,36.733333333,-74.81666666700001,53,0,0,0,0,0.001180942140177955,0.0005904710700889776,0.001771413210266933,0.001180942140177955,0.0005904710700889776,0.0005904710700889776,0.004133297490622843,0.002952355350444888,0.001771413210266933,0.00236188428035591,0.00236188428035591,0,0.0005904710700889776,0.0005904710700889776,0,0.0005904710700889776,0.001180942140177955,0,0,0,0,0,0,0,0,0,0
1979.388774811773,516333.6239359527,4083794.829141531,36.9,-74.81666666700001,56,0,0,0,0,0.001773937455572018,0.001182624970362892,0.007095749822509509,0.001182624970362892,0.0005913124852091259,0.00295656242593491,0.009460999762792417,0.007095749822509509,0.007095749822509509,0.005913124852091258,0.00295656242593491,0,0,0,0,0,0,0,0,0,0,0,0,0,0,0,0
1979.388774811773,511863.4785589863,4094880.677787832,37,-74.866666667,57,0.0005915934900113317,0.0005915934900113317,0.0005915934900113317,0.001774780470089354,0.008873902350446774,0.005915934900113316,0.006507528390622886,0.004732747920312092,0.0124234632907362,0.005915934900113316,0.00769071537053483,0.00769071537053483,0.0041411544302454,0.002957967450167377,0.002366373960156046,0.0005915934900113317,0,0,0,0,0.0005915934900113317,0,0,0,0,0,0,0,0,0,0
1979.388774811773,510366.9332538377,4105972.155939002,37.1,-74.883333333,55,0,0,0,0,0,0,0,0,0,0,0.001182063494315301,0.001773095241500631,0,0,0,0,0,0,0.0005910317471853303,0,0,0,0,0.0005910317471853303,0,0,0,0,0,0,0
1979.388774811773,519210.6281173495,4124477.232045869,37.266666667,-74.783333333,51,0,0,0,0,0.0005899114557328494,0.0005899114557328494,0,0,0,0,0.0005899114557328494,0.001179822911521058,0.0005899114557328494,0.001179822911521058,0.0005899114557328494,0.001179822911521058,0,0.0005899114557328494,0,0,0,0.001179822911521058,0.0005899114557328494,0,0,0,0,0,0,0,0
1979.388774811773,526522.9465898627,4148534.555035862,37.483333333,-74.7,61,0,0,0,0,0.0005927201853082132,0,0,0,0,0,0.00177816055592464,0.002370880741232853,0.0005927201853082132,0.001185440370616426,0.00177816055592464,0.0005927201853082132,0.0005927201853082132,0.002370880741232853,0,0.0005927201853082132,0,0,0,0,0,0,0,0,0,0,0
1979.388774811773,522077.8757578492,4157766.926225089,37.566666667,-74.75,60,0,0,0,0,0,0,0,0,0.001184876218702216,0.001184876218702216,0.002369752437349072,0.002369752437349072,0.001184876218702216,0,0.000592438109351108,0,0,0.001184876218702216,0,0.000592438109351108,0,0,0,0,0,0,0,0,0,0,0
1979.388774811773,526446.1658284853,4172572.586811189,37.7,-74.7,51,0,0,0,0,0.0005899114557328494,0,0.0005899114557328494,0,0,0,0,0.0005899114557328494,0.001179822911521058,0.0005899114557328494,0.0005899114557328494,0,0.001179822911521058,0.001179822911521058,0,0,0,0,0,0,0,0,0,0,0,0,0
1979.388774811773,519231.7769512894,4115232.42479973,37.183333333,-74.783333333,64,0,0,0,0,0,0,0,0,0,0,0,0,0,0,0,0,0,0,0,0,0,0,0,0,0,0,0,0,0,0,0
1979.388774811773,516290.8995860585,4105981.511058844,37.1,-74.81666666700001,61,0,0,0,0,0,0,0,0,0,0,0,0,0,0,0,0,0,0,0,0,0,0,0,0,0,0,0,0,0,0,0
1979.388774811773,517818.500500001,4083797.811578407,36.9,-74.8,53,0,0,0,0.002271270195699137,0.01022071588089524,0.006813810587263491,0.005110357940336899,0.0005678175489386242,0.001135635097877248,0.001135635097877248,0.004542540391398274,0.007381628135925316,0.01022071588089524,0.009085080783017988,0.00397472284245965,0.001135635097877248,0.001703452646760513,0.001135635097877248,0,0,0,0,0,0,0,0,0,0,0,0,0
1979.388774811773,519357.8114898823,4059766.311171322,36.683333333,-74.783333333,66,0,0.001713613693827913,0.01199529585674004,0.01884975063194097,0.003427227387655826,0.0005712045645908512,0.001713613693827913,0.003998431952246678,0.006854454775200936,0.007425659340123945,0.008568068468862768,0.005140841081483741,0.001713613693827913,0.001142409129237062,0,0,0,0.0005712045645908512,0,0,0.0005712045645908512,0,0,0,0,0,0,0,0,0,0
1979.388774811773,547089.1095956073,4159720.300020579,37.583333333,-74.466666667,68,0,0,0,0,0,0,0,0.0005717292336324975,0.001715187700952852,0.00228691693458535,0.006860750803811409,0.006289021570068192,0.00228691693458535,0.0005717292336324975,0,0.0005717292336324975,0.001143458467320355,0,0,0.0005717292336324975,0,0,0,0,0,0,0,0,0,0,0
1979.388774811773,536796.5134330807,4157819.133850676,37.566666667,-74.583333333,66,0.0005712045645908512,0.0005712045645908512,0.001713613693827913,0.002284818258418764,0.001142409129237062,0.0005712045645908512,0.002284818258418764,0.005140841081483741,0.008568068468862768,0.01370890955040187,0.0102816821630782,0.007425659340123945,0.002284818258418764,0.0005712045645908512,0.0005712045645908512,0,0,0,0,0,0,0,0,0,0,0,0,0,0,0,0
1979.388774811773,528015.0935183147,4142992.265299885,37.433333333,-74.68333333299999,61,0,0,0,0.001139794190676578,0.001709691286014868,0.0005698970953382891,0,0.0005698970953382891,0,0.002849485476636085,0.005698970953382891,0.001139794190676578,0,0,0.0005698970953382891,0.0005698970953382891,0.0005698970953382891,0,0,0.0005698970953382891,0,0,0,0,0,0,0,0,0,0,0
1979.388774811773,530998.3554107102,4133757.597743231,37.35,-74.65000000000001,75,0,0,0,0,0,0,0,0,0,0,0,0,0,0,0,0,0.0005735731901161702,0.0005735731901161702,0,0,0,0.0005735731901161702,0,0,0,0,0,0,0,0,0
1979.388774811773,530833.1383528187,4178135.2467442,37.75,-74.65000000000001,54,0,0,0,0,0,0,0,0,0,0.0005694811372532417,0,0.0005694811372532417,0.0005694811372532417,0.001138962274506483,0.0005694811372532417,0,0,0,0.001138962274506483,0.0005694811372532417,0.001138962274506483,0,0,0.0005694811372532417,0,0,0,0,0,0,0
1979.388774811773,532272.3867624659,4185537.438982501,37.816666667,-74.633333333,51,0,0,0,0,0,0,0,0,0,0,0,0.0005687006645303325,0.001137401329116024,0.001706101993646357,0.0005687006645303325,0,0,0.0005687006645303325,0,0,0,0,0,0,0,0,0,0,0,0,0
1979.388774811773,539580.3244893836,4191116.986704331,37.866666667,-74.55,54,0,0,0,0,0,0.0005694811372532417,0.001138962274506483,0.0005694811372532417,0.0005694811372532417,0.0005694811372532417,0.0005694811372532417,0,0.0005694811372532417,0.001708443411704365,0,0,0,0.001708443411704365,0.001708443411704365,0,0,0,0,0,0,0,0,0,0,0,0
1979.388774811773,546888.922699418,4194853.964930176,37.9,-74.466666667,57,0,0,0,0,0.00114052751016323,0.00342158253048969,0.00228105502032646,0.001710791265217165,0.0005702637550539352,0.00114052751016323,0,0.0005702637550539352,0.00228105502032646,0.001710791265217165,0.001710791265217165,0,0.00114052751016323,0.0005702637550539352,0.0005702637550539352,0,0.0005702637550539352,0,0,0,0,0,0,0,0,0,0
1979.388774811773,545382.6288370481,4202242.512463734,37.966666667,-74.483333333,53,0,0,0,0,0,0,0,0,0,0,0.0005692207417613869,0.0005692207417613869,0.001138441483522774,0.0005692207417613869,0,0,0,0.0005692207417613869,0.0005692207417613869,0,0,0,0,0,0,0,0,0,0,0,0
1979.388774811773,562864.8114095523,4213454.289754972,38.066666667,-74.283333333,57,0.00114052751016323,0.006843165061090099,0.01026474759163515,0.007413428816088675,0.005702637550539351,0.006272901306091524,0.005702637550539351,0.00114052751016323,0.006272901306091524,0.01197553885663088,0.02566186897881108,0.01938896767271955,0.007413428816088675,0.00228105502032646,0.001710791265217165,0.0005702637550539352,0.0005702637550539352,0,0,0,0,0,0,0,0,0,0,0,0,0,0
1979.388774811773,568634.7638023958,4222747.876799704,38.15,-74.216666667,46,0,0,0,0,0.0005674046198597438,0.001134809239719488,0.0005674046198597438,0.0005674046198597438,0.0005674046198597438,0.005106641578626976,0.005674046198597439,0.007376260057733793,0.002837023099243359,0.001702213859523872,0.0005674046198597438,0.002269618479383615,0.0005674046198597438,0,0,0,0.0005674046198597438,0,0,0,0,0,0,0,0,0,0
1979.388774811773,570031.2478597166,4230157.550253261,38.216666667,-74.2,63,0,0.002287341846770251,0.003431012770127697,0.01029303831049381,0.04689050785848566,0.07891329371415493,0.06175822986517723,0.02744810216113229,0.004574683693540501,0.01486772200392359,0.02744810216113229,0.01372405108084294,0.005718354617064026,0.003431012770127697,0.001143670923357445,0.003431012770127697,0.001143670923357445,0,0.001143670923357445,0,0,0,0,0,0,0,0,0,0,0,0
1979.388774811773,564136.6136059042,4237506.50113933,38.283333333,-74.266666667,52,0.001137921168632513,0.005689605843162564,0.01820673869800949,0.03413763505842179,0.02844802921581283,0.00341376350584218,0.001137921168632513,0.002275842337265026,0.007965448180206152,0.02844802921581283,0.01934465986653128,0.02731010804673744,0.004551684674474692,0.002275842337265026,0.002275842337265026,0,0,0,0,0,0,0,0,0,0,0,0,0,0,0,0
1979.388774811773,571408.6399881756,4239416.920522313,38.3,-74.18333333299999,60,0.0005710485269560443,0.001713145580812774,0.007994679376831024,0.004568388215426916,0.003426291161570187,0.001142097053856729,0.002284194107713458,0.001142097053856729,0.005139436742382961,0.01084992201161125,0.02512613518495876,0.02855242634669503,0.01827355286148622,0.01084992201161125,0.001713145580812774,0.0005710485269560443,0.0005710485269560443,0.001142097053856729,0.0005710485269560443,0,0,0,0,0,0,0,0,0,0,0,0
1979.388774811773,565534.2438216989,4244915.54524402,38.35,-74.25,57,0,0,0.00228105502032646,0.00114052751016323,0,0.00114052751016323,0,0.00228105502032646,0.00228105502032646,0.0136863301221802,0.01482685763217735,0.01710791265217165,0.00228105502032646,0.00342158253048969,0.00228105502032646,0.00342158253048969,0.00228105502032646,0.00114052751016323,0,0,0,0,0,0,0,0,0,0,0,0,0
1979.388774811773,568399.8258852995,4250487.80800171,38.4,-74.216666667,56,0,0,0,0,0,0,0,0.0005700026435950374,0.0005700026435950374,0.001710007930729753,0.00456002114859422,0.007980037009887647,0.00456002114859422,0.005130023792133898,0.005130023792133898,0.003420015861459506,0.00228001057426943,0.001710007930729753,0,0,0,0,0,0,0,0,0,0,0,0,0
1979.388774811773,580335.7726573887,4221005.643726205,38.133333333,-74.083333333,71,0,0,0,0,0,0,0,0,0.002856891576799572,0.004571026522812883,0.005713783153377705,0.003999648207475112,0.003999648207475112,0.001142756630730901,0.0005713783153377704,0,0.0005713783153377704,0,0,0,0,0,0,0,0,0,0,0,0,0,0
1979.388774811773,573131.9379710309,4209841.117357166,38.033333333,-74.166666667,77,0,0,0,0,0,0,0,0,0.001718868540444826,0.002864780900796736,0.002291824720648461,0.00114591236029655,0.001718868540444826,0.0005729561801482751,0.0005729561801482751,0,0,0,0,0,0,0,0,0,0,0,0,0,0,0,0
1979.388774811773,562950.2916893116,4202358.838699651,37.966666667,-74.283333333,70,0,0.0005711161824369868,0.0005711161824369868,0,0,0,0,0.0005711161824369868,0.002284464729637228,0.003997813276892828,0.001713348547255601,0.003426697094511201,0.002855580912074215,0.001713348547255601,0.001142232364818614,0.0005711161824369868,0,0,0,0,0,0,0,0,0,0,0,0,0,0,0
1979.388774811773,558650.9025421017,4189381.795879909,37.85,-74.333333333,70,0,0.003426697094511201,0.005140045641766801,0.001142232364818614,0.001142232364818614,0,0.001142232364818614,0.003997813276892828,0.005711161824369868,0.0137067883780448,0.01427790456064787,0.009137858918881069,0.004568929459329815,0.002284464729637228,0.001713348547255601,0.001142232364818614,0.002284464729637228,0.001142232364818614,0,0.001142232364818614,0.0005711161824369868,0,0,0,0,0,0,0,0,0,0
1979.388774811773,549886.8369938682,4183776.186553428,37.8,-74.43333333299999,61,0,0,0.00113753552961762,0.0045501421185812,0.003412606588908221,0.0147879618852505,0.0102378197666693,0.0045501421185812,0.0045501421185812,0.007962748707655501,0.0147879618852505,0.0113753552961762,0.0113753552961762,0.003412606588908221,0.0022750710592906,0.0045501421185812,0.00113753552961762,0.00113753552961762,0,0.00113753552961762,0,0,0,0,0,0,0,0,0,0,0
1979.388774811773,549942.8318467098,4174530.446331481,37.716666667,-74.43333333299999,65,0,0,0.000569809117254899,0.000569809117254899,0.001709427351764698,0.000569809117254899,0,0.000569809117254899,0.002849045586274496,0.009686754993167205,0.01139618234509798,0.005698091172548991,0.006837709407169509,0.005128282055294092,0.003988663820784294,0.001139618234509798,0.000569809117254899,0.001139618234509798,0,0,0.001139618234509798,0,0,0,0,0,0,0,0,0,0
1979.388774811773,549998.7207056405,4165284.83573965,37.633333333,-74.43333333299999,69,0,0,0.0005708542899080348,0,0,0,0.0005708542899080348,0.0005708542899080348,0.00114170857976071,0.003995980029190166,0.0045668343190982,0.00228341715952142,0.003995980029190166,0.0005708542899080348,0.001712562869668745,0.0005708542899080348,0,0,0,0,0,0,0,0,0,0,0,0,0,0,0
1979.388774811773,536714.3724650892,4176310.170530858,37.733333333,-74.583333333,58,0,0,0,0,0,0,0,0,0,0.00113597848985423,0,0.00113597848985423,0.002271956979708461,0.0005679892448994353,0,0.0005679892448994353,0.0005679892448994353,0,0.001703967734753666,0,0,0,0,0,0,0,0,0,0,0,0
1979.388774811773,570142.927379971,4217212.48974205,38.1,-74.2,58,0.0005679892448994353,0.002271956979708461,0.004543913959416921,0.005111903204316357,0.001703967734753666,0.001703967734753666,0.002271956979708461,0.005679892448994353,0.0181756558377784,0.02328755904165188,0.03180739771569701,0.02044761281715471,0.009087827918612405,0.005679892448994353,0.002839946224607896,0.0005679892448994353,0,0,0,0,0,0,0,0,0,0,0,0,0,0,0
1979.388774811773,581647.4041243977,4235814.788390336,38.266666667,-74.06666666700001,68,0,0,0,0,0,0,0,0.001141185274892873,0.004564741099460773,0.005705926374187566,0.005705926374187566,0.006276519011772402,0.00513533373693489,0.003423555824623259,0.002852963187149143,0,0.0005705926374187566,0.0005705926374187566,0.0005705926374187566,0,0.0005705926374187566,0,0,0,0,0,0,0,0,0,0
1979.388774811773,586060.7736947727,4232161.413860396,38.233333333,-74.016666667,73,0,0,0,0,0,0,0,0.0005719033038049049,0.00457522643027316,0.008006646253047228,0.005719033038049048,0.004003323126468255,0.00114380660755445,0.001715709911359355,0,0,0,0,0,0,0,0,0,0,0,0,0,0,0,0,0
1979.388774811773,572949.2642997853,4230183.282366461,38.216666667,-74.166666667,68,0,0.001141185274892873,0,0,0,0.003423555824623259,0.003423555824623259,0.001141185274892873,0.004564741099460773,0.01825896439773237,0.01483540857333055,0.01141185274892873,0.006847111649357238,0.004564741099460773,0.007988296923973312,0.003423555824623259,0.002282370549730386,0,0,0,0,0,0,0,0,0,0,0,0,0,0
1979.388774811773,568399.8258852995,4250487.80800171,38.4,-74.216666667,54,0,0,0.0005617224861820182,0,0,0,0,0.0005617224861820182,0.001123444972364036,0.003932057403218767,0.00337033491703675,0.00337033491703675,0.001685167458546055,0,0,0,0,0,0,0,0,0,0,0,0,0,0,0,0,0,0
1979.388774811773,571228.5527220031,4259759.973066031,38.483333333,-74.18333333299999,52,0,0,0.002244864057658438,0.002244864057658438,0.001122432028801539,0,0,0,0.001122432028801539,0.005612160144284494,0.008979456230633754,0.005612160144284494,0.003367296086459978,0,0.002244864057658438,0,0,0.001122432028801539,0,0.001122432028801539,0,0,0,0,0,0,0,0,0,0,0
1979.388774811773,585785.0397720152,4258052.666084083,38.466666667,-74.016666667,56,0,0.0005622298729207634,0.001124459745786167,0.004497838983144668,0.003935609110279265,0.003935609110279265,0.00506006885606543,0.0005622298729207634,0.003935609110279265,0.01349351694954472,0.03373379237358502,0.02811149364493098,0.01461797669538625,0.00506006885606543,0.00168668961870693,0.0005622298729207634,0.0005622298729207634,0,0.0005622298729207634,0,0,0,0,0,0,0,0,0,0,0,0
1979.388774811773,591537.8274336279,4263665.152415044,38.516666667,-73.95,54,0,0.001685167458546055,0.001123444972364036,0.001685167458546055,0.001685167458546055,0.002246889944672713,0.001123444972364036,0.0005617224861820182,0.003932057403218767,0.007302392320144798,0.01628995209916781,0.01572822961287507,0.01011100475105489,0.003932057403218767,0.003932057403218767,0.001685167458546055,0.001123444972364036,0.0005617224861820182,0,0,0,0,0,0,0,0,0,0,0,0,0
1979.388774811773,587118.437111818,4269164.89307349,38.566666667,-74,55,0,0,0.002247904260048659,0.001123952130024329,0,0,0.0005619760650121647,0,0.002809880325060823,0.01461137769031628,0.02809880325060823,0.02753682718531927,0.01461137769031628,0.002247904260048659,0.003371856390072988,0.001685928195036494,0.001685928195036494,0.0005619760650121647,0.0005619760650121647,0,0,0,0,0,0,0,0,0,0,0,0
1979.388774811773,571113.5705568974,4272705.877643432,38.6,-74.18333333299999,50,0,0,0,0,0,0,0,0,0,0,0,0.001121420910282382,0.0005607104551135109,0,0.001682131365395892,0,0.0005607104551135109,0.0005607104551135109,0,0,0,0,0,0,0,0,0,0,0,0,0
1979.388774811773,585607.0280304392,4274697.572350342,38.616666667,-74.016666667,52,0,0,0,0,0,0,0,0.0005612160144284496,0,0.001122432028801539,0.002806080072086888,0.005612160144284494,0.005612160144284494,0.001683648043229989,0.001683648043229989,0.001683648043229989,0.0005612160144284496,0.0005612160144284496,0.0005612160144284496,0.0005612160144284496,0,0.0005612160144284496,0,0,0,0,0,0,0,0,0
1979.388774811773,591432.1864230596,4272912.391165372,38.6,-73.95,50,0,0,0,0.0005607104551135109,0,0.0005607104551135109,0,0.0005607104551135109,0.0005607104551135109,0.002242841820564763,0.004485683641129526,0.01121420910282381,0.0117749195578266,0.002242841820564763,0.002242841820564763,0.0005607104551135109,0.001121420910282382,0,0,0,0,0,0,0,0,0,0,0,0,0,0
1979.388774811773,600070.7388350511,4278565.152226,38.65,-73.84999999999999,54,0,0,0,0,0,0,0,0.0005617224861820182,0.002246889944672713,0.002808612430854731,0.01404306215455046,0.01235789469567224,0.007864114806437535,0.003932057403218767,0.005055502375582804,0.002808612430854731,0.001685167458546055,0,0,0,0,0,0,0,0,0,0,0,0,0,0
1979.388774811773,605872.1295995957,4278639.995707565,38.65,-73.783333333,56,0,0,0,0,0,0,0.0005622298729207634,0.0005622298729207634,0.006184528601574799,0.018553585805278,0.02361365466156487,0.01180682733078243,0.005622298729207633,0.00787121822033709,0.006184528601574799,0.002248919491572334,0.0005622298729207634,0,0,0,0,0,0,0,0,0,0,0,0,0,0
1979.388774811773,623447.7159732141,4267792.731673468,38.55,-73.583333333,68,0,0.0005646426223440146,0.002823213111830792,0.001129285244743389,0.0005646426223440146,0,0,0,0.002823213111830792,0.006211068846060958,0.002258570489486778,0.001129285244743389,0.0005646426223440146,0.0005646426223440146,0.0005646426223440146,0,0,0,0,0,0,0,0,0,0,0,0,0,0,0,0
1979.388774811773,616266.2171777812,4262135.661699711,38.5,-73.666666667,73,0.02376889476400264,0.04074667673852749,0.05546075445100028,0.0260325990271619,0.006791112790031381,0.003395556394904971,0.003395556394904971,0.0260325990271619,0.05093334592302096,0.03621926821220897,0.01924148623768412,0.01697778197452485,0.01018666918449347,0.004527408526484602,0.002263704263269981,0.00113185213163499,0,0,0,0,0,0,0,0,0,0,0,0,0,0,0
1979.388774811773,609024.4249721982,4260184.204540191,38.483333333,-73.75,68,0.003387855734230167,0.007904996713369802,0.01468070818149798,0.01580999342618601,0.005646426223440146,0.001129285244743389,0.003387855734230167,0.01693927867087404,0.04968855076848767,0.03274927209761364,0.02145641965017975,0.007904996713369802,0.01468070818149798,0.007904996713369802,0.003387855734230167,0.003387855734230167,0.001129285244743389,0.001129285244743389,0,0,0,0,0,0,0,0,0,0,0,0,0
1979.388774811773,607694.4881707116,4250917.401735045,38.4,-73.766666667,79,0,0,0,0,0,0,0,0,0,0,0,0,0,0,0,0,0,0,0,0,0,0,0,0,0,0,0,0,0,0,0
1979.388774811773,597529.245947876,4248938.204452244,38.383333333,-73.883333333,70,0,0,0,0,0,0.0005651553005292819,0.0005651553005292819,0.002260621202227847,0.006781863606351384,0.01582434841537349,0.01525919311484421,0.008477329508492826,0.001695465901643206,0.004521242404400334,0.001130310601113924,0.001130310601113924,0.001130310601113924,0.0005651553005292819,0.0005651553005292819,0,0.001130310601113924,0.0005651553005292819,0,0,0,0,0,0,0,0,0
1979.388774811773,591748.5262637998,4245171.057311109,38.35,-73.95,65,0,0,0,0,0.0005638753467654195,0,0,0,0.003947127427302577,0.009585880895122849,0.01184138228185237,0.003383252080537157,0.005074878120833416,0.005074878120833416,0.006766504161295753,0.006202628814198175,0,0.001691626040296259,0.001127750693530839,0.0005638753467654195,0.001127750693530839,0,0,0,0,0,0,0,0,0,0
1979.388774811773,597596.358485067,4243390.016398992,38.333333333,-73.883333333,74,0,0,0,0,0,0,0,0.001132366909945963,0.0005661834549453015,0.001132366909945963,0.001698550364891264,0.001698550364891264,0.0005661834549453015,0,0,0,0,0,0,0,0,0,0,0,0,0,0,0,0,0,0
1979.388774811773,588917.1945285125,4237740.982808081,38.283333333,-73.983333333,71,0,0,0.0005654119889139638,0,0.0005654119889139638,0,0.0005654119889139638,0,0.002261647955711215,0.01356988773404585,0.0220510675680321,0.01583153568981242,0.005088707900281033,0.003957883922453106,0.003392471933539142,0,0,0,0,0,0,0,0,0,0,0,0,0,0,0,0
1979.388774811773,590209.3139490433,4252552.195051845,38.416666667,-73.966666667,60,0,0,0,0.0033756070650003,0.004500809419963494,0.0146276306149644,0.009001618840148428,0.004500809419963494,0.01125202355018553,0.0292552612299288,0.02813005887463344,0.03263086829470766,0.02250404709981747,0.01350242825966904,0.006751214130111321,0.0033756070650003,0,0,0,0,0,0,0,0,0,0,0,0,0,0,0
1979.388774811773,603162.0322564712,4263806.252789298,38.516666667,-73.81666666700001,61,0,0,0.004502844403739578,0.001125711100948735,0,0.006754266605470969,0.002251422201897469,0.005628555504466873,0.02814277752344157,0.04953128844141216,0.04953128844141216,0.03939988853292891,0.01801137761495831,0.004502844403739578,0.007879977706475062,0.001125711100948735,0,0,0,0,0,0,0,0,0,0,0,0,0,0,0
1979.388774811773,603042.97166991,4273053.586044143,38.6,-73.81666666700001,60,0,0,0.001125202355018553,0,0.005626011774815969,0.0033756070650003,0.004500809419963494,0.005626011774815969,0.01012682119489018,0.03263086829470766,0.03713167771478187,0.02362924945455923,0.007876416484853075,0.007876416484853075,0.004500809419963494,0.005626011774815969,0,0,0,0,0,0,0,0,0,0,0,0,0,0,0
1979.388774811773,610274.2572330714,4274999.892138796,38.616666667,-73.733333333,58,0,0,0.004496744965462741,0.003372558724124736,0.002248372482731371,0.00674511744847091,0.002248372482731371,0.001124186241393365,0.01911116610307825,0.01798697986185097,0.03147721475823919,0.01236604865516094,0.01124186241393365,0.005620931206690027,0.005620931206690027,0.001124186241393365,0,0.001124186241393365,0,0,0,0,0,0,0,0,0,0,0,0,0
1979.388774811773,625295.2491886201,4334423.550083376,39.15,-73.55,51,0,0,0.001130893059596266,0.001130893059596266,0.001130893059596266,0,0.0005654465297704532,0,0,0,0,0.0005654465297704532,0.0005654465297704532,0.0005654465297704532,0,0,0.0005654465297704532,0,0.0005654465297704532,0,0.001130893059596266,0,0.0005654465297704532,0,0,0,0,0,0,0,0
1979.388774811773,628567.932872566,4310424.525420759,38.933333333,-73.516666667,56,0,0.001133467269192624,0.001700200903761256,0.00283366817295388,0,0,0.0005667336345686321,0.001133467269192624,0.0005667336345686321,0.0005667336345686321,0.0005667336345686321,0.001133467269192624,0,0.0005667336345686321,0.001700200903761256,0.001133467269192624,0,0.001133467269192624,0,0,0,0,0,0.0005667336345686321,0,0,0,0,0,0,0
1979.388774811773,631303.2256603632,4319720.304770232,39.016666667,-73.483333333,56,0.001133467269192624,0.001133467269192624,0,0,0,0,0,0,0,0,0,0.001133467269192624,0.001133467269192624,0.001133467269192624,0.001133467269192624,0,0.002266934538385247,0.002266934538385247,0,0,0,0,0,0,0,0,0,0,0,0,0
1979.388774811773,633968.3137088069,4332716.713939511,39.133333333,-73.45,54,0,0.001132436180324811,0,0.001132436180324811,0.001132436180324811,0,0,0,0,0,0,0.002264872360649621,0,0.004529744721299242,0.003397308540974432,0,0.001132436180324811,0,0,0,0,0,0,0,0,0,0,0,0,0,0
1979.388774811773,645287.0532197653,4344020.436622288,39.233333333,-73.31666666700001,57,0,0.0005669917590393777,0,0,0.001133983518023396,0.001133983518023396,0,0.0005669917590393777,0,0.0005669917590393777,0,0,0,0.001133983518023396,0.002267967036102151,0.002834958795141528,0,0,0,0,0,0,0,0,0,0,0,0,0,0,0
1979.388774811773,645149.4256092373,4351419.489708799,39.3,-73.31666666700001,54,0,0,0,0,0,0.0005662180901900852,0.0005662180901900852,0.0005662180901900852,0,0,0.0005662180901900852,0.0005662180901900852,0.0005662180901900852,0.002264872360649621,0.006228398991924858,0.003397308540974432,0.001132436180324811,0,0,0,0.0005662180901900852,0,0,0,0,0,0,0,0,0,0
1979.388774811773,621628.2520381631,4291814.394974532,38.766666667,-73.59999999999999,57,0,0.001133983518023396,0.001133983518023396,0.001700975277062773,0.001133983518023396,0.001133983518023396,0,0.001700975277062773,0.006236909349433154,0.008504876385590663,0.007370892867511909,0.004535934072204302,0.006803901108472532,0.003968942313164923,0,0.0005669917590393777,0,0.0005669917590393777,0,0,0,0,0.0005669917590393777,0,0,0,0,0,0,0,0
1979.388774811773,612861.2960993275,4297234.858869829,38.816666667,-73.7,53,0,0.001131921339069856,0.004527685356168702,0.004527685356168702,0.002263842678084351,0.002263842678084351,0.001131921339069856,0.001131921339069856,0,0.001131921339069856,0.004527685356168702,0.001131921339069856,0.001131921339069856,0.001131921339069856,0,0.002263842678084351,0.003395764017154207,0,0.001131921339069856,0,0,0,0,0,0,0,0,0,0,0,0
1979.388774811773,635886.5425982592,4304996.462628422,38.883333333,-73.43333333299999,62,0,0,0,0.001713516864004762,0.003427033727954163,0.0005711722880015872,0.0005711722880015872,0.002284689152006349,0.01028110118402857,0.01142344576003174,0.007425239744020633,0.01085227347203016,0.009138756608025395,0.00399820601595575,0.001142344576003174,0.002855861439952576,0.002284689152006349,0,0,0,0,0,0,0,0,0,0,0,0,0,0
1979.388774811773,643181.835602965,4301424.588059235,38.85,-73.34999999999999,73,0.0005740696165747735,0.003444417699448641,0.005740696165747735,0.004018487316023414,0.004018487316023414,0.009759183481992588,0.02927755044542417,0.03788859469404576,0.05396254395847158,0.04477743009316448,0.03616638584454289,0.02411092389636192,0.01320360118155195,0.006888835399118721,0.001148139233149547,0.001148139233149547,0.0005740696165747735,0,0,0,0,0,0,0,0,0,0,0,0,0,0
1979.388774811773,648793.3005422509,4310779.547443768,38.933333333,-73.283333333,80,0.002303714899981617,0.002303714899981617,0.009790788324991074,0.008638930874861865,0.002879643624990861,0.002879643624990861,0.002303714899981617,0.005759287250092441,0.01036671705005568,0.006335215975157046,0.01151857449963129,0.0132463606748251,0.00403150107495399,0.002879643624990861,0.001151857449963128,0,0,0,0,0,0,0,0,0,0,0,0,0,0,0,0
1979.388774811773,653699.7211581382,4355284.368073328,39.333333333,-73.216666667,63,0,0,0.002285737889824378,0.0005714344724422546,0,0,0.001142868944884509,0,0.001142868944884509,0.001714303417326764,0.004000041307151142,0.0005714344724422546,0.002285737889824378,0.005714344724422547,0.008000082614523724,0.002857172362266633,0.001142868944884509,0,0,0,0,0,0,0,0,0,0,0,0,0,0
1979.388774811773,661149.5950269001,4342480.812015162,39.216666667,-73.133333333,71,0,0.0005735406452537839,0.00286770322621356,0.004588325161974911,0.0005735406452537839,0.0005735406452537839,0,0.001147081290507568,0.003441243871467344,0.00286770322621356,0.005161865807228696,0.004588325161974911,0.008029569033220815,0.003441243871467344,0.005161865807228696,0.0005735406452537839,0.003441243871467344,0.001147081290507568,0.0005735406452537839,0.0005735406452537839,0,0,0,0,0,0,0,0,0,0,0
1979.388774811773,659899.3670140932,4333202.441721001,39.133333333,-73.15000000000001,68,0.02405545856894478,0.05842039938283022,0.09507633624831743,0.06643888557284754,0.06643888557284754,0.03551043883968633,0.0561294033245853,0.0962218342746719,0.1191317948183694,0.07445737176286486,0.02405545856894478,0.0137459763251113,0.01260047829764963,0.006872988162555651,0.003436494081222465,0.004581992108351979,0.001145498027074155,0.001145498027074155,0,0,0,0,0,0,0,0,0,0,0,0,0
1979.388774811773,657092.1263022021,4329444.74220071,39.1,-73.18333333299999,72,0.0005738050089845321,0.0005738050089845321,0.002295220035993488,0.005738050089845321,0.00860707513504478,0.004016635063002444,0.00286902504503338,0.00860707513504478,0.02123078533314737,0.02237839535100571,0.01090229517131507,0.0103284901618323,0.01606654025223122,0.009180880143973953,0.005738050089845321,0.00286902504503338,0.001147610018024424,0.001721415027008956,0.001721415027008956,0.0005738050089845321,0,0,0,0,0,0,0,0,0,0,0
1979.388774811773,660162.9899317757,4320254.24842579,39.016666667,-73.15000000000001,75,0.000574599564551649,0,0.004596796516302471,0.005745995645516489,0.001149199129103298,0.004596796516302471,0.01149199129103298,0.03505057343659875,0.06607894992427002,0.07354874426083954,0.02758077909781483,0.01666338737138886,0.009193593032604943,0.004022196951750824,0.000574599564551649,0.000574599564551649,0.000574599564551649,0.001723798693599587,0,0,0,0,0,0,0,0,0,0,0,0,0
1979.388774811773,665818.1003903704,4325922.977416502,39.066666667,-73.083333333,78,0.0005753963236010371,0.001150792647202074,0.001150792647202074,0.003452377941550862,0.002876981617949826,0.002301585294348788,0.009206341177616593,0.01496030441307336,0.02416664559068996,0.02186506029628581,0.02416664559068996,0.0201388713254827,0.002301585294348788,0.002301585294348788,0.0005753963236010371,0,0,0.0005753963236010371,0,0,0,0,0,0,0,0,0,0,0,0,0
1979.388774811773,664105.0458888335,4338841.066534401,39.183333333,-73.09999999999999,74,0.002871672341561892,0.006892013619615677,0.002871672341561892,0.004020341278164505,0.005169010214767118,0.001723003404903919,0.004020341278164505,0.005743344683013065,0.004020341278164505,0.002297337873260585,0.001723003404903919,0.001723003404903919,0.002871672341561892,0.001148668936602613,0.001723003404903919,0.002297337873260585,0.001723003404903919,0.001723003404903919,0.002297337873260585,0.0005743344683013064,0,0.0005743344683013064,0,0,0,0,0,0,0,0,0
1979.388774811773,673935.3109200416,4350157.71339565,39.283333333,-72.983333333,72,0.007459465117186435,0.009180880143973953,0.01377132021596093,0.009180880143973953,0.01262371019810258,0.01721415027008956,0.02754264043192186,0.04246157066629473,0.06943040609039461,0.04762581574721089,0.03385449553124995,0.01606654025223122,0.004590440072042336,0.001147610018024424,0.001147610018024424,0.0005738050089845321,0.0005738050089845321,0.0005738050089845321,0,0,0,0,0,0,0,0,0,0,0,0,0
1979.388774811773,678163.5658188353,4353954.767279259,39.316666667,-72.93333333299999,68,0.0183279684332972,0.0504019131917057,0.0549839052998916,0.09163984216925398,0.1649517159002284,0.2565915580639465,0.4994371398061032,0.4902731555897313,0.595658974091847,0.4032153055314312,0.137459763251113,0.06414788951460261,0.0320739447584085,0.004581992108351979,0,0,0,0,0,0,0,0,0,0,0,0,0,0,0,0,0
1979.388774811773,662203.2744254498,4361008.726002018,39.383333333,-73.116666667,67,0.001144971243402562,0.005724856217289606,0.009159769947331212,0.00801479870398401,0.001144971243402562,0.003434913730207685,0.004579884973665606,0.009159769947331212,0.01030474119067841,0.01030474119067841,0.01946451113800962,0.02633433859864643,0.01717456865131522,0.01717456865131522,0.005724856217289606,0.002289942486805123,0,0,0,0,0,0,0,0,0,0,0,0,0,0,0
1979.388774811773,620319.9392598886,4282544.623128393,38.683333333,-73.616666667,66,0.001144444944017653,0.003433334832052958,0.002288889888035305,0.001144444944017653,0.004005557304089464,0.0005722224720365062,0.008583337080270793,0.02346112135244492,0.03662223820889704,0.04348890787289224,0.03433334832052957,0.02002778652044732,0.0103000044959928,0.00457777977607061,0.0005722224720365062,0.001716667416054159,0,0,0,0,0,0,0,0,0,0,0,0,0,0,0
1979.388774811773,627627.6427040254,4278958.230221673,38.65,-73.533333333,66,0.003433334832052958,0.01373333932854399,0.0103000044959928,0.005722224720365062,0.005722224720365062,0.01373333932854399,0.05607780225725249,0.077822256194529,0.1144444944017653,0.1327556135053834,0.07095558652721222,0.02288889888035305,0.005722224720365062,0.003433334832052958,0,0.001144444944017653,0.001144444944017653,0,0,0,0,0,0,0,0,0,0,0,0,0,0
1979.388774811773,628928.3285333912,4288229.339651771,38.733333333,-73.516666667,69,0,0.0022920505913935,0.0022920505913935,0.003438075887145609,0,0.00114602529569675,0.01719037943572805,0.05959331537623098,0.1088724030925752,0.1042883019097882,0.06532344185333075,0.02521255650532849,0.0160443541397545,0.01031422766154755,0.006876151774180499,0.005730126478760548,0.00114602529569675,0.004584101182842359,0,0,0,0,0,0,0,0,0,0,0,0,0
1979.388774811773,674716.2330905884,4315011.63692139,38.966666667,-72.983333333,88,0,0,0,0,0,0,0,0,0,0,0,0,0,0,0,0,0,0,0,0,0,0,0,0,0,0,0,0,0,0,0
1979.388774811773,657829.4796316307,4292450.857177475,38.766666667,-73.18333333299999,93,0,0,0,0,0,0,0,0,0,0,0,0,0,0,0,0,0,0,0,0,0,0,0,0,0,0,0,0,0,0,0
1979.388774811773,652284.548167598,4279390.627703229,38.65,-73.25,112,0,0,0,0,0,0,0,0,0,0,0,0,0,0,0,0,0,0,0,0,0,0,0,0,0,0,0,0,0,0,0
1979.388774811773,640778.9595063475,4273628.96179884,38.6,-73.383333333,86,0,0,0,0,0,0,0,0,0,0,0,0,0,0.0005826482103426597,0,0,0,0,0,0,0,0,0,0,0,0,0,0,0,0,0
1979.388774811773,657608.8353403807,4303548.822597533,38.866666667,-73.18333333299999,75,0.001159327735052396,0.001159327735052396,0,0,0,0,0.0005796638675538778,0.0005796638675538778,0.001738991602606274,0.006376302543037298,0.004057647072711066,0.002318655470104792,0.0005796638675538778,0.0005796638675538778,0,0,0,0,0,0,0,0,0,0,0,0,0,0,0,0,0
1979.388774811773,659028.4987908412,4375748.146489041,39.516666667,-73.15000000000001,44,0,0.0005701616228230398,0.00114032324564608,0.0005701616228230398,0,0,0.0005701616228230398,0,0,0,0,0,0,0,0,0,0,0,0.0005701616228230398,0.0005701616228230398,0,0,0,0,0,0,0,0,0,0,0
1979.388774811773,623502.5638203232,4445413.736482863,40.15,-73.55,41,0,0,0,0,0,0,0,0,0,0,0.0005693792850870854,0,0,0,0.0005693792850870854,0,0,0,0,0,0,0.0005693792850870854,0,0,0,0,0,0,0,0,0
1979.388774811773,623381.7023792249,4452813.721004898,40.216666667,-73.55,35,0,0,0,0,0,0,0,0,0,0,0,0,0,0,0,0,0,0,0,0,0,0,0,0,0,0,0,0,0,0,0
1979.388774811773,661894.0738723592,4375807.572212364,39.516666667,-73.116666667,48,0,0,0.0005872647182819812,0.0005872647182819812,0,0,0,0,0.0005872647182819812,0,0,0.0005872647182819812,0,0,0,0.0005872647182819812,0,0,0.001174529436563962,0.0005872647182819812,0.0005872647182819812,0.0005872647182819812,0,0,0,0,0,0,0,0,0
1979.388774811773,665874.1356436549,4390697.933894558,39.65,-73.06666666700001,46,0,0,0,0,0,0,0,0.0005867111621596259,0.002933555810908849,0.0005867111621596259,0.002346844648749223,0.001173422324374612,0.002933555810908849,0.001173422324374612,0.001173422324374612,0.001760133486534237,0,0,0.0005867111621596259,0.0005867111621596259,0,0,0.0005867111621596259,0,0,0,0,0,0,0,0
1979.388774811773,667143.3134242391,4398128.612089008,39.716666667,-73.05,55,0,0,0,0,0.001767631252955267,0,0,0.0005892104176517558,0,0.0005892104176517558,0,0,0.001178420835303512,0.0005892104176517558,0.0005892104176517558,0.0005892104176517558,0.002946052088314139,0.0005892104176517558,0,0,0,0,0,0,0,0,0,0,0,0,0
1979.388774811773,661311.9523898836,4403556.22761358,39.766666667,-73.116666667,50,0,0.001175638639800027,0.0005878193198723336,0.0005878193198723336,0,0,0,0.0005878193198723336,0,0,0,0,0,0,0.0005878193198723336,0.001175638639800027,0.002351277279600054,0.001175638639800027,0,0,0,0.0005878193198723336,0,0,0,0,0,0,0,0,0
1979.388774811773,649637.5704361302,4416274.077460481,39.883333333,-73.25,49,0.001175083776413638,0,0.001175083776413638,0.0005875418882068188,0.002350167552827275,0.0005875418882068188,0.001175083776413638,0.001762625664620456,0.0005875418882068188,0.002937709441034094,0.002350167552827275,0.002937709441034094,0.0005875418882068188,0.001762625664620456,0.001175083776413638,0.0005875418882068188,0.001762625664620456,0,0.0005875418882068188,0,0,0,0,0,0,0,0,0,0,0,0
1979.388774811773,646680.4637927243,4421768.6353864,39.933333333,-73.283333333,70,0,0,0,0,0,0,0,0,0,0,0,0.0005934234985070341,0,0,0,0,0,0.0005934234985070341,0.001186846996958708,0,0,0,0,0,0,0,0,0,0,0,0
1979.388774811773,641052.2378711476,4417961.278738286,39.9,-73.34999999999999,48,0.001174529436563962,0.0005872647182819812,0.001174529436563962,0.001761794154790584,0,0.002349058873072565,0.005285382464427111,0.004110853027918508,0.003523588309636527,0.008808970773952918,0.011158029647413,0.006459911901046433,0.007634441337499676,0.003523588309636527,0.007047176619273054,0.009396235492179541,0.002349058873072565,0.003523588309636527,0.0005872647182819812,0.0005872647182819812,0,0,0,0,0,0,0,0,0,0,0
1979.388774811773,646502.360570933,4431018.513667284,40.016666667,-73.283333333,49,0,0,0.0005875418882068188,0,0,0,0.0005875418882068188,0,0,0,0.0005875418882068188,0.0005875418882068188,0,0,0,0,0,0,0.0005875418882068188,0,0,0,0,0,0,0,0,0,0,0,0
1979.388774811773,639356.3235636861,4432734.758654734,40.033333333,-73.366666667,51,0.0005880970137214035,0,0,0,0,0,0,0,0.0005880970137214035,0,0,0,0,0,0,0,0,0,0.0005880970137214035,0,0,0,0,0,0,0,0,0,0,0,0
1979.388774811773,632310.3724120568,4428907.750113681,40,-73.45,50,0,0,0.0005878193198723336,0,0,0,0.002351277279600054,0.0005878193198723336,0,0,0,0.001175638639800027,0,0.001175638639800027,0.001175638639800027,0,0.00176345795967236,0.001175638639800027,0.0005878193198723336,0.0005878193198723336,0.001175638639800027,0,0,0,0,0,0,0,0,0,0
1979.388774811773,622142.6167894676,4441690.741925538,40.116666667,-73.56666666700001,44,0,0.0005861586486819229,0.001172317297363846,0.001172317297363846,0.001172317297363846,0.0005861586486819229,0,0.0005861586486819229,0,0.0005861586486819229,0,0,0,0,0,0,0,0,0,0.0005861586486819229,0.0005861586486819229,0.0005861586486819229,0.0005861586486819229,0,0,0,0,0,0,0,0
1979.388774811773,613537.4878083592,4447108.046201115,40.166666667,-73.666666667,47,0,0,0,0,0,0,0,0,0,0,0,0,0,0,0,0,0,0,0.000586987809710303,0,0,0,0,0,0,0,0,0,0,0,0
1979.388774811773,701819.9451094947,4384151.04783563,39.583333333,-72.65000000000001,78,0.006143331988015502,0.007371998385286445,0.004914665590357041,0,0,0.001228666397603101,0.005528998789158593,0.008600664783110983,0.009829331180935524,0.009214997982023255,0.0104436643792942,0.001842999596404651,0,0,0,0,0,0,0,0,0,0,0,0,0,0,0,0,0,0,0
1979.388774811773,691367.9575248963,4343161.91384786,39.216666667,-72.783333333,97,0,0,0,0,0,0,0,0,0,0,0,0,0,0,0,0,0,0,0,0,0,0,0,0,0,0,0,0,0,0,0
1979.388774811773,673024.4257697969,4390855.269721782,39.65,-72.983333333,64,0.00173632908957755,0.00173632908957755,0.0005787763632109699,0.00115755272642194,0,0.0005787763632109699,0,0.00173632908957755,0.00115755272642194,0.0005787763632109699,0.00463021090557704,0.005208987268788009,0.00463021090557704,0.00231510545278852,0,0.0005787763632109699,0,0,0,0,0,0,0,0,0,0,0,0,0,0,0
1979.388774811773,674705.6831045924,4379787.955496767,39.55,-72.966666667,65,0,0.002316182306969469,0.01505518499560603,0.0208456407628913,0.01505518499560603,0.006948546920963767,0.01447613941848998,0.02547800537649808,0.03416368902770278,0.02489895979993563,0.01331804826536508,0.01563423057216847,0.01331804826536508,0.005211410190722825,0.003474273460481883,0.003474273460481883,0.0005790455767285273,0,0,0,0,0,0,0,0,0,0,0,0,0,0
1979.388774811773,681735.6830546904,4385502.979891275,39.6,-72.883333333,64,0,0.00405143454236607,0.00405143454236607,0.00463021090557704,0.00636653999498851,0.00405143454236607,0.002893881815999489,0.01215430362709821,0.01446940907972065,0.01620573816946428,0.02662371270681886,0.03299025270236097,0.0347265817921046,0.01389063271684184,0.00405143454236607,0.00115755272642194,0.0005787763632109699,0,0,0,0,0,0,0,0,0,0,0,0,0,0
1979.388774811773,681953.4049391518,4376253.296162335,39.516666667,-72.883333333,62,0.001156477372765749,0.006938864236483776,0.01156477372765749,0.01850363796469487,0.01503420584645298,0.03006841169235236,0.06244977813056837,0.1329948978677844,0.1457161489694809,0.070545119737216,0.03238136643821601,0.01387772847352115,0.01156477372765749,0.003469432118352607,0.002312954745586859,0.002312954745586859,0,0,0,0,0,0,0,0,0,0,0,0,0,0,0
1979.388774811773,689027.1152845555,4380124.99870409,39.55,-72.8,69,0.04524974532443043,0.08005724172971217,0.1287877366920135,0.1079032388526089,0.1322684863309916,0.1566337338149103,0.2958637194293941,0.3724402115145922,0.2401717251836006,0.09398024029116056,0.08005724172971217,0.08005724172971217,0.03480749640362095,0.01044224892080949,0,0,0,0,0,0,0,0,0,0,0,0,0,0,0,0,0
1979.388774811773,691661.5370831427,4389445.461099532,39.633333333,-72.766666667,69,0.01334287362124963,0.01450312350164713,0.01508324844129228,0.009281999040965588,0.002320499760241397,0.01044224892080949,0.02494537242245662,0.03016649688313816,0.02436524748225787,0.006381374340525442,0.009281999040965588,0.009862123981164336,0.005221124460515463,0.002900624700274066,0.0005801249400326694,0.001740374820153368,0,0.001160249880120698,0,0,0,0,0,0,0,0,0,0,0,0,0
1979.388774811773,684287.6398772281,4398520.745659836,39.716666667,-72.84999999999999,72,0,0,0,0,0,0,0,0,0,0,0,0,0,0,0,0,0,0,0,0,0,0,0,0,0,0,0,0,0,0,0
1979.388774811773,675503.6741660805,4407569.779321877,39.8,-72.95,74,0,0,0,0,0,0,0,0,0,0,0,0,0,0,0,0,0,0,0,0,0,0,0,0,0,0,0,0,0,0,0
1979.388774811773,671429.3581634548,4398223.055057158,39.716666667,-73,56,0,0,0.0005766316332518352,0.00115326326655903,0,0.0005766316332518352,0,0,0.00115326326655903,0.0005766316332518352,0.00115326326655903,0.00115326326655903,0.0005766316332518352,0,0.0005766316332518352,0.00115326326655903,0.0005766316332518352,0,0,0,0,0,0,0,0,0,0,0,0,0,0
1979.388774811773,665474.9670818809,4409197.398146615,39.816666667,-73.06666666700001,67,0.0005795847558805713,0,0,0,0,0,0,0,0,0.0005795847558805713,0.0005795847558805713,0.0005795847558805713,0.001159169511761143,0,0.001738754267641714,0.002318339023522285,0.002318339023522285,0,0,0,0,0,0,0,0,0,0,0,0,0,0
1979.388774811773,640881.1759687884,4427211.052174229,39.983333333,-73.34999999999999,74,0,0,0,0,0,0,0,0,0,0,0,0,0,0,0,0,0,0,0,0,0,0,0,0,0,0,0,0,0,0,0
1979.388774811773,629370.3668687375,4434408.664850145,40.05,-73.483333333,74,0,0,0,0,0,0,0,0,0,0,0,0,0,0,0,0,0,0,0,0,0,0,0,0,0,0,0,0,0,0,0
1979.388774811773,617852.8926256597,4443473.21272333,40.133333333,-73.616666667,63,0,0,0,0,0,0,0,0,0,0,0,0,0,0,0,0,0,0,0,0,0,0,0,0,0,0,0,0,0,0,0
1979.388774811773,661000.2264052927,4418355.947721248,39.9,-73.116666667,71,0,0,0,0,0,0,0,0,0,0,0.0005806661321188857,0,0,0,0,0,0,0,0,0,0.001161332264182412,0,0,0,0,0,0,0,0,0,0
1979.388774811773,679429.8239776019,4361387.240229702,39.383333333,-72.916666667,74,0.06279982013655167,0.1116441246896634,0.1000145283682848,0.09768860910068748,0.116295963219322,0.116295963219322,0.2070068145282895,0.1395551558620792,0.1093182054276021,0.1023404476303461,0.08605901277930887,0.0814071742551862,0.04884430455145094,0.006977757792827164,0.004651838528717521,0.002325919264386441,0,0,0,0,0,0,0,0,0,0,0,0,0,0,0
1979.388774811773,684907.42150838,4372621.363960797,39.483333333,-72.84999999999999,62,0.002891193431942053,0.002312954745586859,0.005782386864105545,0.004625909491118357,0.009830057668536549,0.02139483139674764,0.03122488906528419,0.05088500440235728,0.06302801681952547,0.04105494673382074,0.01734716059176304,0.01503420584645298,0.006938864236483776,0.001734716059176304,0.0005782386864105544,0,0,0,0,0,0,0,0,0,0,0,0,0,0,0,0
1979.388774811773,694895.5758211643,4374717.367005676,39.5,-72.733333333,70,0.004062767869460135,0.008125535738809551,0.0162510714776191,0.04469044656400613,0.1746990183849589,0.4631555371165733,0.9059972348612106,0.98725259227145,0.8003652702555794,0.3859629475962216,0.1706362505172149,0.07719258952035152,0.06094151804383962,0.004062767869460135,0.008125535738809551,0,0,0,0,0,0,0,0,0,0,0,0,0,0,0,0
1979.388774811773,712094.2093005292,4375169.50221632,39.5,-72.533333333,102,0,0,0,0,0,0,0,0,0,0,0,0,0,0,0,0,0,0,0,0,0,0,0,0,0,0,0,0,0,0,0
1979.388774811773,703689.2311953293,4367538.760855741,39.433333333,-72.633333333,102,0,0,0,0,0,0,0,0,0,0,0,0,0,0,0,0,0,0,0,0,0,0,0,0,0,0,0,0,0,0,0
1979.388774811773,700724.2630551854,4371163.890125005,39.466666667,-72.666666667,77,0.006140301817080322,0.003684181090414272,0.006140301817080322,0.001842090545179456,0.007982392362647295,0.02210508654237491,0.04359614290326323,0.07122750108344626,0.0626310785348836,0.07798183308035239,0.07184153126548645,0.04421017308474982,0.01412269417972762,0.004912241453885696,0.001228060363471424,0,0,0,0,0,0,0,0,0,0,0,0,0,0,0,0
1979.388774811773,695081.7487314278,4367317.577493007,39.433333333,-72.733333333,80,0,0,0,0,0,0,0.001844820393045721,0.005534461179081803,0.003689640786091442,0.005534461179081803,0.006149401310336935,0.001844820393045721,0.0006149401310336937,0,0,0,0,0,0,0,0,0,0,0,0,0,0,0,0,0,0
1979.388774811773,689433.7403215447,4363475.598227427,39.4,-72.8,78,0,0,0,0,0,0,0.004300332391555492,0.001842999596404651,0.001842999596404651,0.005528998789158593,0.001842999596404651,0.005528998789158593,0.001842999596404651,0,0,0.0006143331988015503,0,0,0,0,0.0006143331988015503,0,0,0,0,0,0,0,0,0,0
1979.388774811773,695406.9134641469,4354368.118685419,39.316666667,-72.733333333,104,0,0,0,0,0,0,0,0,0,0,0,0,0,0,0,0,0,0,0,0,0,0,0,0,0,0,0,0,0,0,0
1979.388774811773,685304.2281003771,4355972.234689297,39.333333333,-72.84999999999999,78,0,0.001228666397603101,0,0,0,0.001228666397603101,0,0.003685999192753942,0.008600664783110983,0.006143331988015502,0.009829331180935524,0.012286663976031,0.009829331180935524,0.002457332795150841,0,0.001228666397603101,0,0.001228666397603101,0,0,0,0,0,0,0,0,0,0,0,0,0
1979.388774811773,688356.1167490417,4348641.607920684,39.266666667,-72.81666666700001,84,0,0,0,0,0,0,0,0,0.001848472800901265,0.001232315200600843,0.001232315200600843,0,0,0,0,0,0,0,0,0,0,0,0,0,0,0,0,0,0,0,0
1979.388774811773,646216.7484028027,4445818.571466799,40.15,-73.283333333,43,0,0,0,0,0,0,0,0,0,0,0,0,0,0,0,0,0,0,0.000575633656738727,0,0.002878168283693635,0.001151267313477454,0.000575633656738727,0,0,0,0,0,0,0,0
1979.386036960986,696259.9560424131,4487683.209773537,40.516666667,-72.68333333299999,44,0,0,0.001151799907869587,0.0005758999539624732,0.00172769986183206,0,0,0,0,0,0,0.001151799907869587,0.0005758999539624732,0.001151799907869587,0.001151799907869587,0,0.001151799907869587,0,0.0005758999539624732,0.00172769986183206,0,0.002303599815739174,0.001151799907869587,0,0,0,0,0,0,0,0
1979.386036960986,713099.2064989494,4491848.394621184,40.55,-72.483333333,44,0,0,0.0005758999539624732,0.001151799907869587,0.00172769986183206,0.001151799907869587,0,0,0,0,0,0.001151799907869587,0.0005758999539624732,0.0005758999539624732,0,0.001151799907869587,0.0005758999539624732,0,0,0,0.0005758999539624732,0,0,0.00172769986183206,0,0,0,0,0,0,0
1979.386036960986,709175.624767415,4480626.998359816,40.45,-72.533333333,46,0,0,0,0.001152866576363363,0.001152866576363363,0.002305733152726725,0.0005764332881816813,0.001152866576363363,0,0,0,0,0,0,0.0005764332881816813,0,0,0.001729299864545044,0.0005764332881816813,0.0005764332881816813,0.0005764332881816813,0.0005764332881816813,0.0005764332881816813,0,0,0,0,0,0,0,0
1979.386036960986,721457.6407644002,4495795.824973277,40.583333333,-72.383333333,45,0,0.001728499492887497,0.003456998985830353,0.00979483045967736,0.01958966091990832,0.02707982538910593,0.0103709969574357,0.0005761664976476188,0,0.001728499492887497,0.002304665990535115,0.001728499492887497,0.001152332995295238,0.002304665990535115,0.0005761664976476188,0.001152332995295238,0.004033165483477971,0.001152332995295238,0.0005761664976476188,0.002304665990535115,0,0,0,0,0,0,0,0,0,0,0
1979.386036960986,666497.5446218742,4427728.336617539,39.983333333,-73.05,50,0,0,0,0,0,0.0005933223335762347,0,0,0,0,0,0,0,0.002373289334415659,0.001779967000784064,0.002373289334415659,0,0,0,0,0.0005933223335762347,0,0,0,0,0,0,0,0,0,0
1979.386036960986,678098.8804141917,4418735.763337935,39.9,-72.916666667,54,0,0.0005944556300194997,0.0005944556300194997,0,0.002377822519967279,0.001783366890003139,0.003566733779950919,0.01070020133968668,0.008916834449738897,0.009511290080090556,0.005944556300194997,0.009511290080090556,0.008322378819940838,0.004161189409970419,0.0005944556300194997,0.0005944556300194997,0,0.0005944556300194997,0,0,0,0,0,0,0,0,0,0,0,0,0
1979.386036960986,689635.9287465939,4413460.137879448,39.85,-72.783333333,56,0.0005950239032421835,0.00178507170978191,0.007140286838906201,0.0178507170978191,0.0178507170978191,0.01487559758160818,0.01904076490430347,0.04105664932537145,0.05474219910049526,0.02737109955024763,0.0178507170978191,0.02261090832431017,0.02439598003403672,0.008925358549186349,0.002380095613079453,0.0005950239032421835,0.001190047806539727,0,0,0,0,0,0,0,0,0,0,0,0,0,0
1979.386036960986,692114.7168689001,4428331.926310002,39.983333333,-72.75,58,0.001191186528123197,0.009529492224874859,0.01548542486549085,0.02739729014672282,0.0333532227873388,0.04050034195641015,0.0166766113939462,0.007147119168517744,0.009529492224874859,0.001191186528123197,0.0083383056969731,0.01191186528123197,0.007147119168517744,0.002382373056246395,0.001191186528123197,0,0,0.001191186528123197,0,0,0,0,0,0,0,0,0,0,0,0,0
1979.386036960986,686421.9361569542,4428190.334726731,39.983333333,-72.81666666700001,56,0,0.0005950239032421835,0.001190047806539727,0.0005950239032421835,0.004165167322861364,0.002975119516321637,0.002380095613079453,0.00178507170978191,0,0,0.001190047806539727,0.004165167322861364,0.00178507170978191,0.0005950239032421835,0.00357014341956382,0.00178507170978191,0.001190047806539727,0.00178507170978191,0,0,0.0005950239032421835,0,0.0005950239032421835,0,0,0,0,0,0,0,0
1979.386036960986,677579.7680836541,4440936.385279623,40.1,-72.916666667,50,0,0,0,0.0005933223335762347,0.001186644667207829,0,0,0,0,0,0,0,0,0,0.0005933223335762347,0.0005933223335762347,0,0,0.001779967000784064,0.002373289334415659,0.002966611667991893,0.002373289334415659,0.0005933223335762347,0,0,0,0,0,0,0,0
1979.386036960986,683038.8844431498,4450322.202404875,40.183333333,-72.84999999999999,52,0.0005938884411273247,0.0005938884411273247,0.001187776882254649,0.002375553764564659,0.0005938884411273247,0,0,0.0005938884411273247,0,0,0,0,0,0,0,0,0,0,0.0005938884411273247,0.002375553764564659,0.0005938884411273247,0.001781665323437334,0.001187776882254649,0,0,0,0,0,0,0,0
1979.386036960986,686104.2909847546,4441140.925011813,40.1,-72.81666666700001,52,0,0,0,0.0005938884411273247,0.0005938884411273247,0.0005938884411273247,0,0.0005938884411273247,0,0,0,0.0005938884411273247,0.001187776882254649,0.004751107529129318,0.002969442205691983,0.001781665323437334,0.001187776882254649,0,0,0,0,0.0005938884411273247,0,0,0,0,0,0,0,0,0
1979.386036960986,702507.3658172502,4465631.057935716,40.316666667,-72.616666667,52,0,0,0,0,0.001187776882254649,0,0,0,0,0,0.0005938884411273247,0,0,0.0005938884411273247,0,0,0.0005938884411273247,0.0005938884411273247,0.002375553764564659,0.003563330646819308,0.002375553764564659,0,0,0,0,0,0,0,0,0,0
1979.386036960986,696599.9539830501,4474731.630860616,40.4,-72.68333333299999,48,0.0005927573042660862,0.0005927573042660862,0.001185514608587532,0.001185514608587532,0,0,0.001185514608587532,0,0,0,0,0,0,0,0,0,0.0005927573042660862,0.0005927573042660862,0.0005927573042660862,0.002371029217119704,0,0.001185514608587532,0,0,0,0,0,0,0,0,0
1979.386036960986,714776.4805448212,4482637.429389964,40.466666667,-72.466666667,49,0,0,0,0.0005930396843694015,0.00355823810616105,0.01067471431853851,0.001186079368738803,0.001186079368738803,0,0.0005930396843694015,0.001186079368738803,0.0005930396843694015,0.001779119053052845,0,0.0005930396843694015,0,0,0,0.001186079368738803,0,0.0005930396843694015,0,0,0.0005930396843694015,0,0,0,0,0,0,0
1979.386036960986,719232.5157011318,4475359.255602486,40.4,-72.416666667,53,0,0,0.0005941719001912577,0.002376687600820391,0.003565031401258266,0.002970859501067008,0.003565031401258266,0.0005941719001912577,0.002970859501067008,0,0.001782515700629133,0.001188343800437875,0.001782515700629133,0.002376687600820391,0.0005941719001912577,0.001188343800437875,0.001188343800437875,0,0.0005941719001912577,0,0,0,0,0,0,0,0,0,0,0,0
1979.386036960986,718086.5088838604,4466066.751090625,40.316666667,-72.43333333299999,54,0,0,0,0.0005944556300194997,0.0005944556300194997,0,0,0,0.0005944556300194997,0.001783366890003139,0.00118891125998364,0.00118891125998364,0,0.001783366890003139,0.002972278149986779,0.002377822519967279,0.001783366890003139,0.00118891125998364,0.00118891125998364,0.0005944556300194997,0,0,0,0,0,0,0,0,0,0,0
1979.386036960986,727382.3473055148,4486714.090771859,40.5,-72.31666666700001,56,0,0.00178507170978191,0.002380095613079453,0.00178507170978191,0.0005950239032421835,0.0005950239032421835,0.0005950239032421835,0,0.0005950239032421835,0.0005950239032421835,0.001190047806539727,0.004165167322861364,0.004165167322861364,0.002380095613079453,0.002380095613079453,0.004165167322861364,0.00178507170978191,0.0005950239032421835,0,0,0,0,0,0,0,0,0,0,0,0,0
1979.386036960986,748499.234879119,4446634.893882335,40.133333333,-72.083333333,69,0,0,0.0005883991519796313,0,0,0,0,0,0,0,0.0005883991519796313,0,0,0,0,0,0,0,0,0,0,0,0,0,0,0,0,0,0,0,0
1979.386036960986,741634.1896010945,4439003.998293082,40.066666667,-72.166666667,72,0,0,0,0,0,0,0,0,0,0,0,0,0,0,0,0,0,0,0,0,0,0,0,0,0,0,0,0,0,0,0
1979.386036960986,728728.4557559595,4442307.655030726,40.1,-72.31666666700001,71,0.0005889558993674442,0,0.001177911798790248,0,0,0,0,0,0,0.0005889558993674442,0.001177911798790248,0,0.0005889558993674442,0,0,0,0,0,0,0,0,0,0,0,0,0,0,0,0,0,0
1979.386036960986,721894.588130824,4432845.593715462,40.016666667,-72.40000000000001,70,0,0.001177354788111686,0.001177354788111686,0,0.0005886773940558431,0,0,0,0,0.0005886773940558431,0.001177354788111686,0.001177354788111686,0,0,0,0,0,0.0005886773940558431,0,0,0,0.0005886773940558431,0,0,0,0,0,0,0,0,0
1979.386036960986,708022.4811490786,4419492.718214556,39.9,-72.56666666700001,65,0.0205551083176978,0.04345937187183046,0.03053901807199235,0.01057119856340326,0.004698310472592915,0.01115848737251197,0.01879324189037166,0.02290426355413266,0.01526950903571937,0.03876106139896075,0.04757039353503786,0.0246661299814588,0.00939662094518583,0.005872888090533545,0.001174577618162069,0.0005872888090533544,0,0,0,0,0,0,0,0,0,0,0,0,0,0,0
1979.386036960986,715407.9228282621,4410439.694023123,39.816666667,-72.483333333,67,0.02233805133666598,0.01998667751140413,0.0141082429493567,0.01528392986198763,0.08229808387309276,0.1622447939153877,0.5078967461790557,0.4902614424895919,0.1645961677406496,0.0599600325331052,0.02351373824874331,0.0141082429493567,0.01175686912464845,0.002351373824874331,0.001175686912464845,0,0,0,0,0,0,0,0,0,0,0,0,0,0,0,0
1979.386036960986,706747.6952293938,4413903.729774422,39.85,-72.583333333,62,0.022285434325773,0.07975839653236418,0.1219834299962106,0.144268864318662,0.1196375948040823,0.06451046778629783,0.09617924288279867,0.2193355904723055,0.1970501561443181,0.05747296220991277,0.02345835192183718,0.01993959913364465,0.01642084634545211,0.009383340769067031,0.002345835192183718,0.003518752788303258,0.001172917596119539,0,0,0,0,0,0,0,0,0,0,0,0,0,0
1979.386036960986,698287.6428387992,4409977.024420815,39.816666667,-72.68333333299999,59,0.009370098077003348,0.00702757355789091,0.02108272067311913,0.02108272067311913,0.03396660552879114,0.02225398293267536,0.02576776971189761,0.07730330913735362,0.1194687504824847,0.1218112749982755,0.06207689975980119,0.02342524519223157,0.012883884855672,0.01991145841356292,0.00702757355789091,0.003513786778890096,0,0.001171262259611579,0,0,0,0,0,0,0,0,0,0,0,0,0
1979.386036960986,694148.2388913159,4404317.243426707,39.766666667,-72.733333333,62,0.01876668153758047,0.02580418711396554,0.05278129182454885,0.06333755018746567,0.07389380855481127,0.05747296220991277,0.06216463259416949,0.1137730068209934,0.09031465489970979,0.06451046778629783,0.02697710471058332,0.02345835192183718,0.01407501115332375,0.01055625836513121,0.002345835192183718,0,0.001172917596119539,0,0,0,0,0,0,0,0,0,0,0,0,0,0
1979.386036960986,704388.2534862241,4395326.572027289,39.683333333,-72.616666667,76,0.001180704776537069,0.003542114329555846,0.001180704776537069,0.001771057164777923,0.001180704776537069,0,0.001771057164777923,0.002951761941314992,0.001771057164777923,0.001180704776537069,0,0,0,0,0,0,0,0,0,0,0,0,0,0,0,0,0,0,0,0,0
1979.386036960986,672524.5793640658,4413054.888336358,39.85,-72.983333333,71,0,0,0,0,0,0,0,0,0,0,0,0,0,0,0.0005889558993674442,0,0.0005889558993674442,0,0,0.0005889558993674442,0,0,0,0,0,0,0,0,0,0,0
1979.386036960986,706346.8716977842,4428704.561557131,39.983333333,-72.583333333,61,0.008206557083280308,0.04337751601249442,0.06448009136902641,0.05275643839354437,0.02227494065485523,0.01993021005986954,0.05510116898908365,0.05979063018016222,0.02696440184538021,0.01524074886934457,0.04337751601249442,0.0375156895241998,0.01993021005986954,0.01641311416711421,0.005861826488294618,0.002344730595262487,0,0,0,0,0,0,0,0,0,0,0,0,0,0,0
1979.386036960986,711781.7966752463,4438111.822344269,40.066666667,-72.516666667,60,0,0.001757720278566564,0.00527316083575505,0.00527316083575505,0,0,0.001757720278566564,0.00527316083575505,0.004101347316673768,0.002343627038107204,0.007616787873806895,0.008202694633458255,0.004101347316673768,0.002929533797647845,0.002343627038107204,0.001757720278566564,0.000585906759540641,0,0,0,0,0,0,0,0,0,0,0,0,0,0
1979.386036960986,708683.789467133,4447283.80124438,40.15,-72.55,59,0,0.0005856311298334691,0.005270680168279783,0.008784466947225239,0.006441942428112801,0.001756893389445048,0.001756893389445048,0.001171262259611579,0.001756893389445048,0.001171262259611579,0,0.003513786778890096,0.005270680168279783,0.002342524519223157,0.0005856311298334691,0.0005856311298334691,0,0,0,0,0,0,0,0,0,0,0,0,0,0,0
1979.386036960986,717096.1363815075,4451224.02364334,40.183333333,-72.45,67,0,0,0,0,0.0005878434562047428,0,0,0,0.0005878434562047428,0.0005878434562047428,0.0005878434562047428,0.002939217281134433,0.005290591106008764,0.005290591106008764,0.001763530368669588,0,0.001763530368669588,0.001175686912464845,0,0,0,0,0,0,0,0,0,0,0,0,0
1979.386036960986,711316.2250886832,4454763.432673782,40.216666667,-72.516666667,60,0,0,0.002343627038107204,0.002343627038107204,0.002343627038107204,0,0,0,0.000585906759540641,0,0.001171813519081282,0.004101347316673768,0.004687254076214409,0.004101347316673768,0.002343627038107204,0.000585906759540641,0,0,0,0,0,0,0,0,0,0,0,0,0,0,0
1979.386036960986,697084.2456128418,4456229.755845711,40.233333333,-72.68333333299999,57,0.0005850806476140003,0.001755241942897361,0.004095564533464081,0,0,0,0,0,0,0,0.001755241942897361,0.00292540323818072,0.002340322590566721,0.005850806476140002,0.002340322590566721,0.0005850806476140003,0.00117016129528336,0.00117016129528336,0,0,0,0,0,0,0,0,0,0,0,0,0
1979.388774811773,725168.0571159248,4466275.480215943,40.316666667,-72.34999999999999,58,0,0,0,0.001170711518585497,0.001170711518585497,0.001170711518585497,0.0005853557593204282,0.0005853557593204282,0.0005853557593204282,0.001170711518585497,0.0005853557593204282,0.002341423037226354,0,0.001170711518585497,0,0.0005853557593204282,0,0,0,0.0005853557593204282,0.0005853557593204282,0,0,0,0,0,0,0,0,0,0
1979.388774811773,725444.8634540589,4457024.212199826,40.233333333,-72.34999999999999,61,0,0,0,0,0,0,0.0005861826488294617,0.00293091324409195,0.00293091324409195,0.001758547946433026,0.001172365297658923,0.0005861826488294617,0.005275643839354438,0.001758547946433026,0.001172365297658923,0.00293091324409195,0,0.0005861826488294617,0,0,0,0,0,0,0,0,0,0,0,0,0
1979.388774811773,729868.0513871906,4451601.845726952,40.183333333,-72.3,67,0.0299800162676598,0.03703413774233815,0.02468942516137423,0.01293255603672578,0.001175686912464845,0.001175686912464845,0.0005878434562047428,0.001763530368669588,0.0005878434562047428,0.005878434562047428,0.01058118221201753,0.01116902566833299,0.005290591106008764,0.004702747649804022,0.003527060737339176,0.004702747649804022,0,0.0005878434562047428,0,0,0,0,0,0,0,0,0,0,0,0,0
1979.388774811773,739625.6403335067,4457461.501490436,40.233333333,-72.18333333299999,65,0.00411102166353956,0.00411102166353956,0.005285599281701629,0.0005872888090533544,0.0005872888090533544,0.0005872888090533544,0.007047465708750973,0.01879324189037166,0.01820595308126294,0.007047465708750973,0.01350764260894683,0.02349155236324138,0.0123330649907294,0.002936444045377492,0.001761866427215423,0,0,0,0,0,0,0,0,0,0,0,0,0,0,0,0
1979.388774811773,730435.2326922187,4479399.339719929,40.433333333,-72.283333333,58,0.001170711518585497,0.002341423037226354,0.001756067277905925,0.0005853557593204282,0.0005853557593204282,0,0,0,0.001170711518585497,0.001756067277905925,0.001170711518585497,0.004682846074452707,0.008194980630264557,0.005853557593204282,0.002926778796491422,0.001756067277905925,0.001170711518585497,0.001756067277905925,0.0005853557593204282,0.0005853557593204282,0,0,0,0,0,0,0,0,0,0,0
1979.388774811773,733550.9708535371,4470235.360228925,40.35,-72.25,61,0.001758547946433026,0.001172365297658923,0.0005861826488294617,0.0005861826488294617,0,0,0,0,0,0.0005861826488294617,0.0005861826488294617,0.001172365297658923,0.001758547946433026,0.001758547946433026,0.001758547946433026,0.0005861826488294617,0.001172365297658923,0.0005861826488294617,0,0,0,0,0,0,0,0,0,0,0,0,0
1979.388774811773,742164.0964919132,4466803.689867749,40.316666667,-72.15000000000001,65,0,0.0005872888090533544,0,0.0005872888090533544,0.0005872888090533544,0,0,0.0005872888090533544,0,0.0005872888090533544,0.002349155236324137,0.005285599281701629,0.002936444045377492,0,0,0.0005872888090533544,0,0.001174577618162069,0,0,0,0,0,0,0,0,0,0,0,0,0
1979.388774811773,765472.4330040058,4528733.36422929,40.866666667,-71.84999999999999,41,0,0,0,0,0,0,0.001744490402440278,0.002325987203253704,0.001162993601626852,0.002325987203253704,0.000581496800813426,0.000581496800813426,0,0.001162993601626852,0.001162993601626852,0.000581496800813426,0,0,0,0,0,0,0.001162993601626852,0.000581496800813426,0,0,0,0,0,0,0
1979.388774811773,756914.4895697746,4532135.679603398,40.9,-71.95,35,0,0,0,0,0,0,0,0,0,0,0,0,0.0005798716120926983,0,0,0,0,0,0,0,0,0,0,0,0,0,0,0,0,0,0
1979.388774811773,747272.0525055396,4526247.953260852,40.85,-72.06666666700001,38,0,0,0,0,0,0,0,0,0,0,0,0.0005806830693093964,0,0.001742049207983549,0.001742049207983549,0,0,0,0,0.0005806830693093964,0.0005806830693093964,0,0,0,0,0,0,0,0,0,0
1979.388774811773,737555.2455539653,4522223.996616306,40.816666667,-72.18333333299999,39,0,0.0005809540599841497,0,0.001161908119968299,0.0005809540599841497,0,0,0,0,0,0,0,0,0,0.001742862179952449,0,0,0.001742862179952449,0.001161908119968299,0.001161908119968299,0.001161908119968299,0,0.001161908119968299,0.0005809540599841497,0,0.0005809540599841497,0,0,0,0,0
1979.388774811773,727714.5845889384,4521914.0937276,40.816666667,-72.3,33,0,0,0,0,0,0,0,0,0,0,0,0,0,0,0,0,0,0,0,0,0,0,0,0,0,0,0,0,0,0,0
1979.388774811773,720685.6262572,4521700.774079926,40.816666667,-72.383333333,28,0,0,0,0,0,0,0,0,0,0,0,0,0,0,0,0,0,0,0,0,0,0,0,0,0,0,0,0,0,0,0
1979.388774811773,723609.1244894832,4518084.525471805,40.783333333,-72.34999999999999,35,0,0.002319486448315434,0.005218844508723566,0.004638972896630868,0.005218844508723566,0.0005798716120926983,0,0,0,0,0.0005798716120926983,0.0005798716120926983,0,0,0,0,0,0,0,0,0,0,0,0,0,0,0,0,0,0,0
1979.388774811773,721182.3438085637,4505047.497064539,40.666666667,-72.383333333,41,0,0.000581496800813426,0.000581496800813426,0.001162993601626852,0.002325987203253704,0.00290748400406713,0.001162993601626852,0,0,0.000581496800813426,0,0,0,0.000581496800813426,0,0.001162993601626852,0.001162993601626852,0.000581496800813426,0.001162993601626852,0.001744490402440278,0,0,0.000581496800813426,0,0,0,0,0,0,0,0
1979.388774811773,749113.2836824066,4513342.003805362,40.733333333,-72.05,49,0.0005836779430084611,0.003502067657884687,0.018677694175385,0.03560435452196605,0.02451447360546961,0.007587813258888556,0.002334711771923125,0.0005836779430084611,0.001751033828970024,0.003502067657884687,0.002334711771923125,0.003502067657884687,0.006420457372650195,0.007587813258888556,0.003502067657884687,0.003502067657884687,0.004085745600893149,0.002918389714931586,0,0.0005836779430084611,0.001167355885961562,0,0,0,0,0,0,0,0,0,0
1979.388774811773,760244.1018485771,4517430.209204149,40.766666667,-71.916666667,41,0,0,0,0,0,0,0,0,0.000581496800813426,0,0,0,0.000581496800813426,0,0,0,0.000581496800813426,0,0,0,0.001744490402440278,0.000581496800813426,0.000581496800813426,0,0,0,0,0,0,0,0
1979.388774811773,772291.2712679824,4534541.292650474,40.916666667,-71.766666667,48,0.002975871852419975,0.004761394963894103,0.01606970800310108,0.02499732356019493,0.01726005674382549,0.004761394963894103,0.001785523111474129,0.002975871852419975,0.002380697481947051,0.01130831303909626,0.01845040548510349,0.02618767230147293,0.01249866178037426,0.004761394963894103,0.009522789928009647,0.006546918075091435,0.005356569334367027,0.001785523111474129,0.000595174370472923,0,0.001190348740945846,0,0,0,0,0,0,0,0,0,0
1979.388774811773,769686.9122094139,4528886.328643415,40.866666667,-71.8,49,0.0005954590586883488,0.0005954590586883488,0.0005954590586883488,0.0005954590586883488,0.0005954590586883488,0,0,0.0005954590586883488,0.0005954590586883488,0.002381836234864115,0.0005954590586883488,0.00476367246967287,0.002381836234864115,0.001190918117432057,0.001786377176120406,0.003572754352240813,0.002381836234864115,0,0.0005954590586883488,0.0005954590586883488,0.001190918117432057,0.0005954590586883488,0,0.0005954590586883488,0,0,0,0,0,0,0
1979.388774811773,726987.6344681443,4499666.421405675,40.616666667,-72.31666666700001,51,0.001192058505951554,0.0005960292530034571,0.002384117011958469,0.008344409541605521,0.008344409541605521,0.005364263276865035,0,0.0005960292530034571,0,0.0005960292530034571,0,0,0.002980146264906566,0.001788087758955012,0.001788087758955012,0.001192058505951554,0.001788087758955012,0,0,0,0,0,0,0,0,0,0,0,0,0,0
1979.388774811773,732801.2298589654,4494289.573502772,40.566666667,-72.25,51,0.0005960292530034571,0.001788087758955012,0.002384117011958469,0,0.0005960292530034571,0.0005960292530034571,0,0,0.001788087758955012,0.001192058505951554,0.002980146264906566,0.007152351035820046,0.004768234023861578,0.005960292530034571,0.004768234023861578,0.008344409541605521,0.001788087758955012,0,0,0,0,0,0,0,0,0,0,0,0,0,0
1979.388774811773,738445.595826523,4494468.032031556,40.566666667,-72.18333333299999,53,0.00298300270153666,0.002386402161251472,0.003579603241877208,0.001789801620910924,0,0,0,0,0.001789801620910924,0.001193201080625736,0.004176203782162395,0.01193201080625736,0.01312521188704917,0.006562605943247788,0.004772804322502944,0.002386402161251472,0.004772804322502944,0.0005966005402851881,0,0,0,0,0,0,0,0,0,0,0,0,0
1979.388774811773,752431.2578513867,4498633.7449174,40.6,-72.016666667,55,0,0,0.0005971729238551238,0.001791518771510012,0.001194345847654888,0,0,0.0005971729238551238,0.001194345847654888,0.002388691695309776,0.0005971729238551238,0.0005971729238551238,0.002985864619164899,0.001791518771510012,0.002985864619164899,0.0005971729238551238,0.001194345847654888,0.0005971729238551238,0.0005971729238551238,0,0.0005971729238551238,0,0,0,0,0,0,0,0,0,0
1979.388774811773,742558.3456143159,4498305.453835253,40.6,-72.133333333,54,0,0.0005968865948334514,0.004775092758778331,0.004178206163944879,0.005371979353667141,0.001790659784555714,0.0005968865948334514,0.001790659784555714,0.001193773189722262,0,0.001193773189722262,0.002984432974222616,0.007759525732945587,0.007162639138444294,0.0005968865948334514,0.002387546379389165,0.0005968865948334514,0.0005968865948334514,0.0005968865948334514,0.0005968865948334514,0,0,0,0,0,0,0,0,0,0,0
1979.388774811773,739558.6603147273,4503765.222771167,40.65,-72.166666667,50,0.000595744019439594,0.000595744019439594,0.004170208135911078,0.01131913636874333,0.02502124881546647,0.009531904310812064,0.000595744019439594,0,0.000595744019439594,0.000595744019439594,0.001787232058263422,0.005361696174734907,0.007148928232832251,0.004170208135911078,0.004765952155295313,0.003574464116471485,0.001787232058263422,0.002978720097087251,0.000595744019439594,0,0,0,0,0,0,0,0,0,0,0,0
1979.388774811773,746605.4201719905,4503995.761590862,40.65,-72.083333333,52,0,0,0.003577888558936895,0.002385259039291263,0.005963147598228157,0.002385259039291263,0,0.0005963147598228158,0,0.004770518078582526,0.002385259039291263,0,0.001788944279468448,0.002981573799114079,0.004174203318759711,0.001192629519645632,0.003577888558936895,0.001192629519645632,0,0,0,0,0,0,0,0,0,0,0,0,0
1979.388774811773,749237.692176495,4509641.13133561,40.7,-72.05,49,0,0.001786377176120406,0.002977295293552463,0.003572754352240813,0.001786377176120406,0.001786377176120406,0,0,0,0,0,0,0.001190918117432057,0.0005954590586883488,0.0005954590586883488,0.001190918117432057,0,0.001190918117432057,0.0005954590586883488,0.0005954590586883488,0.0005954590586883488,0,0,0,0,0,0,0,0,0,0
1979.388774811773,754807.35752027,4511683.029292416,40.716666667,-71.983333333,48,0,0,0,0,0,0.000595174370472923,0,0,0,0,0,0,0,0.000595174370472923,0.000595174370472923,0,0,0.000595174370472923,0.001190348740945846,0,0.000595174370472923,0,0.000595174370472923,0,0,0,0,0,0,0,0
1979.388774811773,767679.4809062453,4506578.042864695,40.666666667,-71.833333333,56,0.002389838110618734,0.006572054804395278,0.004182216693555105,0.003584757165928101,0.002987297638245738,0,0,0.001194919055309367,0.004182216693555105,0.004779676221237468,0.001792378582936371,0.002987297638245738,0.005377135748864472,0.01194919055309367,0.008961892914681854,0.002987297638245738,0.001792378582936371,0.001194919055309367,0.0005974595276270037,0.0005974595276270037,0,0,0,0,0,0,0,0,0,0,0
1979.388774811773,763189.5052502884,4513828.746446711,40.733333333,-71.883333333,52,0,0,0,0.0005963147598228158,0.0005963147598228158,0,0.0005963147598228158,0,0,0,0,0,0.0005963147598228158,0.0005963147598228158,0,0,0,0,0,0.0005963147598228158,0.0005963147598228158,0,0,0,0.0005963147598228158,0,0,0,0,0,0
1979.388774811773,767345.617699636,4515830.494751063,40.75,-71.833333333,52,0,0.001192629519645632,0,0.001192629519645632,0.001788944279468448,0,0.0005963147598228158,0,0.001192629519645632,0.0005963147598228158,0.001192629519645632,0.002981573799114079,0.001192629519645632,0.002385259039291263,0.002385259039291263,0.001192629519645632,0.002385259039291263,0.001788944279468448,0,0,0,0.0005963147598228158,0,0,0,0,0,0,0,0,0
1979.388774811773,792142.2794017589,4494526.55950564,40.55,-71.55,74,0,0,0,0,0,0,0,0,0,0,0,0,0,0,0,0,0,0,0,0,0,0,0,0,0,0,0,0,0,0,0
1979.388774811773,795331.295790764,4485385.051011827,40.466666667,-71.516666667,73,0,0,0,0,0,0,0,0,0,0,0,0,0,0,0,0,0,0,0,0,0,0,0,0,0,0,0,0,0,0,0
1979.388774811773,778164.6372677953,4490285.745438488,40.516666667,-71.716666667,71,0,0,0,0,0,0,0,0,0,0,0,0,0,0,0,0,0,0,0,0,0,0,0,0,0,0,0,0,0,0,0
1979.388774811773,767395.339636181,4475069.814538428,40.383333333,-71.84999999999999,73,0,0,0,0,0,0,0,0,0,0.0005950230570691182,0,0,0,0,0,0,0,0,0,0,0,0,0,0,0,0,0,0,0,0,0
1979.388774811773,773324.7827283541,4467872.073250986,40.316666667,-71.783333333,73,0,0,0,0,0,0,0,0,0,0,0,0,0,0,0,0,0,0,0,0,0,0,0,0,0,0,0,0,0,0,0
1979.388774811773,765021.7065209019,4462016.709081376,40.266666667,-71.883333333,73,0,0,0,0,0,0,0,0,0,0,0,0,0,0,0,0,0,0,0,0,0,0,0,0,0,0,0,0,0,0,0
1979.388774811773,738563.9653667649,4490767.305803508,40.533333333,-72.18333333299999,56,0.0005902271005407734,0.002360908402163094,0.002951135502703867,0.00177068130162232,0.0005902271005407734,0,0,0.001180454201081547,0.001180454201081547,0.0005902271005407734,0.002951135502703867,0.004131589703730053,0.007672952306808614,0.0053120439048116,0.0053120439048116,0.002360908402163094,0.00177068130162232,0,0.0005902271005407734,0,0,0,0,0,0,0,0,0,0,0,0
1979.388774811773,746231.1452879217,4472492.759460405,40.366666667,-72.09999999999999,62,0,0,0,0,0,0,0,0,0.001183821875769585,0,0,0.001775732813654378,0.001775732813654378,0.0005919109378847927,0,0,0,0.0005919109378847927,0,0,0,0,0,0,0,0,0,0,0,0,0
1979.388774811773,757235.9890543708,4482124.741966937,40.45,-71.966666667,68,0.0005936044102530162,0,0.0005936044102530162,0,0,0,0,0,0,0,0,0,0,0,0,0,0,0,0,0,0,0,0,0,0,0,0,0,0,0,0
1979.388774811773,755378.9991796874,4495029.108701723,40.566666667,-71.983333333,60,0,0.0005913485923023416,0.001182697184549324,0,0,0,0.0005913485923023416,0.0005913485923023416,0,0,0,0.001182697184549324,0.00354809155370333,0.004730788738252654,0,0,0,0.0005913485923023416,0.001182697184549324,0.0005913485923023416,0.0005913485923023416,0,0,0,0,0,0,0,0,0,0
